"Original	Titulo	Anio	Sinopsis	Link_Imagen	Generos	Puntuacion_IMDb	Temporadas	Episodios";;
"(Des)encanto	(Des)encanto	2018	«(Des)encanto» narra las desventuras de Bean, una princesa aficionada a la bebida en el mundo medieval en ruinas de Dreamland. Ahí viaja acompañada por Elfo, su enérgico acompañante, y Luci, su demonio personal. En el camino, este trío disfuncional se encontrará con ogros, arpías, trolls, duendecillos, diabillos, morsas y muchos humanos tontos.	https://image.tmdb.org/t/p/original/7aHRcC94liRO8rVHtk9aVabXbgF.jpg	Animación. Comedia. Fantástico | Edad Media. Fantasía medieval	9.7	5	50";;
"¡Scooby Doo! en el Misterio del Faraón [2005][720p][1.12 Gb]	¡Scooby Doo! en el Misterio del Faraón	2005	La arqueóloga y superdetective Velma está en Egipto para asistir a una ceremonia donde se dará a conocer a una misteriosa Esfinge restaurada, una mítica criatura con cabeza de hombre y cuerpo de león y descubrir también una tumba oculta que pertenece a la mismísima Cleopatra. Pero Velma, Scooby-Doo y la Compañía del Misterio tendrán que tener mucho cuidado con la maldición del Faraón: ¡El Nilo se dividirá, el desierto se alzará y todo aquel que se atreva a entrar en la tumba se convertirá en piedra! Pero nuestros amigos no se detienen ante nada y se enfrentarán a algo todavía más terrorífico: ¡un ejército de momias vivientes!	https://image.tmdb.org/t/p/w500/kxv1K6ZAxicTsceAhMLUIuTj7Uy.jpg	Misterio, Animación, Familia, Aventura, Comedia, Fantasía	7.4	0	0";;
"¡Scooby-Doo! ¡Piratas a babor [2006][720p][1.09 Gb]	¡Scooby-Doo! ¡Piratas a babor!	2006	""El miedo reina en Altamar cuando Scooby-Doo y su pandilla toman un aterrador crucero hacia uno de los lugares más misteriosos del planeta, el legendario ¡Triángulo de las Bermudas! La banda debe enfrentarse al peligro constantemente";" desde apariciones alienígenas hasta espantosos Piratas Fantasma, a los que les encanta hundir cruceros a cañonazos. Pero las cosas empeoran todavía mas cuando los Piratas Fantasma secuestran a los padres de Fred, convirtiendo a su madre en un pirata. Si Scooby-Doo, Shaggy y la pandilla del Misterio no logran resolver este misterio marítimo, serán lanzados al mar, ¡y se convertirán en las próximas víctimas del Triángulo!.""	https://image.tmdb.org/t/p/w500/vqy0hBB6fazUZ5joQf8LlIPT8YA.jpg	Fantasía, Animación, Comedia, Familia, Misterio, Aventura	7.5	0	0";
"¡Scooby-Doo! Y la maldición del fantasma número trece [2019][1080p][3 1 Gb]	¡Scooby-Doo! Y la maldición del fantasma número 13	2019	Después de que los miembros de Misterios S.A. echasen a perder un caso al atrapar a un hombre inocente, se ven obligados a retirarse de las investigaciones criminales. Pero, al poco tiempo, su viejo amigo Vincent Van Ghoul necesita ayuda, así que consigue que el equipo vuelva a la acción. Todo comenzó un verano cuando Scooby-Doo, Shaggy y Daphne cazaron en secreto a 12 de los fantasmas más espeluznantes del mundo, aunque no pudieron pillar al más malvado de todos... al fantasma número 13. Con el 13º fantasma suelto, la pandilla tendrá que ver más allá de los secretos ocultos y resolver algunos asuntos pendientes.	https://image.tmdb.org/t/p/w500/zo40Q5LMzP0lGt7pwRre3DLEhQW.jpg	Comedia, Familia, Animación, Aventura, Misterio	7.9	0	0";;
"101 Dalmatas [1961][1080p][3.8 Gb]	101 dálmatas	1961	Pongo y Perdita, los dalmatas protagonistas, son una feliz pareja canina que vive rodeada de sus cachorros junto a sus amos, Roger y Anita. Pero la felicidad no es eterna y hay una malvada mujer, que vive en una gran mansion, que es la mayor enemiga del perro.Cuando se entera de que los protagonistas tienen nada menos que quince cachorros dalmatas, su sueño de obtener un exclusivo abrigo de piel de los pequeños perros, se convierte en una obsesion. Para conseguirlo contrata a dos ladrones y pone en marcha un malvado plan con el unico fin de secuestrar a los dalmatas.	https://image.tmdb.org/t/p/w500/2Bt5iwJ0bMPWgIMBVTJPtI7onbe.jpg	Aventura, Animación, Comedia, Familia	7.175	0	0";;
"101 Dalmatas 2 [2003][1080p][3.3 Gb]	101 dálmatas 2	2003	""Perdido en un mar de manchas, el pequeño Patch quiere destacar sobre los demás cachorros y sueña con convertirse en un perro """"único en su especie"""" como su estrella favorita de televisión, Relámpago. Cuando Patch se separa accidentalmente de su familia, tiene la oportunidad de conocer a su héroe y milagrosamente, convertirse en su socio en la vida real. Mientras, Cruella se ha convertido en mecenas de un excéntrico artista cuya pintura se compone de juegos de manchas. Para inspirarle, Cruella secuestra a todos los cachorros de Dálmatas. Juntos Patch y Relámpago planean rescate y Patch descubre que realmente es un perro único.""	https://image.tmdb.org/t/p/w500/tBZbbkloDEeA8Fy8KjNBNVAhByv.jpg	Familia, Animación, Aventura, Comedia	6.028	0	0";;
"Abominable [2019] [latino] [1,48 Gb]	Abominable	2019	Yi es una adolescente más en la enorme ciudad de Shanghai. Un día, se encuentra a un joven yeti en la azotea de su edificio. La supuestamente “abominable” criatura, que se ha escapado del laboratorio donde estaba encerrado, está siendo buscada por toda la ciudad. Junto con sus ingeniosos amigos Jin y Peng, Yi decide ayudarle a huir, le bautizan como “Everest” y los cuatro se embarcan en una épica aventura para reunir a la mítica criatura con su familia en el pico más alto del mundo.	https://image.tmdb.org/t/p/w500/436T2Ct0SyQlb262ogsHLumepwi.jpg	Familia, Animación, Aventura, Comedia, Fantasía	7.455	0	0";;
"Aladdin [1992][1080p][4.19 Gb]	Aladdin	1992	Aladdín es un ingenioso joven que vive en una extrema pobreza, y que sueña con casarse con la bella hija del sultán, la princesa Jasmine. El destino interviene cuando el astuto visir del Sultán, Jafar, recluta a Aladdín para que le ayude a recuperar una lámpara mágica de las profundidades de la Cueva de las Maravillas. Aladdín encuentra una lámpara maravillosa con un genio dentro, y sus deseos comienzan a hacerse realidad.	https://image.tmdb.org/t/p/w500/5ALwczKzFxbsiMDlHuy7aREDCzr.jpg	Animación, Familia, Aventura, Fantasía, Romance	7.654	0	0";;
"Aladdín 2 - El Regreso de Jafar [1994][1080p][2.9 Gb]	El retorno de Jafar	1994	Aladdín y Jasmine viven felices en el palacio real, rodeados de lujos y de la magia del genio. Pero, muy lejos de allí, algo se remueve en las arenas del desierto: Iago, el loro dentudo de Jafar, ha logrado escapar de la lámpara que los mantenía presos a ambos. Tras traicionar a su amo, Iago decide vivir una nueva vida en donde él es el jefe. Pero Jafar esconde más de un as en la manga.	https://image.tmdb.org/t/p/w500/dpnjhDsWimMUOMsuz2AVsqeU9vL.jpg	Familia, Aventura, Animación, Romance	6.242	0	0";;
"Aladdín 3 - El Rey de los Ladrones [1996][1080p][3.4 Gb]	Aladdín y el rey de los ladrones	1996	Por fin Aladdín se va a casar con la princesa Jasmine. A pesar de la presencia y ánimo de sus amigos Genio, Alfombra y el mono Abú, está algo preocupado: tiene miedo porque no sabe qué tipo de padre va a ser, si él nunca tuvo ninguno. Pero todas sus preocupaciones quedarán de lado cuando 40 ladrones irrumpen en la boda para robar un mágico talismán.	https://image.tmdb.org/t/p/w500/8hNo4sagsaO6ZnZO52QKX7Ggco6.jpg	Aventura, Animación, Familia	6.259	0	0";;
"Alice in Wonderland [1951][1080p][2.9 Gb]	Alicia en el país de las maravillas	1951	Historia de magia y fantasía en el que la joven Alicia se sumerge en el sorprendente País de las Maravillas y conoce a extraordinarios personajes como Tweedledee y Tweedledum, el Sombrerero Loco, La Reina de Corazones y el frenético Conejo Blanco.	https://image.tmdb.org/t/p/w500/zOJKtTdToc8FcjmmbavkjUxv2Ue.jpg	Animación, Familia, Fantasía, Aventura	7.2	0	0";;
"Alvin y Las Ardillas - Fiesta Sobre Ruedas [2015][1080p][3 Gb]	Alvin y las ardillas: Fiesta sobre ruedas	2015	""Tras una serie de malentendidos Alvin, Simon y Theodore piensan que Dave se va a declarar a su nueva novia en Nueva York... y por tanto se olvidará de ellos. Tienen tres días para llegar e intentar romper el """"compromiso"""" y salvarse así de la pérdida de Dave.""	https://image.tmdb.org/t/p/w500/isz4uh337srL6PIYiKXTS5Htssq.jpg	Familia, Comedia, Música, Aventura, Animación	6.035	0	0";;
"Alvin y Las Ardillas 2 [2009][1080p][1.75 Gb]	Alvin y las ardillas 2	2009	Las ardillas más famosas y divertidas del cine regresan a la gran pantalla para protagonizar una nueva aventura. En ella, Alvin y sus compañeros deben enfrentarse a la presión de la escuela, a los problemas de la celebridad y a un grupo de chicas ardilla que les está haciendo la competencia	https://image.tmdb.org/t/p/w500/1DqgIFHVJwjlaIITCcYtobrirfd.jpg	Comedia, Familia, Animación, Fantasía, Música	5.7	0	0";;
"Alvin y Las Ardillas 3 [2011][1080p][1.79 Gb]	Alvin y las ardillas 3	2011	Tercera entrega de la saga Alvin y las ardillas. Las ardillas se embarcan en un crucero de lujo y acaban en una isla desierta, pero pronto averiguarán que no está tan desierta como parece.	https://image.tmdb.org/t/p/w500/ipy52l2X0sj5cLuuA6DggMdx8yW.jpg	Comedia, Fantasía, Familia, Música, Animación	5.702	0	0";;
"Amos del Universo - Revelación	Masters del Universo: Revelación	2021 - 2021	La guerra por Eternia comienza de nuevo en lo que podría ser la batalla final entre He-Man y Skeletor. Una nueva serie de animación del guionista y director Kevin Smith.	https://image.tmdb.org/t/p/w500/wiztE6hmiPKF8THl4kupEq1Acsv.jpg	Action & Adventure, Sci-Fi & Fantasy, Animación	6.547	1	10";;
"Amos del Universo - Revolución	Masters del Universo: Revolución	2024 - 2024	La tecnología y la magia se ven las caras mientras He-Man y sus amigos luchan contra los siniestros planes de Skeletor en una batalla épica por el control de Eternia.	https://image.tmdb.org/t/p/w500/8O7RRcM6ttpUHHfF8lSzDLkvEyG.jpg	Animación, Action & Adventure, Sci-Fi & Fantasy	7.81	1	5";;
"Amphibia	Amphibian	1985		https://image.tmdb.org/t/p/w500/bQGuJ2cedypCMUVwPQWLR1u2oIx.jpg		0.0	0	0";;
"Ana y Bruno [2017][720p][580 Mb]	Ana y Bruno	2017	Ana, una niña de nueve años, llega con su madre a una playa aislada con la intención de descansar y conocer el mar. Allí, descubre que están bajo una terrible amenaza, por lo tanto, está obligada a buscar ayuda con su padre para salvar a su madre.	https://image.tmdb.org/t/p/w500/fRUzFQ7SU7Ef9An6G3NCNosytzQ.jpg	Animación, Aventura, Misterio, Familia, Fantasía	7.6	0	0";;
"Anastasia [1997][1080p][3.22 Gb]	Anastasia	1997	Cuando la sombra de la revolución se cierne sobre Rusia, Anastasia, la hija más joven de la familia real, apenas consigue escapar con vida. Años despúes conoce al joven Dimitri. Cuando se dirigen a París para reclamar los derechos del legado de Anastasia, se verán envueltos en una cruenta lucha contra el malvado monje Rasputín y su sicario, el murciélago Bartok.	https://image.tmdb.org/t/p/w500/bppGWGA8zq1sRvTdDJnUzVW9GcH.jpg	Animación, Familia, Fantasía, Aventura	7.6	0	0";;
"Angry Birds 2 [2019][1080p][3.9 Gb]	Angry Birds 2: La película	2019	En esta nueva aventura, tanto los cerdos como los pájaros tendrán que aunar sus fuerzas para hacer frente a Zeta. Zeta ha venido desde su isla helada en busca de un lugar más cómodo para vivir, pero su llegada está a punto de poner la vida de Red, Chuck, Bomb, Leonard y compañía patas arriba.	https://image.tmdb.org/t/p/w500/yIkmA2y50NYJkAYT9nZ5pcle9tP.jpg	Animación, Aventura, Comedia, Familia	7.0	0	0";;
"Angry Birds, La Pelicula [2016][1080p][2.8 Gb]	Angry Birds: La película	2016	""Basada en la colección de videojuegos """"Angry Birds"""", la historia se desarrolla en una isla poblada por aves felices que no vuelan. En este paraíso, Red, un pájaro con muy mal genio, el veloz Chuck y el volátil Bomb nunca han terminado de encajar. Pero cuando llegan a la isla unos misteriosos cerdos verdes, serán estos tres marginados los que averigüen qué traman los extraños visitantes.""	https://image.tmdb.org/t/p/w500/wHlxud7DzsolgvasBFt6gFHIUwP.jpg	Animación, Aventura, Comedia, Familia	6.27	0	0";;
"Animals	Animals	2008		https://image.tmdb.org/t/p/w500/2HUP1vWpWYZLCJ94qcykZ07v3lb.jpg	Terror, Suspense	3.8	0	0";;
"Appleseed Alpha [2014][1080p][2.62 Gb]	Appleseed: Alpha	2014	Basado en el manga de Masamune Shirow (el creador de Ghost in the Shell), Cuenta el pasado de la soldado Deunan y el cyborg Briareos, sobreviviendo en el New York Apocalíptico de Post- Tercera Guerra Mundial, en busca de la legendaria ciudad Olympus.	https://image.tmdb.org/t/p/w500/be1Oa4JihT875bPJpv7QaWvYiYt.jpg	Animación, Ciencia ficción, Acción	6.733	0	0";;
"Arcane	Arcane Bloom	2022		No disponible	Documental	0.0	0	0";;
"Astro Boy [2009][1080p][2.9 Gb]	Astro Boy	2009	""""""Astro Boy"""" es la adaptación cinematográfica de un cómic del prestigioso Osamu Tezuka que dio origen a una popular serie de televisión japonesa de los 60. Su protagonista es un joven robot con increíbles poderes que ha sido creado por un brillante científico para reemplazar al hijo que perdió. Sintiéndose incapaz de colmar las expectativas que el hombre ha depositado en él, se embarcará en un viaje en busca de aceptación, experimentará la traición y descubrirá un mundo de robots gladiadores.""	https://image.tmdb.org/t/p/w500/hApPA4YBApDjXFX8Pb15om9zD0W.jpg	Animación, Acción, Familia, Ciencia ficción	6.34	0	0";;
"Atlantis - El imperio perdido [2001][1080p][2.00 Gb]	Atlantis: El imperio perdido	2001	Un joven aventurero llamado Milo encuentra un antiguo diario que contiene pistas de cómo llegar a Atlantis, el mítico reino hundido. Junto a otros intrépidos personajes Milo decide embarcarse en el Ulises, un impresionante submarino, en una arriesgada expedición al fondo del mar.	https://image.tmdb.org/t/p/w500/uR7AKWMDTwyAub5r4QoPPiJImvx.jpg	Animación, Familia, Aventura, Ciencia ficción	7.044	0	0";;
"Atlantis 2 -  El Regreso de Milo [2003][1080p][1.50 Gb]	Atlantis: El regreso de Milo	2003	En la primera expedición (Atlantis: El Imperio Perdido), Milo y sus acompañantes encontraron la famosa ciudad perdida de Atlantis y salvaron al misterioso reino y a sus habitantes. Ahora, Milo, Kida y su equipo vivirán nuevas aventuras y descubrirán que poseen nuevos poderes. En su nueva misión, el equipo se enfrentará a enormes monstruos marinos, a espíritus espectaculares y poderosas leyendas recorriendo desde el polvoriento desierto del sudoeste hasta las heladas montañas nórdicas. A lo largo de esta aventura, Kida descubre el increíble poder de los cristales encantados de su ciudad y tiene que decidir si oculta ese poder en el Corazón de Atlantis o lo comparte con el resto del mando... Secuela directa a vídeo de la película de Disney de 2001.	https://image.tmdb.org/t/p/w500/cGL75ElUUClVs8kpXbVcaUxmgbd.jpg	Fantasía, Animación, Ciencia ficción, Familia, Acción	6.333	0	0";;
"Avatar - La Leyenda de AangAvatar - La Leyenda de Aang2005	El mundo está dividido en cuatro naciones, correspondientes a los cuatro elementos: La Tribu del Agua, El Reino de la Tierra, la Nación del Fuego y los Nómadas del Aire. En cada nación hay una notable orden llamada de los «Maestros» que aprenden a potenciar su talento nato y manipular su elemento nativo, combinando artes marciales y magia elemental. En cada generación, sólo un Maestro es capaz de controlar los cuatro elementos, y recibe el nombre de Avatar, el espíritu del mundo manifestado en forma humana, capaz de mantener la armonía de las cuatro naciones. Airbender'.https://image.tmdb.org/t/p/original/ucNtkZfpZ6KgxqPo039nN4LAyFR.jpgAnimación, Fantástico, Aventuras, Fantasía	9.93	61";;
"Avatar - La Leyenda de Korra	La leyenda de Korra	2012 - 2014	Korra es una maestra agua nativa de la Tribu Agua del Sur, según sigue el ciclo del Avatar. Korra ya tiene control sobre el agua control, la tierra control y el fuego control, pero todavía no controla el aire control. Ella aprenderá aire control de un maestro aire, Tenzin, el hijo de Aang y Katara. Como no sucedía en la anterior serie, Avatar: La leyenda de Korra será ambientada en dos únicos lugares, la Ciudad República, una ciudad donde las personas de todas las naciones, maestros y no maestros, viven juntos y por primera vez el Imperio de la Magia, donde habitan maestros y no maestros del poder de la magia, ellos intentarán dominar Ciudad República y las otras 4 naciones. Ciudad República está rodeada del crimen y una revolución de anti-maestros.	https://image.tmdb.org/t/p/w500/eMo4uWsN3qceNhBPcuw5T2lFsc5.jpg	Animación, Action & Adventure, Sci-Fi & Fantasy, Drama	8.217	4	52";;
"Avengers Confidential - Black Widow & Punisher [2014][1080p][2 Gb]	Los Vengadores: Justicia y venganza	2014	En esta película, y una vez más, el destino del mundo está en peligro, puesto que una organización de criminales se quiere hacer con tecnología secreta de S.H.I.E.L.D., que si cae en malas manos puede ser muy peligrosa.  S.H.I.E.L.D. también está en peligro, puesto que lo primero que harían los terroristas sería eliminar esa unidad para tener el camino libre y llevar a cabo sus intenciones sin que nadie opusiese resistencia.  Para evitar esto tanto de Punhiser como la Vida Negra van a tener que colaborar, aunque lo cierto es que el primero lo hace de mala gana y tras ser detenido al molestar a S.H.I.E.L.D. en una de sus investigaciones.  Ambos van a hacer lo posible, bajo una enorme responsabilidad, pues la estabilidad del mundo que conocemos depende de ellos y de nadie más, puesto que ellos son los únicos con la capacidad necesaria para hacer que los terroristas no lleven a cabo su maligno plan.	https://image.tmdb.org/t/p/w500/4tOusszxyHiqhVkhA0Ng19eZFtp.jpg	Animación, Ciencia ficción, Acción	6.375	0	0";;
"Aventuras con los Kratt	Los Hermanos Kratt	2011 - 2025	Wild Kratts es una serie de televisión dirigida a niños entre los 5 y los 8 años de edad, que transforma a los hermanos Kratt (aventureros y reconocidos zoólogos creadores de la famosa y premiada serie Zoboomafoo) en la versión animada de ellos mismos. En todos los episodios, Chris y Martin Kratt emprenden una misión para salvar a los animales de la tierra de los malvados Zach Varmitech, Donita Donata y el chef Gourmond.  Cada episodio se inicia con un segmento en vivo en el que los dos hermanos presentan a algunos animales. Después, los Kratt se convierten en versiones animadas de ellos mismos y la aventura comienza, ofreciéndoles a los niños un vistazo sin precedentes de la vida secreta de extraordinarias criaturas que habitan en algunos de los lugares más exóticos del planeta. Sin embargo, los animales no siempre cooperan con Chris y Martin y ambos zoólogos necesitan la ayuda de sus amigos para solucionar los problemas que van surgiendo en su camino.	https://image.tmdb.org/t/p/w500/7Nn1AZb6LJv0WedeK7o4yU6Aioh.jpg	Familia, Animación, Comedia	7.516	7	173";;
"Babylon 5 The Road Home (2023)	Babylon 5: El viaje a casa	2023	Viaja a través de la galaxia con John Sheridan mientras se encuentra inesperadamente transportado a través de múltiples líneas temporales y realidades alternativas en una búsqueda para encontrar el camino de vuelta a casa. Por el camino se reencuentra con algunas caras conocidas, mientras descubre nuevas revelaciones cósmicas sobre la historia, el propósito y el significado del Universo.	https://image.tmdb.org/t/p/w500/wRU8I8q7N23bFA6vtxktgPrjZxu.jpg	Animación, Ciencia ficción, Acción, Aventura	6.969	0	0";;
"Bailarina [2016][1080p][3 3 Gb]	La Bailarina	2016	Nada destinaba a Loïe Fuller, oriunda del oeste de Estados Unidos, a convertirse en un icono de la Belle Époque y mucho menos en bailarina del teatro de la Ópera de París. A pesar de sufrir dolores de espalda y de tener los ojos dañados por las luces del teatro, no dejará de perfeccionar su danza. Sin embargo, la llegada de Isadora Duncan, joven prodigiosa sedienta de éxito, precipitará su caída.	https://image.tmdb.org/t/p/w500/2H7DZ9XhcivOrPKCJZuF5gY7smZ.jpg	Drama, Historia	6.5	0	0";;
"Bajoterra	Bajoterra: el regreso de los elementales	2014		https://image.tmdb.org/t/p/w500/ApN2lteDsoIU5dDHJXeqVD13vpd.jpg	Familia, Animación, Aventura	6.986	0	0";;
"Barbie - Pulgarcita [2009][720p][700 Mb]	Barbie presenta: Pulgarcita	2009	Conoce a una pequeña niña llamada Pulgarcita que vive en armonía con la naturaleza en el mundo mágico de las DulceFlores que se oculta entre las flores silvestres. Debido al capricho de una niña consentida llamada Makena, el precioso jardín de Pulgarcita y sus amigas es llevado a un lujoso departamento en la ciudad, donde descubrirán el plan que amenaza destruir la tierra de los DulceFlores. Usando la magia de la naturaleza, Pulgarcita demostrará que hasta la persona más pequeña puede hacer los cambios más grandes.	https://image.tmdb.org/t/p/w500/e84WWGGJVAdRAACEazoTXiajqk.jpg	Animación, Familia	6.633	0	0";;
"Barbie - Skipper y su Gran Aventura como Canguro [2023][1080p][2.70 Gb]	Barbie Skipper y su gran aventura como canguro	2023	Cuando su negocio de canguros sufre un revés, Skipper acepta un trabajo en el parque acuático... donde sus dotes para cuidar niños pronto le resultan muy útiles.	https://image.tmdb.org/t/p/w500/PeshC5r6QoCzXT9RWj7fhArEX8.jpg	Animación, Familia	6.863	0	0";;
"Barbie Campamento Pop [2015][720p][904 Mb]	Barbie en El campamento de princesas	2015	¡Disponte a rockear! En este alegre musical, Barbie es la Princesa Courtney, una princesa moderna cuyo mundo queda hecho un lío cuando cambia su vida por la de Erika, una famosa estrella del rock. Dos mundos muy diferentes chocan cuando por confusión mandan a la Princesa Courtney al Campamento Pop y a Erika al Campamento Real. Mientras los líderes de los campamentos rivales tratan de deshacer el malentendido, tanto Courtney como Erika aprenden a adaptarse a mundos tan distintos y a divertirse y hacer nuevos e inesperados amigos. Cuando las chicas descubren que ambos campamentos están a punto de ser clausurados, han de aprovechar sus diferencias, encontrar sus verdaderas voces y unirse para una despedida épica que demuestra que todo es posible cuando sueñas con alcanzar lo imposible.	https://image.tmdb.org/t/p/w500/55NspwnwJuMhj9nFAOBs3YyUiZH.jpg	Animación, Música, Familia	6.932	0	0";;
"Barbie en El Cascanueces [2001][1080p][1.27 Gb]	Barbie en El cascanueces	2001	La historia comienza cuado Barbie, que interpreta el papel de Clara, recibe un precioso Cascanueces de madera que le regala su tía favorita. Esa noche, mientras Clara duerme, el Cascanueces cobra vida para rechazar el ataque del perverso Rey Ratón que ha invadido el cuarto de Clara. Esta se despierta y ayuda al Cacanueces pero el Rey Ratón la reduce de tamaño mediante un hechizo mágico. Clara y el Cascanueces se embarcan en una espectacular aventura para encontrar a la Princesa de Azúcar, la única que puede romper el malvado encantamiento del Rey Ratón.	https://image.tmdb.org/t/p/w500/3M5fjV6Pze7zC6suGQAG2MWI2fk.jpg	Animación, Familia	6.899	0	0";;
"Barbie En Las 12 Princesas Bailarinas [2006][720p][800 Mb]	Barbie en Las 12 princesas bailarinas	2006	Únete a Barbie, en el papel de la bella Princesa Genevieve, y a sus 11 hermanas y princesas bailarinas y descubre con ellas la entrada secreta a un mundo mágico, donde los deseos ise hacen realidad! Pero cuando su padre corre el riesgo de perder su reino, la Princesa Genevieve y sus hermanas deberán unirse para salvarle. Así aprenderán que el poder de la familia es capaz de superar cualquier obstáculo.	https://image.tmdb.org/t/p/w500/areWNqaBEcY9Sx2iO9XCV2RvUaD.jpg	Animación, Familia	7.6	0	0";;
"Barbie en un Mundo de Videojuegos [2017][1080p][2.95 Gb]	Barbie: Superheroína del videojuego	2017	Cuando Barbie por arte de magia consigue entrar en su juego de video favorito, ella se complace en ver que ella se transforma en un divertido personaje de patinaje. En el juego, conoce a Cutie, el adorable amigo en forma de nube y Bella, la princesa de patinaje. Juntos, pronto descubren que un travieso emoji está tratando de tomar el control del juego. En su viaje de nivel en nivel, Barbie deben depender de sus increíbles habilidades de juego y fuera de la caja pensando en salvar a su equipo a ganar el juego!	https://image.tmdb.org/t/p/w500/uS3u0owsEhFZXq2CUVX1eDFofnS.jpg	Animación, Familia, Ciencia ficción	6.842	0	0";;
"Barbie en una Aventura Espacial [2016][1080p][1.85 Gb]	Barbie: Aventura en el espacio	2016	Barbie y su mascota Palomita, vuelan alto en una aventura en el espacio. Un día, todo cambia cuando en un abrir y cerrar de ojos las estrellas de los galaxias comienzan a oscurecerse y dejan de bailar. Barbie decide viajar a Capital Planet para unirse a un equipo especial de rescate en una misión para salvar a las estrellas. Una vez allí, se encuentra con el campeón galáctico Sal- Lee y sus nuevos amigos. Barbie pronto descubre que si escucha a su corazón y con la ayuda de sus amigos, ¡podría ser el líder de todo el universo ha estado esperando!	https://image.tmdb.org/t/p/w500/eaAwi9YxutZb7EdwpsXbtLv25PJ.jpg	Animación, Familia, Ciencia ficción	6.874	0	0";;
"Barbie- Escuadrón Secreto [2016][1080p][1.11 Gb]	Barbie: Equipo de espías	2016	Barbie y sus mejores amigas Teresa y Renee pasan de ser aplicadas gimnastas a convertirse en agentes secretos infiltrados en esta aventura repleta de acción. Cuando su increíble talento para las acrobacias llama la atención de una importante agencia secreta de espías, las chicas pronto comienzan a seguir las pistas de un ladrón de joyas que siempre logra escapar. Con sus artilugios de alta tecnología, sus elegantes disfraces y sus encantadoras robo-mascotas, ¿podrán demostrar que la inteligencia y el trabajo en equipo logran llevar a buen puerto una misión? ¡Las chicas al poder!	https://image.tmdb.org/t/p/w500/xLYrxqTbiGfb1wP8c1eGe3IUtxp.jpg	Acción, Animación, Familia	6.973	0	0";;
"Barbie Fairytopia La Magia De Arco Iris	Barbie Fairytopía: La magia del arco iris	2007	Elina y su peludo amigo Bibble van a la Escuela de Hadas del majestuoso Palacio de Cristal. Allí conoce a otras aprendices de hadas, elegidas para crear el primer arco iris de la primavera. Pero la malvada Laverna, que pretende sumir Fairytopía en un largo y gélido invierno de diez años, intentará impedirlo. A pesar de ello, Elina y sus amigos se dan cuenta de que si se mantienen unidos serán invencibles y podrán crear el arcoíris.	https://image.tmdb.org/t/p/w500/f1MEVtc6wsk356iaqTG89dsvop9.jpg	Animación, Familia, Fantasía, Romance	6.9	0	0";;
"Barbie Fairytopia Mermaid	Barbie Fairytopía: Mermaidia	2006	En esta nueva aventura de Fairytopía, Elina (interpretada por Barbie) viaja a Mermaidia para salvar a Nalu, príncipe de las sirenas. Nalu ha sido secuestrado por la bruja Laverna, que planea utilizarle para convertirse en la más poderosa hada de Fairytopía. Elina deberá detenerla, pero no podrá hacerlo sola. Necesitará la ayuda de Nori, una sirena que no confía en los forasteros y no quiere saber nada de ella. Lograr la confianza de Nori no será fácil, pero lo más difícil está por llegar. Salvar a Nalu requerirá el mayor sacrificio de su vida: perder sus alas. ¿Conseguirá lograrlo o Fairyopía caerá en las manos de Laverna para siempre?	https://image.tmdb.org/t/p/w500/uBCvRThFwjvwNQeS3Vy7xMPc0Rh.jpg	Animación, Familia, Aventura, Fantasía	6.881	0	0";;
"Barbie- Grandes Sueños en la Gran Ciudad [2021][720p][500 Mb]	Barbie: Grandes sueños en la gran ciudad	2021	Barbie cambia las soleadas costas de Malibú por las brillantes luces de Broadway para ir a un curso de verano exclusivo y allí conoce a... Barbie.	https://image.tmdb.org/t/p/w500/mNVf1mAQo5EzFFYhkSIIF7Aj4zE.jpg	Animación, Música, Familia	6.95	0	0";;
"Barbie La Princesa de la Isla	Barbie en La princesa de los animales	2007	Tras naufragar en una isla de niña, Rosella (Barbie) crece aprendiendo a hablar y cantar con una familia de adorables animales: el panda Sagi, el pavo real Azul y la elefantita Tika. Pero cuando el príncipe Antonio desembarca en su paraíso tropical, la curiosidad por descubrir su pasado llevará a Rosella a viajar con el príncipe a su castillo. Mientras ella y sus amigos los animales exploran la civilización, descubrirán un malvado plan para ¡apoderarse del reino! Con su reconfortante final, te enseñará que cuando el amor te guía, los milagros están más cerca de lo que puedes imaginar.	https://image.tmdb.org/t/p/w500/a1BZL90vO0fQ31Sf9RMXQHh2RWk.jpg	Animación, Familia	7.271	0	0";;
"Barbie La Princesa y la Plebeya [Latino]	Barbie en La princesa y la costurera	2004	""La mítica muñeca Barbie cobra vida en esta moderna versión del cuento de Mark Twain """"El príncipe y el mendigo"""" sobre un error de identidad y el poder de la amistad. Llega la primera película musical de Barbie interpretando además un doble papel.""	https://image.tmdb.org/t/p/w500/2X6kRYytvhEwuS2ukHwVvIN7eVc.jpg	Animación, Familia, Comedia	7.48	0	0";;
"Barbie Mariposa	Barbie: Mariposa y sus amigas las hadas	2008	Conoce a Mariposa, un hada a la que le encanta leer y soñar sobre el mundo que se encuentra más allá de su hogar el País de la Luz. El País de la Luz está protegido por la luz mágica de la Reina, pero cuando la Reina es envenenada por la malvada hada Henna, la luz especial de las flores comienza a apagarse. El príncipe envía a Mariposa y sus amigas en busca del antídoto más allá de las seguras fronteras de la ciudad, atravesando los peligrosos remolinos de agua y adentrándose en la cueva de los reflejos. ¿Podrán encontrar la cura a tiempo para salvar a la Reina? ¿O Henna gobernará en el País de la Luz? ¡Únete a las hadas en un viaje que cambiará sus vidas para siempre!	https://image.tmdb.org/t/p/w500/qMH3FpLDKbzFngxN1aVth3srgdO.jpg	Animación, Fantasía, Familia	6.793	0	0";;
"Barbie Mariposa and The Fairy Princess [2013][1080p][3.54 Gb]	Barbie: Mariposa y la princesa de las hadas	2013	Mariposa y su peludo amigo Zee regresan en ‘Barbie: Mariposa y la princesa de las hadas’. En esta aventura mágica, Mariposa se convierte en la Embajadora real del Reino Alado y tiene como misión llevar la paz entre su país encantado y sus rivales, las Hadas de Cristal del Valle de la Luz. Y aunque Mariposa no causa una gran impresión a su rey, rápidamente se hace amiga de su hija, la tímida princesa Catania. Sin embargo, un malentendido provoca que expulsen a Mariposa del lugar. Cuando Mariposa y Zee regresan al Reino Alado, se encuentran con que un hada malvada quiere destruir el Valle de la Luz.	https://image.tmdb.org/t/p/w500/aUVd4itaF4mDFgld99wMIihjUK7.jpg	Animación, Familia, Fantasía	6.93	0	0";;
"Barbie- Poder de Sirena [2022][1080p][1 Gb]	Barbie: Poder sirenio	2022	""¡Únete a Barbie """"Brooklyn"""" Roberts, Barbie """"Malibú"""" Roberts y sus hermanas Skipper, Stacie y Chelsea en una aventura submarina mientras se transforman en sirenas para ayudar a salvar el mundo de Pacifica! Barbie y Barbie son convocadas por Isla para competir por ser la guardiana del poder bajo el agua en una serie de desafíos diseñados para encontrar sus poderes internos.  A través de estos concursos, descubren si son sirenas de la Tierra, el Aire, el Agua o el Fuego, mientras hacen nuevos amigos animales y sirenas.  En este cuento de amistad, aventura y valentía, Barbie, Barbie y su familia experimentan de primera mano cómo es equilibrar los mundos por encima y por debajo del mar y aprenden una lección sobre cómo encontrar sus poderes internos en el camino.""	https://image.tmdb.org/t/p/w500/isWRWePWGGy5flQPYoj01kPvKFF.jpg	Animación, Familia	6.584	0	0";;
"Barbie- Princess Adventure [2020][720p][602 Mb]	Barbie: Una aventura de princesas	2020	Barbie descubre lo que significa ser una princesa moderna en este musical original de larga duración cuando cambia de lugar con su doble real.	https://image.tmdb.org/t/p/w500/u0je6If2faoPZ4BtVr50EGk9g4G.jpg	Animación, Música, Familia	7.0	0	0";;
"Barbie Super Princesa [2015][1080p][3.29 Gb]	Barbie: Superprincesa	2015	Barbie es Kara, una princesa muy actual con una vida muy normal. Un día, tras ser besada por una mariposa mágica, Kara descubre que tiene unos increíbles súper poderes que le permiten transformarse en Súper Destello, su alter ego secreto que combate el crimen y vuela por todo el reino salvando a la gente. Pero pronto su celosa prima atrapa a la mariposa y también se transforma, esta vez en Destello Oscuro, su oponente. Su rivalidad llega a los cielos pero, cuando descubran al verdadero enemigo del reino ¿serán capaces de dejar a un lado sus diferencias y formar un súper equipo? ¡Surca los cielos y descubre que no hay poder más grande que el de la amistad!	https://image.tmdb.org/t/p/w500/p7CU5xWxABsDBZeLuTWp12VfmYZ.jpg	Animación, Familia	6.166	0	0";;
"Barbie y Chelsea, el Cumpleaños Perdido [2021][1080p][1.97 Gb]	Barbie y Chelsea: El cumpleaños perdido	2021	La familia Roberts se embarca en un crucero de aventuras por el séptimo cumpleaños de Chelsea. Margaret tiene mucho trabajo por hacer, pero le promete a Chelsea que el día siguiente estará dedicado a ella. Chelsea con sus peluches y hermanas, Barbie, Skipper y Stacie, buscan el lugar perfecto en el barco para celebrar el cumpleaños.	https://image.tmdb.org/t/p/w500/fuV4ybeV2PRd4WjTsEYqxkcIpMy.jpg	Animación, Familia	6.9	0	0";;
"Barbie Y Las Tres Mosqueteras [2009][720p][1 Gb]	Barbie y Las tres mosqueteras	2009	Únete a Barbie en el papel de Corinne, una joven del campo que quiere cumplir su sueño en París: convertirse en mosquetera. Allí conoce a tres chicas que en el fondo comparten el mismo sueño. Usando sus talentos especiales, las chicas trabajan juntas como un equipo para frustrar un complot y salvar al príncipe. Acércate a una aventura llena de acción que te anima a soñar como nunca antes.	https://image.tmdb.org/t/p/w500/xhXP2Yf6zKdnmbY4bLFeRUd7csY.jpg	Animación, Familia	7.283	0	0";;
"Barbie y Sus Hermanas- En la Búsqueda de Perritos [2016][720p][550 Mb]	Barbie y sus hermanas: En busca de los perritos	2016	Barbie y sus hermanas descubren que todos sale mejor cuando están juntas. Las chicas y sus mascotas llegan a una isla paradisiaca para el concurso de baile de Chelsea y deciden hacer un rápido viaje para ver el Festival de Baile de Caballos. Pero cuando los perritos deciden tener una aventura por sí solos, las chicas deberán utilizar su imaginación y trabajar en equipo para encontrar a sus peludos amigos.	https://image.tmdb.org/t/p/w500/d1Wjz6MwW4rSANEDW6RFiqtcUAq.jpg	Familia, Animación	6.705	0	0";;
"Barbie; Escuela de princesas	Barbie: Escuela de princesas	2011	Barbie es Blair Willows, una chica de buen corazón que resulta elegida para asistir a la Escuela de Princesas. Se trata de un lugar maravilloso donde las futuras princesas aprenden a bailar, protocolo para tomar el té y las actitudes correctas de princesa. A Blair le encantan sus clases, sus duendecillos mágicos y sus nuevas amigas, las Princesas Hadley y Delancy. Cuando la profesora real Dame Devin advierte que Blair se parece mucho a la princesa desaparecida del reino, intenta librarse por todos los medios de Blair para evitar que pueda reclamar el trono. Blair, Hadley y Delancy han de desvelar la corona encantada que han encontrado y demostrar la verdadera identidad de Blair en esta historia de princesas llena de magia.	https://image.tmdb.org/t/p/w500/qChFxsIJvwALomvWiVb3qUq0PIX.jpg	Familia, Animación, Fantasía	7.548	0	0";;
"Batman - Capucha Roja [2010]	Batman: Capucha Roja	2010	Batman se enfrenta a su último desafío, el misterioso Capucha Roja tiene una tormenta en la ciudad de Gotham. Una parte vigilante, una parte capo criminal, Red Hood comienza la limpieza de Gotham con la eficiencia de Batman, pero sin seguir el mismo código ético. Matar es una opción. Y cuando el Joker cae en el equilibrio entre los dos, duras verdades se revelan y se vuelven a abrir viejas heridas.	https://image.tmdb.org/t/p/w500/p8UzVTfi9ualTRzS7o8za8ctAAI.jpg	Misterio, Crimen, Animación	7.757	0	0";;
"Batman - Gotham by Gaslight [2018][720p][743 Mb]	Batman: Gotham a Luz de Gas	2018	Ciudad Gótica experimenta una era dorada de descubrimiento e industria, tal como exhibió la próspera Feria Mundial del empresario Bruce Wayne. Pero abajo, en los callejones más oscuros, hay un asesino suelto.	https://image.tmdb.org/t/p/w500/A2EHkY8XcRahcl8S0yaNW2YiM3N.jpg	Suspense, Acción, Animación, Ciencia ficción	6.696	0	0";;
"Batman - The Long Halloween [2021][1080p][3.15 Gb]	Batman: El Largo Halloween, Parte 1	2021	Inspirado en la icónica historia de DC de mediados de la década de 1990 de Jeph Loeb y Tim Sale, Batman: El Largo Halloween, Parte 1 comienza cuando un brutal asesinato en Halloween impulsa al joven justiciero de Gotham, Batman, a formar un pacto con los dos únicos agentes de la ley incorruptos de la ciudad para acabar con The Roman. Pero cuando ocurren más muertes queda claro que, en lugar de la violencia de pandillas común, también están lidiando con un asesino en serie, cuya identidad se vuelve más difícil de discernir.	https://image.tmdb.org/t/p/w500/9yt12SgNE9hqg8QnwIBiblzhH9M.jpg	Animación, Misterio, Acción, Crimen	7.455	0	0";;
"Batman - The Long Halloween, Part Two [2021][1080p][1.85 Gb]	Batman: El Largo Halloween, Parte 2	2021	Mientras el joven justiciero de Gotham City, Batman, lucha por perseguir a un brutal asesino en serie, el fiscal de distrito Harvey Dent queda atrapado en una disputa que involucra a la familia criminal de los Falcones.	https://image.tmdb.org/t/p/w500/4OyjnAstDgpVoaKIBVotDs8OVqO.jpg	Animación, Misterio, Acción, Crimen	7.405	0	0";;
"Batman Hush [2019][1080p][3.28 Gb]	Batman: Hush	2019	""Un nuevo villano de quien sólo se conoce el nombre, """"Hush"""", emplea a todos los enemigos de Gotham para destruir la vida tanto de Batman, el héroe, como la de Bruce Wayne, el empresario y playboy que ahora mantiene una relación íntima con Selina Kyle, también conocida como """"Catwoman"""". Adaptación de uno de los grandes clásicos del universo DC: """"Batman: Hush"""" escrito por Jeph Loeb y dibujado por Jim Lee.""	https://image.tmdb.org/t/p/w500/eiVQORVyVuNNZHPAELuWtlXoQsD.jpg	Acción, Animación, Crimen, Misterio	7.2	0	0";;
"Batman Ninja vs La Liga Yakuza (2025)	Batman Ninja vs. Yakuza League	2025	""Sólo un día después de regresar del pasado, Batman y sus aliados descubren que el mundo no es exactamente el mismo que dejaron. Toda la isla de Japón ya no existe y los héroes de la Liga de la Justicia tampoco. Pero antes de que puedan comprender lo que está pasando, los yakuza empiezan a llover literalmente del cielo. Secuela de la película anime 3D """"Batman Ninja"""".""	https://image.tmdb.org/t/p/w500/3hVjnB5FE4gBrR5rqk42qiBFgGe.jpg	Animación, Acción, Ciencia ficción	6.727	0	0";;
"Batman vs Dracula [2005][1080p][1.92 Gb]	Batman contra Drácula	2005	""La oscuridad se ha apoderado de la ciudad de Gotham. La criatura más terrorífica de la noche, Drácula, está aterrorizando a toda la ciudad mientras que Batman, el hombre Murcélago, hace todo lo posible por detenerle. Pero Drácula no es un enemigo corriente";" está dotado de una serie de poderes sobrenaturales que le aportan una increíble fuerza, velocidad y control mental y, aunque Batman es un super-héroe, no deja de ser un mortal.""	https://image.tmdb.org/t/p/w500/2hh5Ass5xHON0JMil3VuwwV99Jn.jpg	Animación, Acción, Fantasía, Misterio	7.026	0	0";
"Bayonetta - Bloody Fate	Bayonetta: Bloody Fate	2013	La bruja Bayonetta despertó despúes de 500 años sin recordar nada. Ahora, debe luchar contra una horda de ángeles para recuperar su pasado.	https://image.tmdb.org/t/p/w500/cj16Yj2VXUNLBW23Jxz9FxyPcQF.jpg	Animación, Acción, Fantasía	6.88	0	0";;
"Ben 10	Ben 10: Carrera contrarreloj	2008	En Bellwood, una misteriosa figura se teletrasporta a la ciudad, e inmediatamente empieza a destruirlo todo. Ben Tennyson, en forma de Heatblast, se enfrentará a él. Adaptación con actores de la serie de animación Ben 10.	https://image.tmdb.org/t/p/w500/65YwMIqIuOV8shxysuJytaHSR8C.jpg	Acción, Familia, Ciencia ficción, Película de TV	5.844	0	0";;
"Ben 10 - Alien Force	Ben 10: Alien Force	2008 - 2010	Benn Tennyson tiene ahora 15 años y busca en convertirse otra vez en un líder Omnitrix y luchar contra la Highbreed que están destruyendo la Tierra.	https://image.tmdb.org/t/p/w500/8TB9fN9dRaMJ5Zo2ci2rGuF0VBL.jpg	Animación, Sci-Fi & Fantasy, Action & Adventure	8.3	3	46";;
"Ben 10 - Ultimate Alien	Ben 10: Ultimate Alien	2010 - 2012	El Omnitrix ha sido destruido y Ben ahora debe aprender a dominar los secretos de nuevo Ultimatrix, un dispositivo parecido a un guantelete que no sólo le permite para transformar en una numerosa variedad de super héroes, también le da el poder increíble y la capacidad de activar una nueva version de sus transformaciones alienígenas. Él también puede transformarse en sus antiguos alienígenas de las series anteriores. Además, un admirador jóven llamado Jimmy Jones descubre la identidad secreta de Ben y lo revela poco después de la derrota de Vilgax. Contrapuesto al estrellato recién descubierto, Ben debe manejar a sus admiradores obsesivos y escépticos. Con Gwen, Kevin y Abuelo Max todavía en su lado, Ben sigue combatiendo amenazas alienígenas de la galaxia con un nuevo villano llamado Agreggor.	https://image.tmdb.org/t/p/w500/n4KwrlUKO9S4GvOdZzmnz4zOxx7.jpg	Animación, Action & Adventure, Sci-Fi & Fantasy, Kids	8.2	2	52";;
"Ben 10 Omniverse	Ben 10: Omniverse	2012		https://image.tmdb.org/t/p/w500/vy772uqx6ghFVbXrWt2ORT9Gmwz.jpg	Acción, Ciencia ficción, Fantasía, Familia	0.0	0	0";;
"Bernardo y Bianca en Cangurolandia [1990][720p][665 Mb]	Los rescatadores en Cangurolandia	1990	Esta vez, nuestros ratoncitos agentes secretos se encuentran en el corazón de la indomable selva australiana cuando tienen que acudir en ayuda de Cody, un jovencito que lucha por salvar un águila de un despiadado cazador furtivo.	https://image.tmdb.org/t/p/w500/hyuP9jI0Q6bBDEvvsYD8ka27QD0.jpg	Animación, Familia, Aventura	6.6	0	0";;
"Bichos, Una Aventura En Miniatura [1998][1080p][2.69 Gb]	Bichos, una aventura en miniatura	1998	Un grupo de saltamontes liderados por el malvado Hopper y su estúpido hermano Molt asedian la colonia de hormigas todos los veranos para hacerse con la comida almacenada para pasar el invierno. Flik, una hormiga cansada de seguir las reglas del grupo, decide abandonar la colonia en busca de un grupo de mercenarios que los defiendan. Por equivocación, Flik reclutará a una pandilla de artistas de circo.	https://image.tmdb.org/t/p/w500/3zc9gBzw0egrp7lMrE0zqFkNMms.jpg	Aventura, Animación, Comedia, Familia	6.979	0	0";;
"Bienvenidos a Monster High [2016][720p][700 Mb]	Monster High: Bienvenidos a Monster High	2016	Todo empieza con Draculaura, hija de Drácula y su gran sueño: crear un lugar donde los monstruos puedan sentir que pertenecen y ser ellos mismos. Junto a sus mejores amigas vivirá grandes aventuras, viajando alrededor del mundo para rescatar a los monstruos que se encuentran ocultos y así reclutar nuevos estudiantes. El instituto se convertirá en un monstruoso e increíble lugar, ¡nunca antes visto!	https://image.tmdb.org/t/p/w500/jL9YGWBhDPQ6Wv2xtzn5FwZ1ta4.jpg	Animación, Familia	6.9	0	0";;
"Big Hero 6 [2014][1080p][3.32 Gb]	Big Hero 6	2014	En la metrópolis de San Fransokio (cruce de San Francisco y Tokio), vive Hiro Hamada, quien aprende a sacar provecho de su capacidad gracias a su brillante hermano Tadashi y sus también brillantes amigos: la buscadora de adrenalina GoGo Tamago, el meticuloso de la limpieza Wasabi-No-Ginger, la genio de la química Honey Lemon y el fanático de los cómics Fred. Cuando tras un devastador giro de los acontecimientos, se ven envueltos en una peligrosa conspiración que tiene lugar en las calles de San Fransokio, Hiro recurre a su amigo más íntimo: un robot llamado Baymax, y transforma al grupo en una banda de héroes de última tecnología decididos a resolver el misterio.	https://image.tmdb.org/t/p/w500/qVU0ag4i5BCmH5h4o04cdvUo0Zf.jpg	Aventura, Familia, Animación, Acción, Comedia	7.724	0	0";;
"Big Mouth	Big Mouth Goes to the Dentist	1980		https://image.tmdb.org/t/p/w500/nJCPwqxKGlSITbIt5QP7NfmTIqO.jpg		0.0	0	0";;
"Blood of Zeus	Sangre de Zeus	2020 - 2025	Herón, un plebeyo de la antigua Grecia, descubre que es hijo de Zeus, además de su verdadero destino: salvar al mundo de un malvado ejército.	https://image.tmdb.org/t/p/w500/9qps2QgCBEXiMUReByG5f2ngczN.jpg	Animación, Action & Adventure, Sci-Fi & Fantasy	7.748	3	24";;
"Blue Eye Samurai (Samurai de ojos azules)	Samurái de ojos azules	2023 - 2023	La convirtieron en una paria en el Japón del periodo Edo. Ahora, una joven espadachina sedienta de venganza recorre un camino sangriento hacia su destino.	https://image.tmdb.org/t/p/w500/e6SS2QGSXOb4ifmGvTVt27Pt0bd.jpg	Action & Adventure, Animación, Drama	8.484	2	8";;
"Bluey	Bluey: The Movie	2027		https://image.tmdb.org/t/p/w500/wUiL0OTK3EPRyQfdQkEU4Ma87V2.jpg	Familia, Animación, Comedia	0.0	0	0";;
"Bob Esponja - Al rescate [2020][720p][950 Mb]	Bob Esponja: Un héroe al rescate	2020	Cuando desaparece su amigo Gary, Bob Esponja se embarca en una alocada misión con Patricio muy lejos de Fondo de Bikini para rescatarlo.	https://image.tmdb.org/t/p/w500/fi2pg2mtAZwhq3qVuAs6PztjnHT.jpg	Aventura, Animación, Comedia, Familia, Fantasía	7.4	0	0";;
"Bob Esponja - Campamento del Terror [2024][1080p][1.8 Gb]	Bob Esponja: Campamento del Terror	2024		https://image.tmdb.org/t/p/w500/sz3tcbtYjpgBnPEF5uBamlTkrcq.jpg	Película de TV, Familia, Comedia, Terror, Animación	7.062	0	0";;
"Bob Esponja - La Pelicula [2004][1080p][3.2 Gb]	Bob Esponja: La película	2004	Hay problemas en Bikini Bottom: la corona del Rey Neptuno ha desaparecido y las sospechas recaen en el Sr. Krabs. Junto a Patrick, su mejor amigo, Bob Esponja marcha a la peligrosa Ciudad de Shell para rescatar la corona de Neptuno y salvar al Sr. Krabs.	https://image.tmdb.org/t/p/w500/CtISczftMz6g7kyk5uLxBben8b.jpg	Aventura, Animación, Comedia, Familia, Fantasía	7.1	0	0";;
"Bob Esponja - Un heroe fuera del Agua [2015][1080p][2.8 Gb]	Bob Esponja: Un héroe fuera del agua	2015	Segunda película sobre el personaje marino más querido por niños y adultos, Bob Esponja. El argumento gira en torno a Bob Esponja y sus inseparables amigos del mar, como son Patricio y la ardilla Arenita, y otros personajes de la serie en la que se basa, como Calamardo y Don Cangrejo. En esta ocasión Bob Esponja y cía se embarcan en una aventura en la que deberán encontrar una receta robada, lo que llevará a los personajes de Fondo Bikini hasta nuestra dimensión. Por lo que la película mezcla animación y escenas de acción real. Las escenas de animación están hechas tanto con CGI (imagen generada por ordenador) como en dibujo a mano. En la dimensión real se tendrán que enfrentar al pirata Alameda Jack, al que da vida Antonio Banderas.	https://image.tmdb.org/t/p/w500/z5aphafm6OEcAq4jwOs5Ml9F384.jpg	Aventura, Animación, Comedia, Familia, Fantasía	6.1	0	0";;
"Bob’s Burgers	Bob's Burgers: La película	2022	Bob's Burgers La Película es una comedia de animación para la gran pantalla. La historia arranca cuando la rotura de una tubería de agua crea un enorme socavón justo delante del Bob's Burgers, bloqueando la entrada de forma indefinida a la hamburguesería y arruinando los planes que tenían los Belcher de cara al verano. Mientras Bob y Linda luchan por mantener a flote su negocio, los niños intentan resolver un misterio que podría salvar el restaurante familiar. A medida que aumentan los peligros, todos se apoyan entre ellos con la esperanza de volver a ponerse detrás de ese mostrador.	https://image.tmdb.org/t/p/w500/zgzgXYg4mwhZCWiClZD32ZiozA8.jpg	Animación, Comedia, Crimen, Misterio	6.975	0	0";;
"BoJack Horseman	BoJack Horseman Christmas Special: Sabrina's Christmas Wish	Desconocido		No disponible		0.0	0	0";;
"Brave [2012][1080p][3.16 Gb]	Indomable	2012	Mérida, la indómita hija del Rey Fergus y de la Reina Elinor, es una hábil arquera que decide romper con una antigua costumbre, que es sagrada para los señores de la tierra: el gigantesco Lord MacGuffin, el malhumorado Lord Macintosh y el cascarrabias Lord Dingwall. Las acciones de Merida desencadenan el caos y la furia en el reino. Además, pide ayuda a una sabia anciana que le concede un deseo muy desafortunado. La muchacha tendrá que afrontar grandes peligros antes de aprender qué es la auténtica valentía.	https://image.tmdb.org/t/p/w500/cTouCa0ObuGD1P2nKOQ7A21wm9p.jpg	Aventura, Animación, Familia, Fantasía	7.027	0	0";;
"Brother Bear [2003][1080p][2.8 Gb]	Hermano oso	2003	En los bosques del noroeste americano vive un niño indio llamado Kenai, cuya vida sufre un giro inesperado cuando los Grandes Espíritus lo transforman en un oso, el animal que más odia. Kenai se hace amigo de un osezno llamado Koda y se propone recuperar su forma humana. Mientras, su hermano (que no sabe que Kenai es ahora un oso) lo persigue para cumplir una misión de venganza en la que está en juego el honor familiar.	https://image.tmdb.org/t/p/w500/1XwOQNSby3HZfKMZcY7rtZw4KR.jpg	Aventura, Animación, Familia	7.275	0	0";;
"Brother Bear 2 [2006][1080p][3.07 Gb]	Hermano oso 2	2006	La trama se centra de nuevo en Kenai (que había sido transformado en oso durante la primera parte) y sus aventuras en la pintoresca costa del Pacífico Norte al final de la Edad de Hielo. Kenai sueña repetidamente con su anterior vida como humano, cuando era niño y su mejor amiga era Nita, la hija del jefe de la tribu. Ahora ambos revivirán este pasado común cuando se ven obligados a embarcarse en una peligrosa aventura.	https://image.tmdb.org/t/p/w500/tHvNX0SSyCW9MyPeWK5myc9lTLS.jpg	Aventura, Animación, Familia	6.664	0	0";;
"Buscando a Dory [2016][1080p][3.15 Gb]	Buscando a Dory	2016	""Un año después de los acontecimientos narrados en """"Buscando a Nemo"""", Dory vive apaciblemente con Marlin y su hijo Nemo. Pero durante un viaje para ver cómo las mantarrayas migran de vuelta a casa, los problemas de memoria de Dory parecen desaparecer durante un segundo: recuerda que tiene una familia e inmediatamente decide emprender viaje para reencontrarse con sus padres, a los que perdió hace años.""	https://image.tmdb.org/t/p/w500/wXBwo2DxTm6wZ8Cbu02t9kzzoK4.jpg	Aventura, Animación, Familia	7.041	0	0";;
"Carlitos y Snoopy - La Pelicula de Peanuts [2015][1080p][2.36 Gb]	Carlitos y Snoopy: La película de Peanuts	2015	""Snoopy emprende una gran misión que lo lleva a surcar los cielos como as de la aviación para enfrentarse a su archienemigo, el Barón Rojo. Mientras, su mejor amigo Carlitos Brown, inseguro pero perseverante, vivirá también una aventura épica: se enamora de su nueva vecina. Película basada en los cómics de Charles Schulz, """"Peanuts"""", conocidos fuera de Estados Unidos por algunos de sus personajes: Snoopy o Charlie Brown. (FILMAFFINITY)""	https://image.tmdb.org/t/p/w500/2vh5QyyFgWCVNipA6C70BT3cRt0.jpg	Comedia, Animación, Familia	6.965	0	0";;
"Carmen Sandiego	Carmen Sandiego: To Steal or Not to Steal	2020		https://image.tmdb.org/t/p/w500/vzZxIosViM1H4d7MN93Jmqzwl3h.jpg	Animación, Aventura, Familia	6.542	0	0";;
"Cars [2006][1080p][3.49 Gb]	Cars	2006	El aspirante a campeón de carreras Rayo McQueen parece que está a punto de conseguir el éxito, la fama y todo lo que había soñado, hasta que por error toma un desvío inesperado en la polvorienta y solitaria Ruta 66. Su actitud arrogante se desvanece cuando llega a una pequeña comunidad olvidada que le enseña las cosas importantes de la vida que había olvidado.	https://image.tmdb.org/t/p/w500/lgBe9KD6DoLyQP28JZ6fSUGK8j0.jpg	Animación, Aventura, Comedia, Familia	7.031	0	0";;
"Cars 2 [2011][1080p][3.04 Gb]	Cars 2	2011	Rayo McQueen y su amigo, la grúa Mate, viajan al extranjero para participar en el primer Campeonato Mundial en el que se decidirá cuál es el coche más rápido del planeta. La primera etapa es Tokio (Japón), donde Mate tendrá que convertirse en un espía secreto al verse envuelto inesperadamente en un caso de espionaje internacional, que lo llevará a París y a Londres. También vivirán una aventura de proporciones épicas al viajar a Porto Corsa (Italia), para disputar el Campeonato. Sin embargo, los dos tendrán que renunciar a los placeres de la Riviera italiana -yates, playas y pasta al pesto- ya que Mate está muy ocupado con su labor de espía, mientras que McQueen compite contra los mejores coches del mundo.	https://image.tmdb.org/t/p/w500/eQo1LQs5Vo9RHVHYUhNSfMZa3VB.jpg	Animación, Familia, Aventura, Comedia	6.181	0	0";;
"Cars 3 [2017][1080p][3.34 Gb]	Cars 3	2017	Sorprendido por una nueva generación de corredores ultrarrápidos, el legendario Rayo McQueen queda relegado repentinamente del deporte que tanto ama. Para retomar su carrera, va a necesitar la ayuda de una joven mecánica de carreras, Cruz Ramírez, que tiene su propio plan para ganar, además de la inspiración del fallecido Fabuloso Hudson Hornet y un par de giros inesperados. ¡Y para probar que el nº95 no está ni mucho menos acabado, el campeón tendrá que poner a prueba su valía en el gran circuito de la Copa Piston!	https://image.tmdb.org/t/p/w500/4tp9W3QAbQcpanBtBceZtHD10UT.jpg	Animación, Drama, Familia	6.86	0	0";;
"Castlevania	Castlevania: Hymn of Blood	2015		https://image.tmdb.org/t/p/w500/3Kmxe9cTsQA7nMo3ahbfCqVEy4w.jpg	Aventura, Terror	10.0	0	0";;
"Castlevania - Nocturno	Castlevania: Nocturno	2023 - 2025	Mientras la revolución arrasa Francia, Richter Belmont lucha para defender el legado de su familia e impedir el ascenso al poder de una vampira despiadada y ambiciosa.	https://image.tmdb.org/t/p/w500/o8NuP8k8Pbgfhb7Su384FrJ38Zj.jpg	Animación, Sci-Fi & Fantasy, Drama	7.781	2	16";;
"Chicken Run - Dawn of the Nugget [2023][1080p][2.58 Gb]	Chicken Run: Amanecer de los nuggets	2023	Unas gallinas muy valientes hacen piña para salvar a las de su especie de un nuevo e inquietante peligro: una granja cercana donde ocurre algo muy sospechoso.	https://image.tmdb.org/t/p/w500/xPQeZUdUIsjbbXVjm69owPdSqTG.jpg	Familia, Animación, Aventura, Comedia	6.938	0	0";;
"Cigüeñas [2016][1080p][1.25 Gb]	Cigüeñas	2016	""En Montaña Cigüeña, viven las cigüeñas que hace tiempo enviaban bebés a los padres de todo el mundo. Ahora distribuyen los paquetes de una compañía mundial de Internet. Junior, la mejor cigüeña repartidora de la compañía, está a punto de conseguir un ascenso, pero accidentalemete activa la Máquina de Producción de Bebés y el resultado es una adorable niña ilegal. Para evitar que su jefe se entere, Junior y su amiga Tulip, el único ser humano de Montaña Cigüeña, se apresuran a entregar el bebé en un viaje salvaje que podría afectar a la integridad de más de una familia y restablecer la verdadera misión de las cigüeñas en el mundo. Debut en el largometraje de Doug Sweetland, responsable del corto de Pixar """"Presto"""" (2008).""	https://image.tmdb.org/t/p/w500/eEyLLrcUAvmAn6OoZwEvzCUG6Z6.jpg	Aventura, Animación, Comedia, Familia	6.671	0	0";;
"Coco [2017][1080p][4.68 Gb]	Coco	2017	Un joven aspirante a músico llamado Miguel se embarca en un viaje extraordinario a la mágica tierra de sus ancestros. Allí, el encantador embaucador Héctor se convierte en su inesperado amigo y le ayuda a descubrir los misterios detrás de las historias y tradiciones de su familia.	https://image.tmdb.org/t/p/w500/vwsFGblLYxWBNjg9pdWN1Mm5YfW.jpg	Familia, Animación, Música, Aventura	8.198	0	0";;
"Constantine - City of Demons The Movie [2018][1080p][1.44 Gb]	Constantine: Ciudad de Demonios	2018	10 años después de un trágico error, un padre de familia, Chas, y un detective, John Constantine, intentan curar a la hija de Chas, Trish, de un misterioso coma. Con la ayuda de la Enfermera Pesadilla, la influyente Reina de los Ángeles y el brutal dios azteca Mictlantecuhtli, la pareja tendrá que enfrentarse al demonio Beroul para salvar el alma de Trish.	https://image.tmdb.org/t/p/w500/dboNLFpCn4BBFUuFXNvOtf9Ty8J.jpg	Fantasía, Animación, Terror, Acción	7.678	0	0";;
"Constantine - La Casa del Misterio [2022][1080p][1.97 Gb]	Constantine: La Casa de los secretos	2022	Tras los sucesos de Apokolips War... John Constantine se despierta en la espeluznante Casa del Misterio sin recordar cómo llegó allí. Afortunadamente, Zatanna y sus amigos están todos allí. Desafortunadamente, tienen la mala costumbre de convertirse en demonios y despedazarlo una y otra vez.	https://image.tmdb.org/t/p/w500/eSC0opO0KwASl0vIRFtJEQwCQps.jpg	Animación, Acción, Aventura, Terror	6.859	0	0";;
"Coraline [2009]	Coraline: The Making of 'Coraline'	2009		https://image.tmdb.org/t/p/w500/1YqJhwqggXOSDrY1z5ox1EySBQq.jpg	Documental, Animación	5.0	0	0";;
"Corpse Bride [2005][1080p][1.75 Gb]	La novia cadáver	2005	Ambientada en un pueblecito europeo en el siglo XIX, esta película de animación fotograma a fotograma cuenta la historia de Victor, un joven que es llevado de repente al infierno, donde se casa con una misteriosa Novia Cadáver, mientras que su verdadera novia, Victoria espera en el mundo de los vivos. A pesar de que la tierra de los muertos resulta ser más colorista que su estricta educación victoriana, Victor aprende que no hay nada en este mundo, ni en el siguiente, que pueda separarle de su único y verdadero amor.	https://image.tmdb.org/t/p/w500/3ALM0VeZjGUryAqWo6pqohzbLDh.jpg	Romance, Fantasía, Animación	7.59	0	0";;
"Craig of the Creek	Craig of the Creek Live Action| Last Summer	2026		https://image.tmdb.org/t/p/w500/1TrcUilfDHPOmccwDfutJS4ir0e.jpg	Familia	0.0	0	0";;
"Creature Commandos	Comando Monster	2024 - 2025	En esta serie de animación de DC, un equipo secreto de monstruos son el último resorte para misiones que son demasiado peligrosas para los humanos.	https://image.tmdb.org/t/p/w500/5LJHcVhKbYyNuBMN2d4LAhDsP2P.jpg	Animación, Sci-Fi & Fantasy, Action & Adventure	7.758	2	8";;
"Cyberpunk - Edgerunners	Cyberpunk: Edgerunners	2022 - 2022	En una distopía plagada de corrupción e implantes cibernéticos, un chico prodigioso pero temerario trata de convertirse en un mercenario proscrito: un ‘edgerunner’.	https://image.tmdb.org/t/p/w500/rNkilVmALgaIb4SenfbaecRStDD.jpg	Animación, Action & Adventure, Drama, Sci-Fi & Fantasy	8.5	2	10";;
"Daria	Daria	2020		https://image.tmdb.org/t/p/w500/clQfVYD48lUIkfTAwMQxmfM3G3b.jpg	Suspense, Misterio	4.3	0	0";;
"Diary of a Wimpy Kid [2021][1080p][1.16Gb]	El diario de Greg	2021	""La exitosísima y tronchante saga literaria de Jeff Kinney cobra vida en la nueva aventura animada """"El diario de Greg"""", que narra las divertidas y desastrosas hazañas del escuálido y ambicioso Greg Heffley en su intento por sobrevivir a una de las experiencias más aterradoras y humillantes en la vida de cualquier preadolescente: el paso al instituto.""	https://image.tmdb.org/t/p/w500/w1cmE1bDlFOpYjKsAm15o9A4c4l.jpg	Animación, Comedia, Familia	6.238	0	0";;
"Diary of a Wimpy Kid Rodrick Rules [2022][1080p][3.14Gb]	El diario de Greg 2: La ley de Rodrick	2022	Un nuevo año escolar, su hermano Rodrick se burla de él una y otra y otra y otra vez. ¿Conseguirá Greg llevarse bien con él? ¿O un secreto arruinará todo?	https://image.tmdb.org/t/p/w500/50mgkPMIm0mCmn2F7eHsrdEPZcr.jpg	Animación, Comedia, Familia	6.794	0	0";;
"Disney Princess Enchanted Tales [2007][720p][700 Mb]	Cuentos encantados: Sigue tus sueños	2007	Dos aventuras protagonizadas por el par de las más hermosas princesas de Disney. La primera historia es con Aurora, la encantadora heroína de La bella durmiente. La segunda es con Jasmine, la morena belleza de Aladdin.	https://image.tmdb.org/t/p/w500/beAvTAhMQpTRxmlgGgpfg9F2rc1.jpg	Animación, Familia, Fantasía	6.48	0	0";;
"Dota - Dragon’s Blood	Dota: Sangre de dragón	2021 - 2022	Un Caballero Dragón atormentado pero valiente debe usar su poder de dragón para detener a un demonio letal en esta fantasía épica basada en el videojuego en línea.	https://image.tmdb.org/t/p/w500/s1wP1YeQS9fgSHiXZ3yJb2ufB2D.jpg	Sci-Fi & Fantasy, Action & Adventure, Animación	7.723	3	24";;
"Dragon Nest - Warriors' Dawn [2014][720p][932 Mb]	Dragon Nest: Warriors' Dawn	2014	La tierra de Altera ha observado una paz precaria desde hace años entre los humanos, elfos y bestias malas que son leales al legendario Dragón Negro. Pero éste sale de su hibernación, por lo que las bestias que marchan a través de Altera. Con una conquista peligrosamente cerca, un pequeño grupo de humanos y elfos se unen para tratar de encontrar un camino oculto secreto en la cueva del Dragón Negro para destruirlo. Pero el destino de todos ellos puede estar en las manos del joven guerrero Lambert, quien debe reunir la confianza y la habilidad necesaria para enfrentar al propio Dragón justo cuando todo esta a punto de perderse.	https://image.tmdb.org/t/p/w500/g2w3C3qap1btgCvFOJiYki4aNmy.jpg	Fantasía, Animación	7.588	0	0";;
"Dragon’s Dogma	Dragon's Dogma	2020 - 2020	Un hombre se lanza a aniquilar al dragón que asesinó a su esposa embarazada, pero cada demonio al que enfrenta le arrebata un poco más de humanidad.	https://image.tmdb.org/t/p/w500/vj0alCBuOutq55ZhmlLwEkalZpR.jpg	Animación, Action & Adventure, Sci-Fi & Fantasy	6.903	1	7";;
"Dragones de Berk	Dragones: Hacia nuevos confines	2015 - 2018	""Los Vikingos de isla Mema y sus antiguos enemigos, los dragones, viven juntos en paz, pero esta coexistencia no es tan armoniosa como uno puede pensar. Los dragones siendo aún bestias salvajes, sin querer crean algunos problemas en la isla";" y otra vez, dando lugar al más gruñón entre los vikingos a tomar una excepción a su presencia. Y en cada ocasión tal, corresponde a Hipo y sus amigos a trabajar en una solución para el problema.""	https://image.tmdb.org/t/p/w500/hTSOLJ0lxn8TS2SrW9j1zmiPBqW.jpg	Familia, Animación, Action & Adventure, Sci-Fi & Fantasy	8.4	6	78";
"Efectos Colaterales	Efectos colaterales del amor	2020	Centra su historia en torno a Henry Page, un estudiante adolescente que se considera un romántico empedernido, pero nunca se ha enamorado. El joven aspira a ser editor del periódico del instituto y vive feliz centrado en sus estudios para entrar en una buena universidad... hasta que Grace Town entra en su clase. Su nueva compañera no es precisamente la chica de sus sueños, pero poco a poco se enamora de ella cuando los dos son elegidos para editar el periódico del instituto.  Awesomeness Films se encarga de sacar adelante este proyecto inspirado en la novela que lleva el mismo nombre de la escritora australiana Krystal Sutherland.	https://image.tmdb.org/t/p/w500/wuAjv2IFNCEveIVQyZNDxvJhcSB.jpg	Drama, Romance	7.3	0	0";;
"El Chavo	El Chavo del Ocho: Lo Mejor De Don Ramón	2006		https://image.tmdb.org/t/p/w500/oZVC5bPp4tOFKybgaPUeANU2PfU.jpg	Comedia	10.0	0	0";;
"El Dorado [2000][1080p][3.58 Gb]	La ruta hacia El Dorado	2000	Siglo XVI. Dos jóvenes estafadores ganan en un juego de dados un mapa a El Dorado pero son descubiertos y perseguidos por los guardias. Logran escapar pero terminan por meterse en el barco del mismisimo Hernán Cortés. Escapan en un bote del barco y llegan a tierra arrastrados por el mar. Allí deciden emprender la búsqueda de la ciudad de oro al reconocer indicios que aparecían en el mapa, pero su aventura no terminará como ellos lo esperan.	https://image.tmdb.org/t/p/w500/yI7KqevlFBOJDpXFTZa0swDQZLU.jpg	Familia, Aventura, Animación, Comedia, Fantasía	7.289	0	0";;
"El Espanta Tiburones [2004][1080p][3 4 Gb]	El espantatiburones	2004	Oscar es un pececito de verbo ra?pido que suen?a con ser un pez gordo. Pero sus suen?os le meten en agua estancada cuando una gran mentira le convierte en un improbable he?roe. Al principio los dema?s peces se tragan el anzuelo de Oscar y le llueve la fama y la fortuna. Todo va con la marea a favor hasta que empieza a quedar claro que la historia que ha propagado Oscar de que es el gran defensor del atolo?n hace agua por todas partes. El pececito descubre que ser un he?roe significa que su vida esta? de rebajas: su mentira le va a convertir en la pesca del di?a. Oscar debe aprender a navegar entre dos aguas para volver a encontrar la corriente a su favor.	https://image.tmdb.org/t/p/w500/3vI17Q3mfkIEpvwItomxMy5w1gw.jpg	Animación, Acción, Comedia, Familia	6.041	0	0";;
"El Gigante De Hierro [1999][1080p][4 Gb]	El gigante de hierro	1999	En 1957, en la pequeña localidad de Rockwell, alguien ha visto cómo un enorme hombre metálico caía al mar. Un imaginativo niño descubre que se trata de un robot gigante, cuyo apetito de metal es insaciable. Entre ambos nace una fuerte amistad, pero el gobierno envía a un agente para investigar los hechos. El niño esconde a su nuevo compañero en la chatarrería de un amigo. Pero los habitantes del pueblo comienzan a sentirse aterrados porque creen que es una nueva amenaza en plena Guerra Fría.	https://image.tmdb.org/t/p/w500/voPAzJFyopCnLEwaBWpoX8uDvGI.jpg	Animación, Drama, Familia, Ciencia ficción	8.0	0	0";;
"El Increíble Mundo de Gumball	El asombroso mundo de Gumball	2011 - 2019	Narra las divertidas aventuras de Gumball y su peculiar familia en el idílico pueblecito de Elmore. Un papá conejo rosa de 1,95 metros, una madre que se gana la vida vendiendo arco iris, un gato azul muy torpe y una conejita con un cerebro superdotado componen la familia protagonista. No hay que olvidar a Darwin, un pez rojo que se convirtió en miembro del clan el día en que le crecieron piernas y pulmones. Así es el asombroso mundo de Gumball.	https://image.tmdb.org/t/p/w500/dMYY2XqsQvDEdTtPfykTEOUZngK.jpg	Animación, Familia, Sci-Fi & Fantasy, Comedia	8.5	6	240";;
"El Jorobado De Notre Dame [1080p]	El jorobado de Notre Dame	1996	Oculto a las miradas de todos los ciudadanos de París, en lo alto del campanario de la catedral de Notre Dame, vive Quasimodo. Su tutor, el juez Frollo, no le permite bajar nunca del Campanario. En compañía de tres simpáticas gárgolas de piedra, Victor, Hugo y Laverne, Quasimodo pasa las horas observando el bullicioso ir y venir de la gente. Hasta que un día, decide bajar a escondidas y conoce a la bella Esmeralda, con la que vivirá su mayor aventura.	https://image.tmdb.org/t/p/w500/pvnmJckCNgzEbuE5sHXX3tDRQox.jpg	Drama, Animación, Familia	7.131	0	0";;
"El Jorobado De Notre Dame 2 [1080p]	El jorobado de Notre Dame 2: El secreto de la campana	2002	El campanero Quasimodo ayudado por todos sus amigos se enfrentará en esta aventura a los planes del malvado Sarousch, hechicero y dueño de un circo. Sarouch pretende robar la famosa campana de la catedral, La Fidele. Para ello se vale de sus poderes de hechicería y obliga a la nueva amiga de Quasimodo, Madellaine a convertirse en su cómplice. El hijo de Esmeralda se interpone en sus planes e intenta detener a Sarousch. Quasimodo, ignorando los recelos de sus divertidas camaradas: las Gárgolas y guiado por su corazón, se lanza al rescate de su pequeño compañero y la valiosa campana. Secuela lanzada directamente al mercado de vídeo y DVD. (FILMAFFINITY)	https://image.tmdb.org/t/p/w500/dScUGvZUUsFzQJTUFoRXQdvIXpx.jpg	Animación, Familia, Comedia, Romance	5.384	0	0";;
"El Libro de la Selva [1967][1080p][2.63 Gb]	El libro de la selva	1967	Tras la muerte de sus padres, Mowgli, un niño de apenas dos años, queda abandonado en la selva y es recogido por una manada de lobos. En el seno de la manada, Mowgli es criado como un lobo más hasta que crece y empieza a desenvolverse por sí mismo en la selva.	https://image.tmdb.org/t/p/w500/1w8wk8htVPW5cdCYnRU4bt5y5Fw.jpg	Familia, Animación, Aventura	7.3	0	0";;
"El Libro de la Vida [2014][1080p][2.82 Gb]	El libro de la vida	2014	La película cuenta el viaje de Manolo, un joven torero que se debate entre cumplir con las expectativas de su familia o seguir su corazón y dedicarse a su verdadera pasión: la música. Antes de escoger el camino que seguirá, emprende una aventura recorriendo tres mundos fantásticos, donde tendrá que superar sus peores miedos.	https://image.tmdb.org/t/p/w500/k669nOalwu7NKhW7aWNJKN7Nxvi.jpg	Animación, Familia, Fantasía	7.5	0	0";;
"El Parque Mágico [2019][1080p][3.43 Gb]	El parque mágico	2019	""June es una niña optimista y alegre que un día descubre un parque de atracciones llamado """"Wonderland"""" escondido en el bosque. Allí conoce a una serie de divertidos animales que le explican que el parque, su hogar durante muchos años, está prácticamente en ruinas. Sólo June, con la ayuda de su imaginación y de sus nuevos amigos, podrá arreglarlo para salvar así a los animales que en él habitan, llevando de vuelta la magia a un lugar de ensueño.""	https://image.tmdb.org/t/p/w500/dDoGKgriAh6qr25l4NY8dMQhStF.jpg	Comedia, Animación, Aventura, Familia, Fantasía	6.6	0	0";;
"El Rey León [1994][1080p][3.32 Gb]	El rey león	1994	La sabana africana es el escenario en el que tienen lugar las aventuras de Simba, un pequeño león que es el heredero del trono. Sin embargo, se ve forzado a exiliarse al ser injustamente acusado de la muerte de su padre. Durante su destierro, hará buenas amistades y, finalmente, regresará para recuperar lo que legítimamente le corresponde.	https://image.tmdb.org/t/p/w500/b0MxU37dNmMwKtoPVYPKOZSIrIn.jpg	Animación, Familia, Drama	8.254	0	0";;
"El Rey Leon 2 El Reino De Simba [1998][1080p][2.42 Gb]	El rey león 2: El tesoro de Simba	1998	Kiara, la hija primogénita de Simba y heredera de los dominios del clan, va en busca de aventuras por el Serengeti. Escapando de sus cuidadores, Timón y Pumba, Kiara se adentra en las tierras oscuras, que se sitúan fuera de los límites establecidos para ella. Allí conoce a Kovu, un joven cachorro elegido para seguir las huellas de Scar. Alcanzar la paz entre los habitantes de las tierras oscuras y los del territorio de Simba depende de Kiara y Kovu. Pero... ¿llegará a encontrar el amor una manera de unir dos mundos tan diferentes?	https://image.tmdb.org/t/p/w500/zdD5VcvTD43p048ueswYdgLJZh.jpg	Aventura, Animación, Drama, Familia, Romance	6.939	0	0";;
"El Rey León 3 [2004][1080p][2.27 Gb]	El rey león 3: Hakuna Matata	2004	La diversión reina en esta nueva película en al que Timón y su simpático amigo Pumba son los grandes héroes de la Sabana. El Rey León 3 nos traslada al pasado, antes de que comenzase la historia de Simba, e incluso mucho más atrás. En esta nueva comedia de aventuras, Timón y Pumba te descubrirán sus orígenes, cuándo se conocieron y cómo ayudaron a Simba a salvar el Seregeti. Su historia incluye algunos de los grandes momentos de El Rey León, que ahora resultarán un poco diferentes desde su punto de vista. Por ejemplo, os sorprenderá conocer la verdad sobre cómo se desarrolló el trascendental momento en el que Simba fue presentado al reino animal.	https://image.tmdb.org/t/p/w500/x2SAEOXURbKDgKfdHdZ49VhPGrB.jpg	Aventura, Animación, Comedia, Familia	6.58	0	0";;
"El Zorro Y El Sabueso [1981][1080p][3.21 Gb]	Tod y Toby	1981	La aventura y la diversión de este clásico de la Disney comienzan cuando una adorable viuda adopta un precioso cachorro de zorro llamado Tod. El travieso zorro pronto se encuentra con Toby, un adorable cachorro de perro de caza. Así se hace los dos inseparables amigos... sin saber que por su naturaleza deberían ser enemigos. Bajo la mirada vigilante de Mamá Búho, Tod y Toby juegan y se divierten en el bosque, inconscientes de que en el futuro tendrán que enfrentarse y poner su amistad a prueba.	https://image.tmdb.org/t/p/w500/33jyy4W2usMrY796udOjcbMwput.jpg	Aventura, Animación, Drama, Familia	7.1	0	0";;
"Elemental (2023)	Elemental	2023	En una ciudad donde los residentes del fuego, el agua, la tierra y el aire viven juntos, una joven apasionada y un chico que se deja llevar por la corriente descubrirán algo elemental: cuánto tienen en común.	https://image.tmdb.org/t/p/w500/d79DeKDCgFOM23O8Dr6MELZVooY.jpg	Animación, Comedia, Familia, Fantasía, Romance	7.579	0	0";;
"Elio [2025][1080p][3.13 Gb]	Elio	2025	Cuenta la historia de Elio, un niño de 11 años, que lucha por encajar hasta que de repente es transportado por extraterrestres y es elegido para ser el embajador galáctico de la Tierra.	https://image.tmdb.org/t/p/w500/fqF7z5A8kFIrNtSdpEfjE539fna.jpg	Aventura, Animación, Comedia, Familia, Ciencia ficción	6.919	0	0";;
"En Sueños [2025][1080p][1.8 Gb]	En sueños	2025	Stevie y su hermano pequeño Elliot viajan al absurdo mundo de sus sueños para pedirle a Sandman que les conceda un deseo: la familia perfecta.	https://image.tmdb.org/t/p/w500/z2v3lNAA2ymrZuKof4J2vqFIBdw.jpg	Aventura, Animación, Comedia, Familia, Fantasía	6.955	0	0";;
"Encanto [2021] [1080p] [Dual Audio] [2,13 Gb]	Encanto	2021	Los Madrigal son una familia extraordinaria que vive en una casa mágica de un pueblo vibrante en las montañas de Colombia, escondidas en un 'Encanto'. La magia ha bendecido a cada niño de la familia con un don único, desde la superfuerza hasta el poder de sanar. A todos, excepto Mirabel, quien desea ser tan especial como el resto de su familia.  Pero cuando la magia que rodea al Encanto está en peligro, Mirabel decide que ella, la única Madrigal sin ningún tipo de don único, puede ser la única esperanza de su excepcional familia.	https://image.tmdb.org/t/p/w500/d0ezQ1Jz0lpNsX1skEmIvqRL7mN.jpg	Animación, Comedia, Familia, Fantasía	7.569	0	0";;
"Enredados (Tangled) [2010][1080p][4.52 Gb]	Enredados	2010	Flynn Rider, el más buscado -y encantador- bandido del reino, se esconde en una misteriosa torre y allí se encuentra con Rapunzel, una bella y avispada adolescente con una cabellera dorada de 21 metros de largo, que vive encerrada allí desde hace años. Ambos sellan un pacto y a partir de ese momento la pareja vivirá emocionantes aventuras en compañía de un caballo superpolicía, un camaleón sobreprotector y una ruda pandilla de matones	https://image.tmdb.org/t/p/w500/z5kvXWek4smCyeWBDJQkT5sLc9T.jpg	Animación, Familia, Aventura	7.613	0	0";;
"Entergalactic [2022][1080p][3.57 Gb]	Entergalactic	2022	Sigue la historia de dos jóvenes artistas que navegan por los giros y vueltas de encontrar el amor en la ciudad de Nueva York.	https://image.tmdb.org/t/p/w500/oMU3JpuKuasjAWIbUQgCaT6pco1.jpg	Animación, Romance, Música	7.687	0	0";;
"Erase una vez la vida	Érase una vez... El cuerpo humano	1987 - 1988	Erase una vez el Cuerpo Humano explica, de forma simple y amena a través de personajes animados, diferentes aspectos sobre anatomía y funcionamiento de nuestro cuerpo.	https://image.tmdb.org/t/p/w500/r3xqYvfNEAr5xnG5tsbe7J3WSGm.jpg	Animación, Kids, Documental, Familia	7.816	1	26";;
"Ferdinand [2017][1080p][4.10 Gb]	Ferdinand	2017	Ferdinand es un novillo muy tranquilo que prefiere sentarse bajo un árbol a oler las flores que saltar, resoplar y embestirse con otros toros. A medida que va creciendo y haciéndose fuerte, su temperamento no cambia y sigue siendo un toro manso. Un día, unos hombres vienen buscando al toro más grande, rápido y bravo... y Ferdinand es elegido equivocadamente para las corridas de toros de Madrid.	https://image.tmdb.org/t/p/w500/hC5FyR149ZOnXUuXdIHQN5LAozW.jpg	Animación, Familia, Aventura, Comedia	7.211	0	0";;
"Finding Nemo [2003][1080p][1.55 Gb]	Buscando a Nemo	2003	Nemo, un pececillo, hijo único muy querido y protegido por su padre, ha sido capturado en un arrecife australiano y ahora vive en una pecera en la oficina de un dentista de Sidney. El tímido padre de Nemo se embarcará en una peligrosa aventura para rescatar a su hijo. Pero Nemo y sus nuevos amigos tienen también un astuto plan para escapar de la pecera y volver al mar.	https://image.tmdb.org/t/p/w500/jPhak722pNGxQIXSEfeWIUqBrO5.jpg	Animación, Familia, Aventura	7.819	0	0";;
"Frankenweenie [2012][1080p][4.54 Gb]	Frankenweenie	2012	""De la mente del director Tim Burton ('Alicia en el país de las maravillas', 'La leyenda de Sleepy Hollow'), surge 'Frankenweenie', la tierna historia de un chico y su mascota. Cuando el pequeño perro Sparky fallece, Víctor (su amo y amigo) trata de usar diversas técnicas científicas para intentar revivir al animal, y traerlo de vuelta al mundo de los vivos, todo ello mediante algunos ajustes corporales. Aunque el chico intenta que nadie vea a su """"monstruo"""", el perro Sparky consigue escapar, los amigos del colegio del niño, sus profesores e incluso todos sus vecinos sabrán que construir una nueva vida puede llegar a ser algo terrible y escalofriante.""	https://image.tmdb.org/t/p/w500/4WZaUjHswR2mak767GEXgiWYxeq.jpg	Animación, Comedia, Familia	7.0	0	0";;
"Frozen [2013][720p][1.29 Gb]	Frozen: El reino del hielo	2013	Cuando una profecía condena a un reino a un invierno eterno, Anna, una joven optimista se une a un temerario montañero llamado Kristoff y a su compinche el reno Sven. Juntos emprenden un viaje épico en busca de Elsa, hermana de Anna y reina de Las Nieves para poner fin al gélido hechizo.	https://image.tmdb.org/t/p/w500/sGNuWC4BwqOB4l0tkbKwLy70tXC.jpg	Animación, Familia, Aventura, Fantasía	7.249	0	0";;
"Frozen 2 [2019][720p][970 Mb]	Frozen 2	2019	¿Por qué nació Elsa con poderes mágicos? La respuesta le está llamando y amenaza su reino. Junto con Anna, Kristoff, Olaf y Sven emprenderá un viaje peligroso e inolvidable. En 'Frozen: El Reino del Hielo', Elsa temía que sus poderes fueran demasiado para el mundo. En 'Frozen 2', deseará que sean suficientes.	https://image.tmdb.org/t/p/w500/jnFCk7qGGWop2DgfnJXeKLZFuBq.jpg	Familia, Animación, Aventura, Comedia, Fantasía	7.232	0	0";;
"Futurama	Futurama: El gran golpe de Bender	2007	La trama gira principalmente en torno a la conquista del planeta Tierrra por parte de una raza de estafadores. En ella aparecen los principales personajes de la serie, así como una enorme cantidad de personajes secundarios. La película aborda tambien la relacion Leela-Fry y la continuidad temporal durante los primeros años del siglo XXI.	https://image.tmdb.org/t/p/w500/aChIdHavSgTgiYbzZFKR7iMFgu3.jpg	Animación, Comedia, Ciencia ficción	7.371	0	0";;
"Ga'Hoole La Leyenda de los Guardianes [2010][1080p][2.71 Gb]	Ga'Hoole: La leyenda de los guardianes	2010	Soren es un joven búho que tendrá que luchar heroicamente para salvar a su pueblo de las fuerzas del Mal. Vive en el bosque Tyto, donde siempre ha reinado la paz entre las lechuzas. En su lucha contra el Mal, emprende un largo y angustioso viaje para buscar el Gran Árbol Ga'Hoole. Cuando lo encuentra, él y sus amigos tendrán que someterse a pruebas y afrontar desafíos inimaginables. Si son capaces de aprender de sus jefes y unos de otros, pronto se convertirán en verdaderas lechuzas de Ga'Hoole: honradas y valientes, sabias y sinceras.	https://image.tmdb.org/t/p/w500/dsOfwuOYnXUzOORTwYr9aKiKqtL.jpg	Animación, Aventura, Familia, Fantasía	6.831	0	0";;
"Garfield - Fuera de Casa [2024][1080p][3.15 Gb]	Garfield: La película	2024	El mundialmente famoso Garfield, el gato casero que odia los lunes y que adora la lasaña, está a punto de vivir una aventura ¡en el salvaje mundo exterior! Tras una inesperada reunión con su largamente perdido padre – el desaliñado gato callejero Vic – Garfield y su amigo canino Odie se ven forzados a abandonar sus perfectas y consentidas vidas al unirse a Vic en un hilarante y muy arriesgado atraco.	https://image.tmdb.org/t/p/w500/tkdc73JiPVvzngSpbLEIfFNjll1.jpg	Aventura, Animación, Comedia, Familia	7.0	0	0";;
"Garfield en la Vida Real	Garfield en la vida real	2007	Intentando escapar del tedio de la vida de papel, Garfield no tarda en darse cuenta de que los gatos de carne y hueso no disfrutan de las mismas ventajas que los micifuces de papel... y es que en cada esquina le esperan chihuahuas sedientos de sangre y cánidos culturistas. Pero gracias a la ayuda de unos nuevos amigos un tanto extravagantes y de algunos de sus viejos colegas, Garfield aprende con sus locas aventuras que la realidad no está sólo en el mundo real, sino allí donde se encuentra el corazón.	https://image.tmdb.org/t/p/w500/cRlJEevXbt183BYBhUw3cvldp7C.jpg	Familia, Comedia, Animación	4.993	0	0";;
"Gnomeo y Julieta [2011][720p][530 Mb]	Gnomeo y Julieta	2011	La obra de Shakespeare experimenta una transformación disparatada: la gran historia de amor es protagonizada por enanos de jardín. Gnomeo y Juliet, al igual que sus cuasi homónimos, tienen que superar un sinfín de obstáculos, pero en este caso no se deben al odio que enfrenta a sus familias, sino a una disputa entre vecinos. ¿Podrá este pareja vivir feliz para siempre entre flamencos rosas de plástico y demenciales carreras de cortadoras de césped?. Los dos enanos intentarán que su destino fatal no se cumpla. Lucharán para que su historia de amor tenga un final feliz. Cuenta con canciones clásicas y también originales de Elton John.	https://image.tmdb.org/t/p/w500/qPbBWRwGvYoOJbEBFkLs8KWUcnP.jpg	Animación, Familia	5.904	0	0";;
"Gravity Falls	Gravity Falls: Between the Pines	2016		https://image.tmdb.org/t/p/w500/ijAvJgPw2zf2LYy56fbFkPiZQDa.jpg	Animación, Comedia, Documental, Familia, Película de TV	9.0	0	0";;
"Green Snake [2021][1080p][4.27 Gb]	La serpiente verde	2021	Mientras intenta liberar a su hermana de las garras de Fahai, Xiao Qing acaba en una ciudad distópica y conoce a un misterioso hombre que no recuerda su pasado.	https://image.tmdb.org/t/p/w500/wpDfbawubKtY6JteqNv7wbNsSZx.jpg	Animación, Fantasía, Acción, Aventura	8.1	0	0";;
"Haunted Hotel	Haunted Hotel: A Melodrama in Augmented Reality	2022		https://image.tmdb.org/t/p/w500/iMQ2YksYRMVpksZxNnXBfhwoPYe.jpg		0.0	0	0";;
"Helluva Boss	Helluva Boss	2020 - 2024	En el infierno, el diablillo Blitzø (la 'o' es silenciosa) dirige un negocio de asesinos que apunta al mundo de los vivos, utilizando un libro de hechizos prestado de un príncipe del inframundo. Con los empleados Moxxie, Millie y Loona, intentan sobrevivir el uno al otro mientras mantienen el negocio a flote.	https://image.tmdb.org/t/p/w500/dgtuBsG2F4cGiumtHBKDru7PW9j.jpg	Animación, Comedia, Drama, Sci-Fi & Fantasy	7.634	3	20";;
"Hercules [1997][1080p][3.82 Gb]	Hercules (Sony Wonder)	1997	Cuenta la historia de Hercules, hijo de dioses	https://image.tmdb.org/t/p/w500/ncUSZtKYnhZ9S3wqpccpPQ5KXxf.jpg	Familia, Animación, Aventura	6.4	0	0";;
"Home [2015][1080p][3.62 Gb]	Home: Hogar dulce hogar	2015	Un grupo de pacíficos alienígenas se encuentran huyendo de sus enemigos, y deciden esconderse de ellos en la Tierra. Sin embargo, uno de estos humildes extraterrestres accidentalmente notifica a sus perseguidores cuál es su ubicación, y no le queda más remedio que huir junto con una chica adolescente.	https://image.tmdb.org/t/p/w500/d4s4JbRnCepEnMSzN9t9RXdKfXc.jpg	Fantasía, Comedia, Animación, Ciencia ficción, Familia	6.787	0	0";;
"Hora de Aventura	Hora de Aventuras	2007		https://image.tmdb.org/t/p/w500/2K0TUPjiSZSy7tS9IlE7H06WyPM.jpg	Aventura, Animación, Comedia, Fantasía, Misterio, Familia, Drama	8.6	0	0";;
"Hora de Aventura - Tierras Lejanas	Hora de Aventuras: Tierras Lejanas	2020 - 2021	Hora de Aventuras tiene una secuela con nuevas aventuras en otros mundos.	https://image.tmdb.org/t/p/w500/3If6yATaYZ2uXxBaPL6S70UrlcE.jpg	Animación, Action & Adventure, Comedia, Sci-Fi & Fantasy, Familia	8.158	1	4";;
"Hora de Aventura con Fionna & Cake	Hora de aventuras: Fionna y Cake	2023 - 2025	Fionna y Cake, con la ayuda del anterior Rey del Hielo, se embarcan en una aventura multiversal y en un viaje de autodescubrimiento.	https://image.tmdb.org/t/p/w500/2tgXQ9NU48mNgpsEWfyVzTb2Ho8.jpg	Animación, Action & Adventure, Comedia, Sci-Fi & Fantasy	8.642	2	20";;
"Horton y el Mundo de los Quien [2008][1080p][725 Mb]	Horton	2008	Horton no es sólo un bondadoso y torpón elefante, sino tambíen es el único animal capaz de oir a una microscópica comunidad aislada en una mota de polvo, lo que provocará que sus vecinos le tomen por loco e intenten destruir la mota de polvo en la que el pueblo de Villaquien vive en pacífica armonía. Horton está dispuesto a ayudar a los habitantes de Villaquién cuya frágil existencia pende de un hilo.	https://image.tmdb.org/t/p/w500/fU3Yqieroalzt3iIIT0oTjQpFsS.jpg	Animación, Comedia, Familia, Aventura, Fantasía	6.52	0	0";;
"Hotel Hazbin	Hazbin Hotel: Live on Broadway	2025		https://image.tmdb.org/t/p/w500/5GkJfdtw1aNh67Iunv8F6B3MR6K.jpg	Música	8.3	0	0";;
"Hotel Transylvania [2012][1080p][1.81 Gb]	Hotel Transilvania	2012	Drácula regenta un hotel en el que se alojan personajes como Frankenstein, la Momia, el Hombre Invisible, hombres-lobo... El problema del conde es que tiene una hija de espíritu aventurero a la que le resulta difícil controlar. El conflicto surge cuando se aloja en el hotel un ser humano que se siente atraído por la hija del dueño.	https://image.tmdb.org/t/p/w500/zvWlwBGQWuJ0wog65q1uS37BApC.jpg	Animación, Comedia, Familia, Fantasía	6.964	0	0";;
"Hotel Transylvania 2 [2015][1080p][3.6 Gb]	Hotel Transilvania 2	2015	Todo parece mejorar en el Hotel Transilvania. La rígida norma establecida por Drácula de “sólo para monstruos” se ha suprimido y se aceptan también huéspedes humanos. Lo que preocupa al conde es que que su adorable nieto Dennis, medio humano y medio vampiro, no dé señal alguna de vampirismo. Aprovechando que Mavis ha ido a visitar a sus suegros humanos, Drácula recluta a sus amigos Frank, Murray, Wayne y Griffin para hacer que Dennis pase por un campamento de “entrenamiento de monstruos”. Lo que ignoran es que Vlad, el gruñón padre de Drácula, está a punto de llegar al hotel. Y cuando descubra que su bisnieto no es de sangre pura y que los humanos pueden frecuentar el establecimiento las cosas se complicarán.	https://image.tmdb.org/t/p/w500/ndYVcm1k3h81MRDhzZCI4SxDzGp.jpg	Animación, Comedia, Familia, Fantasía	6.764	0	0";;
"Hotel Transylvania 3 - Unas vacaciones monstruosas [2018][1080p][3.75 Gb]	Hotel Transilvania 3: Unas vacaciones monstruosas	2018	Nuestra familia de monstruos favorita se embarca en un crucero de lujo para que por fin Drac pueda tomarse un descanso de proveer de vacaciones al resto en el hotel. Es una navegación tranquila para la pandilla de Drac, ya que los monstruos se entregan a toda la diversión a bordo que ofrece el crucero, desde el voleibol de monstruos y las excursiones exóticas, a ponerse al día con sus bronceados de luna. Pero las vacaciones de ensueño se convierten en una pesadilla cuando Mavis se da cuenta de que Drac se ha enamorado de la misteriosa capitana de la nave, Ericka, quien esconde un peligroso secreto que podría destruir a todos los monstruos.	https://image.tmdb.org/t/p/w500/p5eBnMRoFWjSua4DYdiKjmHP3H5.jpg	Animación, Comedia, Familia, Fantasía	6.852	0	0";;
"Hotel Transylvania 4 - Transformania [2022][1080p][3.22 Gb]	Hotel Transilvania: Transformanía	2022	""Drac y la pandilla vuelven, como nunca los habías visto antes en Hotel Transilvania: Transformanía. Volveremos a encontrarnos con nuestros monstruos favoritos en una aventura completamente nueva en la que Drac se enfrentará a una de las situaciones más aterradoras vividas hasta el momento. Cuando el misterioso invento de Van Helsing, el """"Rayo Monstrificador"""", se vuelve totalmente fuera de control, Drac y sus monstruosos amigos se transforman en humanos, ¡y Johnny se convierte en un monstruo!""	https://image.tmdb.org/t/p/w500/xNF8AxJc966FWk4SYqXxGHaZLHZ.jpg	Animación, Comedia, Familia, Aventura, Fantasía	7.035	0	0";;
"How to Train Your Dragon [2010][1080p][3.82 Gb]	How to Train Your Dragon: Legends	2010		https://image.tmdb.org/t/p/w500/4kEVqHV5egVoSl8OhDMImJozSaj.jpg	Familia, Animación, Aventura	7.825	0	0";;
"How to Train Your Dragon 2 [2014][1080p][3.97 Gb]	Cómo entrenar a tu dragón 2	2014	Han pasado cinco años desde que Hipo empezó a entrenar a su dragón, rompiendo la tradición vikinga de cazarlos. Astrid y el resto de la pandilla han conseguido difundir en la isla un nuevo deporte: las carreras de dragones. Mientras realizan una carrera, atraviesan los cielos llegando a territorios inhóspitos, donde nadie antes ha estado. Durante un viaje descubren una cueva cubierta de hielo que resulta ser el refugio de cientos de dragones salvajes, a los que cuida un misterioso guardián. Hipo y los suyos se unen al guardián para proteger a los dragones de las fuerzas malignas que quieren acabar con ellos.	https://image.tmdb.org/t/p/w500/bXcRw7FL8QzUZOvY2fZdwDv5ymQ.jpg	Fantasía, Acción, Aventura, Animación, Familia	7.682	0	0";;
"How To Train Your Dragon 3 - The Hidden World [2019][1080p][4.55 Gb]	Cómo entrenar a tu dragón 3	2019	""Lo que comenzó como la inesperada amistad entre un joven vikingo y un temible dragón, Furia Nocturna,  se ha convertido en una épica trilogía que ha recorrido sus vidas. En esta nueva entrega, Hipo y Desdentao descubrirán finalmente su verdadero destino: para uno, gobernar Isla Mema junto a Astrid";" para el otro, ser el líder de su especie. Pero, por el camino, deberán poner a prueba los lazos que los unen, plantando cara a la mayor amenaza que jamás haya afrontado... y a la aparición de una Furia Nocturna hembra.""	https://image.tmdb.org/t/p/w500/rhnoAReqO3Xoe6GbJhT3409lnq8.jpg	Animación, Familia, Aventura	7.751	0	0";
"I Am Frankelda [2025][1080p][3 Gb]	Soy Frankelda	2025	Frankelda, una decidida escritora mexicana del siglo XIX, viaja a su subconsciente para enfrentarse a los monstruos sobre los que ha escrito. Guiada por un príncipe atormentado, deberá restablecer el equilibrio entre ficción y realidad antes de que sea demasiado tarde.	https://image.tmdb.org/t/p/w500/bp7TxHXrUlTfCIiA0z2pdkX9X56.jpg	Animación, Familia, Fantasía, Terror, Aventura	8.377	0	0";;
"Ice Age [2002][1080p][2.61 Gb]	Ice Age: La edad de hielo	2002	Hace muchos, muchos años, tantos como 20.000, una pequeña ardirata de nombre Scrat quería esconder una bellota en el hielo. Pero lo que hace es provocar una semicatástrofe que provoca que todos los animales migren hacia el sur, hacia tierras más cálidas. Bueno, lo que se dice todos, todos, no. Porque hay uno que lleva la contraria: se trata del mamut Manfred, un auténtico lobo solitario vagabundo y soberbio que va hacia el norte sólo porque los demás están yendo hacia el sur.	https://image.tmdb.org/t/p/w500/9rpdhn7p7mDZW2rUXsINf9c6sR5.jpg	Animación, Comedia, Familia, Aventura	7.376	0	0";;
"Ice Age 2 [2006][1080p][2.65 Gb]	Ice Age 2: El deshielo	2006	¡Tus héroes favoritos han vuelto con otra magnífica aventura en esta gélida secuela del magnífico éxito mundial Ice Age! Y esta vez la cosa se calienta como la temperatura ambiente para Manny, Sid, Diego y Scrat, que abandonan su valle para escapar a una auténtica inundación de problemas y emprenden un divertidísimo viaje por un paisaje en pleno deshielo durante el cual conocen a Ellie.	https://image.tmdb.org/t/p/w500/q3D7vBGrJVrVrZSJjVQN8lN0e6c.jpg	Animación, Familia, Comedia, Aventura	6.719	0	0";;
"Ice Age 3 [2009][1080p][2.75 Gb]	Ice Age 3: El origen de los dinosaurios	2009	""Tercera parte de las aventuras de Diego, Scrat y compañía. En esta ocasión, les tocará lidiar con varios dinosaurios. Scrat sigue intentando apoderarse de la muy escurridiza bellota"; Manny y Ellie esperan el nacimiento de su mini-mamut;" Sid, el perezoso, se mete en un buen lío al formar de repente una familia propia tras encontrarse unos huevos de dinosaurio.""	https://image.tmdb.org/t/p/w500/zufHIdp8szvgkt8VCnJEF2fo1tN.jpg	Animación, Comedia, Familia, Aventura	6.767	0	0"
"Ice Age 4 [2012][1080p][2.89 Gb]	Ice Age 4: La formación de los continentes	2012	La loca persecución de Scrat por su escurridiza bellota desde el principio de los tiempos, tiene consecuencias que cambiarán el mundo: un cataclismo continental que desencadenará la mayor de las aventuras para Manny, Diego y Sid. En medio de estas agitaciones, Sid se reencuentra con su Abuelita Gruñona y la manada tropieza con una extraña cuadrilla de piratas de altamar decididos a impedirles su regreso a casa.	https://image.tmdb.org/t/p/w500/qYiZOCXkOYtYfolUUdJKoZ8xPsL.jpg	Animación, Comedia, Aventura, Familia	6.386	0	0";;
"Ice Age 5 [2016][1080p][2.97 Gb]	Ice Age: El gran cataclismo	2016	En la nueva historia veremos a Scrat y su mítica bellota en el espacio, donde accidentalmente desencadenará una serie de acontecimientos que amenazarán la Edad de Hielo. Para salvarse, Sid, Manny, Diego y el resto de la manada deberán salir de su hogar y embarcarse en una aventura llena de comedia y aventuras, viajando por tierras exóticas donde se encontrarán con nuevos y peculiares personajes.	https://image.tmdb.org/t/p/w500/vgxlqI40AUXmpBzcwlLsYZI5EcR.jpg	Aventura, Animación, Familia, Comedia, Ciencia ficción	6.113	0	0";;
"Igor [2008][720p][730 Mb]	Igor	2008	Igor, el ayudante del Dr. Glickenstein decide realizar su propio experimento, buscando ganar la feria de ciencia maligna, y de esa forma convertirse en un científico loco por derecho propio.	https://image.tmdb.org/t/p/w500/mI4SPs0bZQm7bGVZKToC8KUsTd.jpg	Animación, Comedia, Familia, Fantasía, Terror	5.9	0	0";;
"Injustice [2021][1080p][2.4 Gb]	Injustice	2021	Cuando Lois Lane muere, un Superman desquiciado decide tomar el control de la Tierra. Decidido a detenerlo, Batman crea un equipo de héroes que luchan por la libertad. Pero cuando los superhéroes van a la guerra, ¿podrá sobrevivir el mundo?	https://image.tmdb.org/t/p/w500/kgHNxYZc6vXzb9i91Y3cie6fDFi.jpg	Animación, Ciencia ficción, Fantasía, Acción	7.3	0	0";;
"Inside Job	Inside Job	2010	Documental no sólo sobre las causas, sino también sobre los responsables de la crisis económica mundial de 2008, que signíficó la ruina de millones de personas que perdieron sus hogares y empleos, y, además, puso en peligro la estabilidad económica de los países desarrollados. A través de una extensa investigación y de entrevistas a financieros, políticos y periodistas, se muestra el auge de empresarios sin escrúpulos y la degradación de la política y la educación.	https://image.tmdb.org/t/p/w500/iQNan0jUyZIkfMmhytPeGCCAfJI.jpg	Documental, Crimen	7.704	0	0";;
"Inside out [2015][1080p][1.33 Gb]	Del revés (Inside Out)	2015	Riley es una chica que disfruta o padece toda clase de sentimientos. Aunque su vida ha estado marcada por la Alegría, también se ve afectada por otro tipo de emociones. Lo que Riley no entiende muy bien es por qué motivo tiene que existir la Tristeza en su vida. Una serie de acontecimientos hacen que Alegría y Tristeza se mezclen en una peligrosa aventura que dará un vuelco al mundo de Riley.	https://image.tmdb.org/t/p/w500/sG3bHZWCMOZwhUq71WbPG9Vrrwc.jpg	Animación, Familia, Aventura, Drama, Comedia	7.909	0	0";;
"Inside Out 2 [2024][1080p][3.41 Gb]	Del revés 2 (Inside Out 2)	2024	Riley entra en la adolescencia y el Cuartel General de su cabeza sufre una repentina reforma para hacerle hueco a algo totalmente inesperado propio de la pubertad: ¡nuevas emociones! Alegría, Tristeza, Ira, Miedo y Asco, con años de impecable gestión a sus espaldas (según ellos...) no saben muy bien qué sentir cuando aparece con enorme ímpetu Ansiedad. Y no viene sola: le acompañan envidia, vergüenza y aburrimiento.	https://image.tmdb.org/t/p/w500/lE3DCRI7bQgHSiIuEPcFiXpiuGV.jpg	Animación, Aventura, Comedia, Familia	7.5	0	0";;
"Invencible	Invencible (Unbroken)	2014	Narra la historia real de Louis Zamperini, un joven que, tras participar en los Juegos Olímpicos de 1936, se alistó en las Fuerzas Aéreas de los Estados Unidos para luchar en la Segunda Guerra Mundial (1939-1945). Cuando el bombardero en el que combatía se estrelló en medio del Pacífico, navegó a la deriva hasta que fue capturado por los japoneses.	https://image.tmdb.org/t/p/w500/s4i7KnVQQnXM6LvBAlGYFUwJIeh.jpg	Drama, Bélica	7.4	0	0";;
"Jack y la Mecanica del Corazon [2014][720p][1 1 Gb]	La mecánica del corazón	2014	Edimburgo, año 1874. Jack es un chico no muy normal. Nació en la noche más fría de la historia y como consecuencia tiene el corazón congelado. Sin embargo, para que funcione, Madeleine, la comadrona, le instala un mecanismo especial que depende de un delicado reloj. Aunque su corazón funcione a la perfección, Jack debe seguir tres reglas que, si alguna vez incumpliera, su corazón dejaría de funcionar. Estas reglas son: no tocar nunca las agujas del mecanismo, dominar su ira, y sobre todo, no enamorarse jamás.  Todo va bien hasta que Jack conoce a Miss Acacia, una pequeña cantante que ve actuar en la calle. Jack, poniendo en riesgo su corazón, decide seguir a Miss Acacia, embarcándose en un viaje por toda Europa, lleno de aventuras y fantasía, en el que Jack aprenderá a descubrir a los demás, pero también a sí mismo.	https://image.tmdb.org/t/p/w500/1FxgKRI2eIfgxGQfSej211wjl4O.jpg	Animación, Romance, Aventura, Drama, Fantasía	7.221	0	0";;
"Jentry Chau Contra el Inframundo	Jentry Chau contra el inframundo	2024 - 2024	A punto de cumplir 16 años, una joven redescubre sus poderes de fuego —que había reprimido durante años— y tiene que enfrentarse a sus demonios… en todos los sentidos.	https://image.tmdb.org/t/p/w500/wz9bpOMLXJemaC6qVL9tyDtSBxp.jpg	Animación, Action & Adventure, Sci-Fi & Fantasy, Comedia	8.159	1	13";;
"Joseph - King of Dreams (2000)	Joseph: Rey de los Sueños	2000	Con su don de la interpretación de los sueños y su abrigo de colores brillantes, José inspira celos en sus hermanos y es vendido como esclavo. Esta narración animada de la historia del libro de Génesis de la Biblia cuenta con animación de primera clase y un trabajo de voz excelente, con Ben Affleck, Mark Hamill y Jody Benson. Sano y sin sermonear, José: Rey de los sueños hará las delicias de toda la familia.	https://image.tmdb.org/t/p/w500/A4Xa0kKzsGE8Tl6X2QARdhsAtUg.jpg	Familia, Animación, Drama	6.906	0	0";;
"Justice League - Crisis on Infinite Earths – Part One [2024][1080p][2.9 Gb]	Liga de la Justicia: Crisis en Tierras Infinitas - Parte 1	2024	El Antimonitor (la contrapartida malvada del Monitor) es liberado en el Multiverso DC y comienza a destruir las diferentes Tierras que lo componen. El Monitor intenta reclutar héroes de todo el Multiverso, pero es asesinado. Adaptación animada de La Liga de la Justicia: Crisis en Tierras Infinitas.	https://image.tmdb.org/t/p/w500/kr36D6FiF8mNrsPz4fL6OUAvrrJ.jpg	Animación, Ciencia ficción, Acción	7.3	0	0";;
"Justice League - Crisis on Infinite Earths – Part Three [2024][1080p][3 Gb]	Liga de la Justicia: Crisis en Tierras Infinitas - Parte 1	2024	El Antimonitor (la contrapartida malvada del Monitor) es liberado en el Multiverso DC y comienza a destruir las diferentes Tierras que lo componen. El Monitor intenta reclutar héroes de todo el Multiverso, pero es asesinado. Adaptación animada de La Liga de la Justicia: Crisis en Tierras Infinitas.	https://image.tmdb.org/t/p/w500/kr36D6FiF8mNrsPz4fL6OUAvrrJ.jpg	Animación, Ciencia ficción, Acción	7.3	0	0";;
"Justice League - Crisis on Infinite Earths – Part Two [2024][1080p][2.9 Gb]	Liga de la Justicia: Crisis en Tierras Infinitas - Parte 1	2024	El Antimonitor (la contrapartida malvada del Monitor) es liberado en el Multiverso DC y comienza a destruir las diferentes Tierras que lo componen. El Monitor intenta reclutar héroes de todo el Multiverso, pero es asesinado. Adaptación animada de La Liga de la Justicia: Crisis en Tierras Infinitas.	https://image.tmdb.org/t/p/w500/kr36D6FiF8mNrsPz4fL6OUAvrrJ.jpg	Animación, Ciencia ficción, Acción	7.3	0	0";;
"Justice League Dark [2017][1080p][1.16 Gb]	La Liga de la Justicia Oscura	2017	Cuando un grupo de demonios crean una serie de alucinaciones entre la población que les lleva a cometer crímenes violentos, Batman y el resto de la Liga de la Justicia se ve en la necesidad de formar un nuevo grupo de superhéroes con capacidades mágicas, liderado por Constantine, para salvar a la humanidad.	https://image.tmdb.org/t/p/w500/axfmTcHRK3TTXrCLXD9HtchMuwG.jpg	Animación, Acción, Aventura, Fantasía, Ciencia ficción, Terror	7.298	0	0";;
"Justice League Dark Apokolips War [2020][1080p][1.44 Gb]	Liga de la Justicia Oscura: La Guerra Apokolips	2020	Culminando seis años de una aventura que comenzó con el lanzamiento de Justice League: War en 2014, Justice League Dark: Apokolips War presenta un planeta Tierra totalmente devastado por el tirano intergaláctico Darkseid en el que los superhéroes apenas han podido hacer frente a la guerra. Los últimos bastiones de guerreros que aún quedan en pie deben reagruparse para crear una estrategia que les permita enfrentarse a Darkseid con el propósito de salvar al planeta y a sus pocos supervivientes. Esta es la guerra que acabará con todas las guerras.	https://image.tmdb.org/t/p/w500/osrf7VTgAwTLIr38dxJl2Y7q35H.jpg	Animación, Acción, Aventura, Fantasía	8.198	0	0";;
"Justice League Throne of Atlantis [2015][1080p][2.62 Gb]	La Liga de la Justicia: El trono de Atlantis	2015	Los Villanos Orm y Manta negra hacen su jugada contra el mundo de la superficie después de la batalla con las fuerzas de Apokolips de Darkseid en La Aventura Anterior, tuvieron consecuencias mortales para Atlantis, Mera, la reina de la civilización submarina perdida busca su otro hijo, al hemanastro de Orm, Arthur Curry. Ahora vive en el mundo de la superficie con misteriosos poderes que no entiende, siguiendo los pasos de Arthur en su destino como el verdadero Rey de Atlantis como Aquaman, ahora el, asociándose con la Liga de la justicia para salvar y unir a todas las personas del mundo, y de Detener los Planes de Orm y Manta Negra, Para Siempre..	https://image.tmdb.org/t/p/w500/hKHWoabqFg7QVS4Xqu5Q84PmuAo.jpg	Ciencia ficción, Acción, Animación, Aventura	6.983	0	0";;
"Justice League Warworld [2023]	Justice League: Warworld	2023	Hasta ahora, la Liga de la Justicia ha sido una asociación informal de personas con superpoderes. Pero cuando son arrastrados a Warworld, un lugar de interminables y brutales combates de gladiadores, Batman, Superman, Wonder Woman y los demás deben unirse de alguna manera para formar una resistencia imbatible capaz de llevar a todo un planeta a la libertad.	https://image.tmdb.org/t/p/w500/OKeu0tqBBdcnKVABplvLYhOEZT.jpg	Animación, Acción, Ciencia ficción, Aventura	6.754	0	0";;
"Justicia Joven	La Liga de la Justicia contra los Jóvenes Titanes	2016	Cuando las tendencias agresivas de Damian casi destruyen una misión de la Liga de la Justicia, es enviado para aprender el trabajo en equipo y ser entrenado junto a los Teen Titans. Sin embargo, el ajuste de la actitud de Damian resulta ser el menor de los problemas de los ‘Teen Titans’ cuando el satánico padre de Raven, Trigon, trama un plan para escapar de su prisión interdimensional. Para completar su regreso, Trigon debe tener la asistencia de Raven – y para lograr su objetivo, extenderá sus fuerzas demoníacas por todo el mundo infiltrándose en las mentes y los cuerpos de la Liga de la Justicia para hacer su voluntad. Para salvar el universo y evitar que la tierra se convierta literalmente en el infierno, los Teen Titans deben rescatar o derrotar a la Liga de la Justicia, y mantener encerrado a Trigon por toda la eternidad.	https://image.tmdb.org/t/p/w500/6cUDnsWQSeknDeasWpq59WNjWjd.jpg	Ciencia ficción, Acción, Animación	7.275	0	0";;
"Kim Possible	Kim Possible	2019	Kim Possible es una chica normal y corriente que se dedica a salvar al mundo en su tiempo libre. Con la ayuda de su mejor amigo, Ron Imparable, pelea contra villanos y hace frente a un sinfín de amenazas.	https://image.tmdb.org/t/p/w500/2iCzzBa7VfaWC3ihw1H1d6Ft8Wq.jpg	Familia, Acción, Aventura, Comedia, Película de TV	5.5	0	0";;
"King of the Hill	King of the Hill: A 70th Anniversary Retrospective of Cincinnati’s King Records	2014		https://image.tmdb.org/t/p/w500/6FpWaLetzr46QT9ktLEcOyLZwab.jpg	Música, Documental, Historia	4.6	0	0";;
"Kizazi Moto Generation Fire	Kizazi moto: Generación Fuego	2023 - 2023	""Esta antología de ciencia ficción animada cargada de acción presenta diez visiones futuristas de África que se inspiran en diferentes historias y culturas del continente. Con la producción del director y ganador de un Óscar, Peter Ramsey, estos diez cortos son obra de una nueva generación de animadores e imaginan desde una mirada africana nuevos mundos llenos de avances tecnológicos, extraterrestres, espíritus y monstruos";" África como nunca antes la has visto.""	https://image.tmdb.org/t/p/w500/vB147fvjZQsjDkmM0sPBoU59Ivq.jpg	Animación, Action & Adventure, Sci-Fi & Fantasy	6.2	1	10";
"Klaus [2019][1080p][2.87 Gb]	Klaus	2019	Un cartero egoísta y un juguetero huraño forjan una amistad muy especial, que sembrará la alegría en un pueblo frío y oscuro.	https://image.tmdb.org/t/p/w500/aLniylyJlbXEdxvaGSuQkRACWUx.jpg	Animación, Familia, Comedia	8.222	0	0";;
"Kung Fu Panda - El guerrero dragón	Kung Fu Panda: El caballero del dragón	2022 - 2023	Durante una merecida gira gastronómica por China, acusan injustamente a Po de hacer un uso indebido de un arma mágica. Para recuperar su reputación, Po recurre a la ayuda de una guerrera inglesa impaciente y juntos emprenden una búsqueda épica.	https://image.tmdb.org/t/p/w500/8wIb3Oy4fKkre9kAt7mCwWd4kaS.jpg	Animación, Action & Adventure, Comedia, Kids, Sci-Fi & Fantasy	7.492	3	42";;
"Kung Fu Panda - The Paws of Destiny	Kung Fu Panda: The Paws of Destiny	2018 - 2019	Aunque Po ha superado toda clase de retos a lo largo de su vida, nadie le ha preparado para asumir el más grande y peligroso de todos al que tendrá que hacer frente como profesor de Kung Fu junto a un grupo de niños en el Pueblo Panda. Tanto él como sus pupilos se embarcan en una aventura en la que viven increíbles historias, pelean en feroces batallas y van camino de convertirse en auténticas leyendas vivas.	https://image.tmdb.org/t/p/w500/74uZKQGQNJXhd362CvWp1vGF4f1.jpg	Animación, Kids, Familia, Action & Adventure, Comedia	7.245	2	26";;
"Kung Fu Panda 1 [2008][1080p][2.66Gb]	Kung Fu Panda	2008	El protagonista es un oso panda llamado Po, el más vago de todas las criaturas del Valle de la Paz. Con poderosos enemigos acercándose, la esperanza es depositada en una antigua profecía que dice que un héroe se alzará para salvarles. Voces originales de Jack Black, Angelina Jolie, Dustin Hoffman, Lucy Liu & Jackie Chan.	https://image.tmdb.org/t/p/w500/zcORJ8s9zsBjvKxP0k4FASQSjpf.jpg	Acción, Animación, Comedia, Familia	7.323	0	0";;
"Kung Fu Panda 2 [2011][1080p][2.71Gb]	Kung Fu Panda 2	2011	""Po está ahora viviendo su sueño como el Guerrero del Dragón, protegiendo el Valle de la Paz junto a sus amigos y sus compañeros maestros del kung fu. Los Cinco Furiosos. Pero su nueva e impresionante vida se encuentra amenazada por la aparición de un villano formidable, que planea usar un arma secreta imparable para conquistar China y destruir el kung fu. Po debe volver la vista a su pasado para descubrir los secretos de su misterioso origen";" solo entonces podrá adquirir la fuerza que necesita para vencer.""	https://image.tmdb.org/t/p/w500/aNji9U9SPTecmoqGippQUBEyouy.jpg	Animación, Familia, Comedia, Acción	7.066	0	0";
"Kung Fu Panda 3 [2016][1080p][3.66 Gb]	Kung Fu Panda 3	2016	Cuando el durante mucho tiempo perdido padre de Po aparece de repente, el dúo ya reunido viaja a un paraíso secreto de pandas para conocer a montones de nuevos e hilarantes osos. Pero cuando el villano sobrenatural Kai comienza a recorrer toda China venciendo a todos los maestros de kung fu, Po deberá hacer lo imposible: aprender a entrenar a una comunidad repleta de divertidos y torpes hermanos para formar el equipo definitivo de Kung Fu Pandas.	https://image.tmdb.org/t/p/w500/t11f8palNbICK9Ip5QLrUfhLJYq.jpg	Animación, Acción, Aventura, Comedia, Familia	6.927	0	0";;
"Kung Fu Panda 4 [2024][1080p][2.96 Gb]	Kung Fu Panda 4	2024	""Po se prepara para ser el líder espiritual del Valle de la Paz, buscando un sucesor como Guerrero Dragón. Mientras entrena a un nuevo practicante de kung fu, enfrenta al villano llamado """"el Camaleón"""", que evoca villanos del pasado, desafiando todo lo que Po y sus amigos han aprendido.""	https://image.tmdb.org/t/p/w500/2xgGWjM3a38E4KTLapvC53RnpN1.jpg	Acción, Aventura, Animación, Comedia, Familia, Fantasía	7.002	0	0";;
"La Bella Y La Bestia [1991][1080p][2.4 Gb]	La bella y la bestia	1991	Una hermosa joven llamada Bella acepta alojarse en un castillo con una bestia a cambio de la libertad de su padre. La bestia es, en realidad, un príncipe encantado. Para romper el hechizo, deberá ganarse el amor de una preciosa dama antes de que caiga el último pétalo de una rosa encantada.	https://image.tmdb.org/t/p/w500/1FxMtEUc6DP1MXsTBftOFaoCVVO.jpg	Romance, Familia, Animación, Fantasía	7.728	0	0";;
"La Bella Y La Bestia 2 - Una Navidad Encantada [1997][1080p][2.4 Gb]	La bella y la bestia 2: Una navidad encantada	1997	Es víspera de Navidad y Bella planea animar y decorar el sombrío castillo de Bestia con alegría y muchos adornos, aún sabiendo que Bestia odia la Navidad. Antes de que empiece la fiesta, Bella, junto a todos los personajes que encandilaron al mundo, descubren que el Maestro Fortes, un malvado órgano de tubos y su fiel y divertido compañero Pífano están tratando de sabotear el evento. Ni siquiera bajo esta terrible amenaza, Bella desiste de enseñar a Bestia el verdadero significado de la Navidad. Con una animación exquisita, esta película brilla con nuevos y sorprendentes personajes, música envolvente y magia.	https://image.tmdb.org/t/p/w500/xY0MXOXPfUIif5RkzpobTMvCtma.jpg	Animación, Fantasía, Familia, Romance	6.233	0	0";;
"La Cancion Del Mar [2014][1080p][3.49 Gb]	La canción del mar	2014	Ben y Saoirse son dos hermanos que viven en un faro de una isla junto a su padre que, para protegerlos de los peligros del mar, los envía con su abuela a la ciudad. Allí Ben descubre que su hermana pequeña es una Selkie, un hada del mar, una niña-foca que cantando puede liberar a los Seres Mágicos del sortilegio que les hizo la Bruja de los Búhos. Juntos emprenderán un viaje fantástico.	https://image.tmdb.org/t/p/w500/5JuW5B0UnD1ihhRXJdZbuvfrgcS.jpg	Familia, Animación, Fantasía	7.996	0	0";;
"La Casa Buho	Casa Búho	2020 - 2023	Luz, una adolescente humana muy segura de sí misma, tropieza con un portal a un nuevo mundo mágico donde se hace amiga de una bruja rebelde, Eda, y de un adorable y diminuto guerrero, Rey. A pesar de no saber hacer magia, Luz persigue su sueño de convertirse en bruja aprendiendo de Eda en la Casa Búho, y acaba por encontrar una nueva familia en un entorno extraño.	https://image.tmdb.org/t/p/w500/lE5OYF0axjCVtrxLMetA8i8QpZ8.jpg	Animación, Action & Adventure, Comedia, Sci-Fi & Fantasy, Familia	8.666	3	43";;
"La Cenicienta [1950][1080p][2.52 Gb]	La Cenicienta	1950	Cenicienta vive con su madrastra y las dos hijas de ésta. Las tres le hacen la vida imposible y la tienen trabajando sin parar en las labores del hogar. Pero ella establece amistad con los animales de la casa, que le ayudarán a asistir al baile Real al que su madre no le permite ir.	https://image.tmdb.org/t/p/w500/vqzeSm5Agvio7DahhKXaySUbUUW.jpg	Familia, Fantasía, Animación, Romance	7.049	0	0";;
"La Cenicienta 2 - Un Sueño Hecho Realidad [2002][1080p][984 Mb]	La Cenicienta II: ¡La magia no termina a media noche!	2002	Recién coronada como princesa, Cenicienta aprende rápidamente que la vida en palacio y sus responsabilidades reales son más complicadas de lo que había imaginado. En tres conmovedoras historias, Cenicienta pide a sus amigos los animales y a su Hada Madrina que la ayuden a desempeñar su papel real, y descubre que ser fiel a uno mismo es la mejor manera de hacer sus sueños realidad.	https://image.tmdb.org/t/p/w500/eUoQl8Bhd4s5woTc35lHFijhLcW.jpg	Familia, Animación, Romance, Fantasía	6.123	0	0";;
"La Cenicienta 3 - Un Giro en el Tiempo [2007][1080p][991 Mb]	La Cenicienta III: Qué pasaría si…	2007	La madrastra de Cenicienta se apodera de la varita mágica del Hada Madrina para viajar atrás en el tiempo y lograr cambiar el curso de los acontecimientos mediante un maléfico hechizo.	https://image.tmdb.org/t/p/w500/hnu7CGMc1zQejwjUIEGcSikdhmV.jpg	Animación, Romance, Familia, Fantasía	6.5	0	0";;
"La Cumbre de los Dioses [2021][1080p][3 Gb]	La cumbre de los dioses	2021	¿George Mallory murió subiendo o bajando por la cima del Everest, el 8 de junio de 1924? Setenta años después, cuando Fukamachi, un joven reportero, compra una vieja cámara Kodak en un mercado de Katmandú, cree que puede encontrar la respuesta. Este descubrimiento lo lleva al mundo de los montañeros ansiosos que persiguen conquistas imposibles, donde el amor y los fantasmas se entrelazan.	https://image.tmdb.org/t/p/w500/xHJAunNc8wyC4hOprU1Vur7dgSs.jpg	Animación, Aventura, Misterio	7.8	0	0";;
"La Dama Y El Vagabundo [1955][1080p][3.5 Gb]	La dama y el vagabundo	1955	""Reina es una preciosa perrita de pura raza que vive feliz en su hogar. Jaimito y Linda, la miman mucho y ella corresponde feliz a sus cuidados. Sin embargo, el día en que sus dueños deciden hacer un viaje, la vida de Reina se ve alterada";" la llegada de la tía Sara con sus gatos no provoca más que sobresaltos. Menos mal que conoce a Golfo, un perro vagabundo muy simpático""	https://image.tmdb.org/t/p/w500/vHbizQYlkL8MwtOdsdWaPuR5N5w.jpg	Animación, Familia, Romance, Aventura, Comedia	7.124	0	0";
"La Dama Y El Vagabundo 2 [2001][1080p][2.7 Gb]	La dama y el vagabundo 2: Las aventuras de Golfillo	2001	Los encantadores perritos Reina y Golfo han sido padres de cuatro cachorros: Anette, Colette, Daniela y Golfillo. Este último es el más travieso de todos y se ve atraído por la libertad del mundo exterior lejos de las normas domésticas. Una noche escapa de casa y conoce a Ángela, una preciosa perrita huérfana que vive en las calles. Junto a ella y un grupo de nuevos amigos descubrirá un mundo desconocido para él. ¿Encontrará Golfillo la aventura de su vida en las calles, o aprenderá a valorar el amor que le brinda la familia que dejó atrás?	https://image.tmdb.org/t/p/w500/wHVa5xmRD4r2RT4peQMSQqz1hNs.jpg	Animación, Familia, Romance, Aventura	6.343	0	0";;
"La Fiesta de las Salchichas - Comidatopia	La fiesta de las salchichas: Frutopía	2024 - 2025	Tras acabar con la humanidad, la comida intenta crear su propia utopía.	https://image.tmdb.org/t/p/w500/vauSduQlUarPFPPq5MIhSvmdSw7.jpg	Animación, Comedia, Action & Adventure, Sci-Fi & Fantasy	6.842	2	16";;
"La Fiesta de las Salchichas [2016][1080p][3.81 Gb]	La fiesta de las salchichas	2016	La trama sigue el drama de una salchicha y sus amigos, otros productos de supermercado, cuando descubren que serán brutalmente asesinados al llegar a casa de sus compradores. Es entonces que necesitan encontrar una manera de regresar al supermercado y avisar a sus amigos de lo que realmente sucede con la comida.	https://image.tmdb.org/t/p/w500/4YiHAxavhMLaBqOzx7ZirmOwNkD.jpg	Aventura, Animación, Comedia, Fantasía	5.752	0	0";;
"La Gallina Turuleca [2019][1080p][2.92 Gb]	La Gallina Turuleca	2020	Turuleca es una gallina singular. Su peculiar aspecto desata las burlas del resto del gallinero, hasta que un día Isabel, una ex-profesora de música, la lleva a vivir a su granja. Allí, feliz y en armonía, la gallina descubre su gran talento oculto con la ayuda de Isabel: ¡Turuleca no sólo puede hablar, sino que canta como jamás has oído cantar a una gallina!	https://image.tmdb.org/t/p/w500/cTZb36ZHSGWX12GZj6mIE3TAXfe.jpg	Familia, Animación, Música, Aventura	7.1	0	0";;
"La Gran Aventura de Winnie the Pooh [1997][1080p][1.08 Gb]	La gran aventura de Winnie the Pooh	1997	De la espesura del Bosque de los Cien Acres llega una nueva y encantadora película protagonizada por el más querido de los osos. Es el último día de verano, y Christopher Robin no se atreve a decirle a Pooh que se marcha para ir al colegio. Así que decide escribirle una nota, que Pooh y el resto de sus amigos malinterpretan. Creyendo que su querido amiguito se ha perdido y tiene problemas, Pooh, Piglet, Igor y Conejo se embarcan en la que será la mayor aventura de sus vidas: ¡la búsqueda de Christopher Robin! Cinco deliciosas nuevas canciones que realzan el mensaje que transmite la historia: aunque estén separados por la distancia, los amigos siempre permanecen unidos en el corazón. Una preciosa historia que cautivará al público de todas las edades.	https://image.tmdb.org/t/p/w500/qa419JCL94R6GzS6WWiLKf4pTzi.jpg	Animación, Familia, Aventura	7.148	0	0";;
"La Granja [2007][1080p][1.44 Gb]	La granja maldita	1970	Una joven pareja hereda una granja. Deciden irse a vivir al campo y reconstruirla. Una vez dentro de ella, unas fuerzas sobrenaturales comenzarán a manifestarse.	https://image.tmdb.org/t/p/w500/h3JF9ntnWhpqba1caOLNEh6bEri.jpg	Terror, Película de TV	6.08	0	0";;
"La Leyenda de Vox Machina	La leyenda de Vox Machina	2022 - 2026	Son un hatajo de pendencieros inadaptados reconvertidos en mercenarios. A Vox Machina le interesa más el dinero fácil y la cerveza barata que proteger el reino. Pero cuando este se ve amenazado por algo maligno, esta bulliciosa panda se da cuenta de que nadie más puede restablecer la justicia.	https://image.tmdb.org/t/p/w500/zaupUro1dIxKE4GyikKDyxNU6Tu.jpg	Animación, Sci-Fi & Fantasy, Action & Adventure	8.201	4	48";;
"La leyenda del Charro Negro (2018)	La Leyenda del Charro Negro	2018	Conoce la historia del Charro Negro, el hombre que pasa las noches a caballo buscando a sus víctimas.  Después de liberar al Chupacabras, Leo San Juan, decide que es el momento de regresar junto con su hermano Nando a casa de su abuela. A mitad del camino, el Charro Negro logra confundir a Leo y por su culpa, una niña inocente es arrastrada al inframundo. Leo se ve obligado a reparar el daño. Sus amigos acudirán para intentar ayudarle y poder salir de allí cuanto antes. Pero no es casualidad que el Charro haya elegido involucrar a Leo, sus intenciones van más allá de conseguir un alma nueva.	https://image.tmdb.org/t/p/w500/fDLJ5vIeRL68cIHlob11w2pBzH0.jpg	Animación, Fantasía, Acción, Familia, Terror	8.136	0	0";;
"La Leyenda del Rey Mono El Regreso del Heroe [2015][720p][700 Mb]	La Leyenda del Rey Mono: El Regreso del Héroe	2015	El todopoderoso Rey Mono una vez vagó libremente entre el Cielo y la Tierra, pero después de enfadar a los Dioses, fue encarcelado dentro de una jaula de hielo en las profundidades de las montañas. 500 años después, los monstruos atacan una pequeña aldea y un niño huye a las montañas. Sin saberlo, el niño libera al Rey Mono de su maldición. Con la ayuda y el ánimo de este niño especial, el Rey Mono intentará salvar al pueblo de los malvados monstruos.	https://image.tmdb.org/t/p/w500/gYYtHnUw2UyADX1WVXIuA4G8M9j.jpg	Fantasía, Animación, Comedia	6.923	0	0";;
"La Película de Tigger [2000][1080p][4.2 Gb]	La película de Tigger	2000	Tigger y Rito hacen una minuciosa búsqueda en el Bosque de los Cien Acres reuniendo pistas sobre la familia de Tigger.	https://image.tmdb.org/t/p/w500/zMEky5WS29EjnmeSXvSm4YATV2R.jpg	Animación, Familia, Comedia	6.625	0	0";;
"La Princesa y El Sapo [2009][1080p][2.89 Gb]	Tiana y el sapo	2009	Tiana, una muchacha de origen humilde que vive en Nueva Orleans, trabaja como camarera y cocinera para conseguir realizar el sueño que compartio con su padre, conseguir abrir su propio restaurante.Pero todo cambia cuando el Príncipe Naveen, heredero de la corona de Maldonia, llega a la ciudad. En su camino se cruza el Doctor Facilier, un brujo vudú que engaña al príncipe y lo convierte en una rana. Atrapado en su nueva forma, Naveen intentará romper el encantamiento utilizando la forma clásica de los cuentos, es decir, con el beso de una princesa. Convence a Tiana para que le bese pero, las cosas no son tan sencillas.	https://image.tmdb.org/t/p/w500/lSNqVycC40mujo0tiRZvp6Ef5qQ.jpg	Animación, Romance, Fantasía, Familia	7.224	0	0";;
"La Sirenita [1989][1080p][2.83 Gb]	La sirenita	1989	Ariel es una sirena adolescente, hija de Tritón, el rey del mar. Desobedeciendo a su padre, visita la superficie y se enamora del príncipe Eric. Con la esperanza de encontrar a su amado, la sirenita cae inocentemente bajo los encantos de Úrsula, la bruja del mar, que la transforma en un ser humano. Pero la bruja tiene planes terribles para Ariel y su padre.	https://image.tmdb.org/t/p/w500/Vc0KvO7z2OzEbRs6nyZs9xD81s.jpg	Animación, Familia, Fantasía	7.351	0	0";;
"La Sirenita 2 - Regreso al Mar [2000][1080p][3.37 Gb]	La sirenita 2: Regreso al mar	2000	Ariel y el Príncipe Eric viven felices desde que por fin consiguieron casarse, superando todos los obstáculos a los que se enfrentaron en ”La Sirenita”, y ambos son padres de una preciosa niña, Melody. Ahora que la malvada Úrsula ya no existe, la vida sonríe a Ariel y al resto de la familia. Sin embargo, la llegada de la hermana de Úrsula, Morgana, pone en peligro el futuro de la pequeña. Para proteger a su hija, Ariel y Eric deciden no hablarle del pasado de Ariel como sirena, y construyen una enorme muralla para mantener el castillo aislado del mar...	https://image.tmdb.org/t/p/w500/1m6JsSmBa4X1Kp35YW3QPbMpByF.jpg	Animación, Aventura, Familia, Comedia	6.4	0	0";;
"La Sirenita 3 - Los Comienzos de Ariel [2008][1080p][2.27 Gb]	La Sirenita III: El comienzo de Ariel	2008	Mucho antes de conocer al príncipe Eric y poner los pies en la tierra, Ariel era una de las siete hijas queridas del poderoso rey Tritón. Pero los tiempos estaban cambiando en el reino submarino, y la música estaba prohibida. En esta aventura, Ariel, sus hermanas y sus amigos los leales Sebastián y Flounder, se esfuerzan por devolver la música y la amistad al reino de Atlántica.	https://image.tmdb.org/t/p/w500/oP09KA2lP5SluKVf8AmRsf38X7q.jpg	Familia, Animación	6.7	0	0";;
"La Vida Secreta De Tus Mascotas [2016][1080p][3.5 Gb]	Mascotas	2016	Comedia acerca de la vida que llevan nuestras mascotas cuando cerramos la puerta detrás de nosotros camino del trabajo o del colegio.	https://image.tmdb.org/t/p/w500/ubv09HE6hcxrhvoWxyTwQSMj8W6.jpg	Animación, Comedia, Familia, Aventura	6.319	0	0";;
"La Vida Secreta De Tus Mascotas 2 [2019][1080p][3.8 Gb]	Mascotas 2	2019	Los perros Duque y Max se acostumbran al nuevo miembro de la familia y a la vida en el campo mientras sus amigos sortean varias crisis en la ciudad.	https://image.tmdb.org/t/p/w500/dqGsG2uNV9JGgrfODbTafPUukci.jpg	Animación, Comedia, Familia, Aventura	6.9	0	0";;
"Las Aventuras De Winnie Pooh [1977][1080p][3 Gb]	Lo mejor de Winnie the Pooh	1977	""El osito Pooh es el mejor amigo que puedes dar a tus hijos. Con él aprenderán valores como la amistad, el compañerismo y la generosidad. Ideal para niños de 2 a 7 años. Siguiendo la tradición de las grandes obras maestras de Disney como Cenicienta y Peter Pan, llega el Clásico animado nº 22 de Walt Disney inspirado en las fantásticas historias de A.A. Milne. En este vídeo encontrarás una recopilación de las mejores aventuras de Winnie The Pooh, creadas por el propio Walt Disney. Contiene: Winnie The Pooh y el Arbol de la Miel, Winnie The Pooh y el Bosque Encantado, ganadora de un Oscar © al Mejor Corto Animado y """"Winnie The Pooh... ¡ Y Tigger También!. Disfruta con Pooh y sus amigos de las más intrépidas aventuras en el bosque de los Cien Acres.""	https://image.tmdb.org/t/p/w500/nxYMMFrFiqfj4YLbOHAidRZBI3f.jpg	Animación, Familia, Aventura	7.235	0	0";;
"Las Chicas Superpoderosas	Las Supernenas: la película	2002	Creadas con azucar... especias... muchas cosas bonitas... y una enorme dosis de la potente y misteriosa sustancia conocida como ingrediente X, Pétalo, Burbuja y Cactus -las Supernenas- comienzan la increible aventura de cómo se convirtieron en las protectoras de la ciudad de Townsville. Si bien tienen poderes tan increíbles como ojos de rayos láser, una fuerza sobrehumana y la capacidad de volar a la velocidad de la luz, las Chicas sólo están en párvulos. Aunque no quieren hacer daño a nadie, sus ganas de jugar unidas a sus superpoderes, casi destruyen su querida ciudad y ahora los hombres, mujeres y niños de Townsville las ven como una amenaza. Las Supernenas, abatidas, acuden al misterioso genio Mojo Jojo en busca de ayuda... pero el malvado Mojo Jojo tiene sus propios planes perversos, ¡cómo liderar un ejército de monos para destruir el mundo! ¿Conseguirán Las Supernenas saber la verdad sobre Mojo Jojo y salvar Townsville y el mundo por primera vez... antes de irse a dormir?	https://image.tmdb.org/t/p/w500/yAFalW8UtdJg1z1gPjXx8C1sXZq.jpg	Animación, Acción, Familia	6.781	0	0";;
"Las Guerreras K-pop [2025][1080p][4.32 Gb]	Las guerreras k-pop	2025	Cuando no están llenando estadios, las superestrellas del K-pop Rumi, Mira y Zoey usan sus poderes secretos para proteger a sus fans de una amenaza sobrenatural.	https://image.tmdb.org/t/p/w500/6EQMqEmdG5HoGe2zT1WwWUMvVhv.jpg	Fantasía, Música, Comedia, Animación	8.025	0	0";;
"Las Locuras Del Emperador [2000][1080p][2.95 Gb]	El emperador y sus locuras	2000	El arrogante y egoísta emperador Cuzco es traicionado y convertido en llama por la ambiciosa Yzma y su guardaespaldas Kronk. El emperador, que una vez lo tuvo todo, se verá abocado a confiar en un llano y simpático campesino llamado Pacha, para encontrarse a sí mismo.	https://image.tmdb.org/t/p/w500/X9jChoAotaGU81lEraUVi8RHOe.jpg	Aventura, Animación, Comedia, Familia, Fantasía	7.561	0	0";;
"Lazarus	Lazarus: Apocalypse	2014		https://image.tmdb.org/t/p/w500/8OIdlTc4kEpjdjE9Br3b8Zi8Kkf.jpg	Terror	3.6	0	0";;
"Leo [2023][1080p][4.04 Gb]	Leo	2023	Leo (Sandler) es un lagarto de 74 años que lleva atrapado en el mismo aula de Florida durante décadas con su compañera de terrario, una tortuga (Bill Burr). Cuando se entera de que solo le queda un año de vida, Leo planea escapar para experimentar la vida en el exterior, pero entonces comienzan sus problemas.	https://image.tmdb.org/t/p/w500/bx3nuzVSyDSrSj0HqE2SFvZEeKT.jpg	Animación, Comedia, Familia	7.4	0	0";;
"Leroy & Stitch [2006][1080p][3 Gb]	Leroy y Stitch	2006	Como recompensa por recuperar los 625 experimentos, Lilo, Stitch, Jumba y Peakley han sido enviados a los distintos lugares de la galaxia donde cada uno cree pertenecer, pero sus vidas pronto se ven altreradas cuando el malévolo Dr. Hamsterviel escapa de prisión y obliga a Jumba a crear un nuevo experimento: Leroy, el malvado gemelo de Stitch. Todo empeora además cuando Hamsterviel clona a esta nueva criatura para crear su propio ejército. La tarea de Lilo consistirá en reunir a Stitch y al resto de la pandilla para combatir al malvado ejército de Leroys... Cuando las cosas se ponen feas, nuestros amigos decubrirán que el lugar al que realmente pertenecen es aquel en el que están todos juntos...	https://image.tmdb.org/t/p/w500/1LCfRArffse3PnqkACooOHkWcry.jpg	Animación, Comedia, Familia, Ciencia ficción	6.5	0	0";;
"Liga de la Justicia Ilimitada	Liga de la Justicia Ilimitada	2004 - 2006		https://image.tmdb.org/t/p/w500/vRRvCUREeqqnp3hHdqep83eQjdP.jpg	Animación, Action & Adventure, Sci-Fi & Fantasy	8.293	3	39";;
"Lilo and Stitch [2002][1080p][2.2 Gb]	Lilo & Stitch	2002	""Lilo es una niña hawaiana que se siente sola y decide adoptar un """"perro"""" muy feo al que llama Stitch. Stitch sería la mascota perfecta... si no fuera en realidad un experimento genético que ha escapado de un planeta alienígena y que ha aterrizado por casualidad en la tierra.""	https://image.tmdb.org/t/p/w500/dTYyAszU6NWbmWGvhqLZpZTdS5T.jpg	Animación, Familia, Comedia, Ciencia ficción	7.56	0	0";;
"Lilo and Stitch 2 [2005][1080p][1.8 Gb]	Lilo & Stitch 2: El efecto del defecto	2005	""Un adorable alienígena se adapta a la vida en Hawái, y todo va como la seda hasta que se le """"cruzan los cables"""" y todo se vuelve un caos. Ahora todos tienen que ayudar para salvar a su divertido amigo.""	https://image.tmdb.org/t/p/w500/l71VXcph19ZwJr2ZtEFuZA6ZzK5.jpg	Animación, Familia, Comedia, Ciencia ficción	6.7	0	0";;
"Lilo y Stitch - La Serie	Lilo y Stitch	2003 - 2006	Stitch, alias ''Experimento 626'', vive en la Tierra con sus amigos Lilo, Nani y los alienígenas Jumba y Pleakley. Por culpa de una serie de problemas inesperados, los seres resultantes de los otros 625 experimentos van a parar a Hawai. El problema es que algunos de ellos son criaturas especialmente peligrosas. La misión de Gantu, que trabaja para el malvado doctor Jacques Von Hamsterviel, es encontrar a los 625 alienígenas, que el doctor quiere utilizar para llevar a cabo sus terroríficos planes.	https://image.tmdb.org/t/p/w500/jP84yEbvIxWXIKGFYpfyfQhfMWZ.jpg	Animación, Familia, Comedia, Action & Adventure, Sci-Fi & Fantasy, Kids	7.422	2	67";;
"Lluvia de Hamburguesas [2009][1080p][3.9 Gb]	Lluvia de albóndigas	2009	Adaptación del libro homónimo de Judi Barrett, una parodia animada de los films de catástrofes, como Armageddon, Twister o Independence Day. El protagonista es Flint, un joven científico que sueña con inventar algo que le mejore la vida a todos sus vecinos. Tras muchos intentos consigue crear algo que realmente funciona: una máquina que hace caer comida del cielo.	https://image.tmdb.org/t/p/w500/cMs3pxK1xjse7fJooGZsWAlrk6Q.jpg	Animación, Comedia, Familia	6.658	0	0";;
"Lluvia de Hamburguesas 2 - La Venganza de las Sobras [2013][1080p][4.2 Gb]	Lluvia de albóndigas 2	2013	Flint ya ha conseguido lo que perseguía desde siempre: ser un reconocido investigador admirado por todos. Después de crear su máquina que creaba comida a partir de agua ('Lluvia de albóndigas 1'), el director de la prestigiosa compañía The Live Corp Company y gran investigador, Chester V, ha contratado a Flint para que forme parte de su equipo, formado por los mejores investigadores del mundo. El protagonista está lleno de alegría, pero muy a su pesar descubrirá que el invento que creó está dando resultados inesperados y altamente peligrosos. A partir de los restos de comida que caían del cielo se han creado bestias mutantes de todo tipo (cocodrilos, arañas, chimpacés…) que ponen en peligro la seguridad de los humanos. Flint contará con la ayuda de todos sus amigos para poner fin a esta pesadilla.	https://image.tmdb.org/t/p/w500/wLnAUHnQXacLZs1PJnkq0ns0u2y.jpg	Animación, Familia, Comedia	6.452	0	0";;
"Locos por las Nueces [2014][1080p][2.3 Gb]	Operación Cacahuete	2014	Comedia repleta de acción establecida a finales de los años 50's en una ficticia Oakton, donde veremos las andanzas de una traviesa ardilla y su compinche rata, quienes planean un atraco a un almacén de nueces que se les acabará yendo de las manos.	https://image.tmdb.org/t/p/w500/jIXmFMnAGpW5nA1czbtIhSrB9Ey.jpg	Animación, Comedia, Familia, Aventura	5.864	0	0";;
"Looney Tunes Back in Action [2003][1080p]	Looney Tunes: De nuevo en acción	2003	""Cansado de que toda la atención vaya a parar a Bugs Bunny, el pato Daffy abandona Hollywood y se une al especialista en doblaje recientemente despedido Bobby Delmont para embarcarse juntos en una aventura. Su misión: encontrar un diamante azul desaparecido del padre de Bobby, y permanecer un paso por delante de Bugs Bunny y una ejecutiva del estudio que van tras su pista... Mezcla de personajes de animación de la Warner Bros. -los creados por Chuck Jones- y actores reales, escrita por uno de los responsables de la serie """"Los Simpsons"""". (FILMAFFINITY)""	https://image.tmdb.org/t/p/w500/6QIy1WUEX4piBh2mXkJAZ6zEU6r.jpg	Animación, Comedia, Familia	6.363	0	0";;
"Lórax - En Busca de la Trúfula [2012][1080p][2 Gb]	Lorax. En busca de la trúfula perdida	2012	Un chico se propone conquistar el afecto de la chica de sus sueños. Para conseguirlo, debe averiguar la historia del Lorax, una encantadora aunque gruñona criatura que lucha por proteger un mundo en vías de extinción.	https://image.tmdb.org/t/p/w500/b7FMtquHglzxIi938cHIgVQuPx5.jpg	Animación, Familia	6.527	0	0";;
"Los Pinguinos de Madagascar	Los Pinguinos de Madagascar: Nuevo en el Zoo	2010	En una situación en gran medida independiente de la película Madagascar, la serie sigue las aventuras de cuatro pingüinos, Skipper (el líder del grupo), Kowalski (el inteligente), Private/Cabo (el menor y adorable) y Rico (el experto en armas), en la Ciudad de Nueva York en el Zoológico de Central Park. Los pingüinos llevan sus misiones en su hábitat en el Parque Central. Participan Julien, el rey de los lémures, y sus súbditos Maurice y Mort, sus nuevos vecinos, que constituyen la exhibición de lémures en el zoológico. Ahora los pingüinos deben mantener las cosas bajo control, a menudo a pesar de las payasadas de los lémures.	https://image.tmdb.org/t/p/w500/dPuexEohzIiylofuq6y5UwqHZDK.jpg	Familia, Animación, Comedia, Aventura	7.2	0	0";;
"Los Pingüinos de Madagascar [2014][1080p][3.45 Gb]	Los pingüinos de Madagascar	2014	""Skypper, Kowalsky, Rico y Cabo, los superagentes pingüinos, tienen que salvar el mundo en una misión para la que llevan prepárandose toda la vida. Dicha misión tendrán que realizarla junto al denominado equipo """"Viento del norte"""", un comando de élite especializado en salvar animales que no pueden defenderse por si solos.""	https://image.tmdb.org/t/p/w500/lEnUxCpQUyntm2eLBzCTv3bfplV.jpg	Familia, Animación, Aventura, Comedia	6.534	0	0";;
"Los Pitufos	Los pitufos	2011	Gargamel descubre la aldea mágica de los Pitufos y provoca con sus malas artes que la abandonen y se dispersen por el bosque. Por desgracia, Tontín se equivoca de camino y, junto con otros pitufos, entrará en una ruta prohibida. La luna azul y un portal mágico los transportarán a Central Park, en Nueva York. Sin embargo, Gargamel sigue persiguiéndolos, por lo que los Pitufos buscarán refugio en casa de un matrimonio...	https://image.tmdb.org/t/p/w500/ufpzGicM1hZQMzRzTRHAcIQXjXi.jpg	Animación, Familia, Aventura, Comedia, Fantasía	5.756	0	0";;
"Los Pitufos [2025][1080p][4.6 Gb]	Los pitufos	2011	Gargamel descubre la aldea mágica de los Pitufos y provoca con sus malas artes que la abandonen y se dispersen por el bosque. Por desgracia, Tontín se equivoca de camino y, junto con otros pitufos, entrará en una ruta prohibida. La luna azul y un portal mágico los transportarán a Central Park, en Nueva York. Sin embargo, Gargamel sigue persiguiéndolos, por lo que los Pitufos buscarán refugio en casa de un matrimonio...	https://image.tmdb.org/t/p/w500/ufpzGicM1hZQMzRzTRHAcIQXjXi.jpg	Animación, Familia, Aventura, Comedia, Fantasía	5.756	0	0";;
"Los Simpson - La película [2007][1080p][1.4 Gb]	Los Simpson: La película	2007	Homer debe salvar al mundo de una catástrofe que él mismo ha provocado. Todo comienza con Homer, su nueva mascota, un cerdo, y un silo lleno de excrementos que tiene una fuga, una combinación que desencadena un desastre distinto a todo lo que Springfield haya experimentado jamás. Mientras Marge está indignada por la monumental metedura de pata de su patán marido, una turba vengativa cae sobre el hogar de los Simpson...	https://image.tmdb.org/t/p/w500/d9wHkwF9ttnNKuOoEIStve32jEk.jpg	Animación, Comedia, Familia	7.023	0	0";;
"Los Simpson - Santa Homero [2024][1080p][1.4 Gb]	(Ho Ho Ho) Santa Homer	2024	Las cosas se tuercen cuando el famoso mentalista británico Derren Brown llega a Springfield, Homer es hipnotizado y se cree Santa Claus, lo que desata una festiva reacción en cadena.	https://image.tmdb.org/t/p/w500/q4nny4lnjnLYzN10EvBBRsJComp.jpg	Animación, Comedia	6.9	0	0";;
"Los Simpsons	Los Simpson: La película	2007	Homer debe salvar al mundo de una catástrofe que él mismo ha provocado. Todo comienza con Homer, su nueva mascota, un cerdo, y un silo lleno de excrementos que tiene una fuga, una combinación que desencadena un desastre distinto a todo lo que Springfield haya experimentado jamás. Mientras Marge está indignada por la monumental metedura de pata de su patán marido, una turba vengativa cae sobre el hogar de los Simpson...	https://image.tmdb.org/t/p/w500/d9wHkwF9ttnNKuOoEIStve32jEk.jpg	Animación, Comedia, Familia	7.023	0	0";;
"Love, Death and Robots	Love, Death & Robots	2019 - 2025	Seres terroríficos, sorpresas retorcidas y humor negro convergen en esta antología de relatos animados para adultos presentada por Tim Miller y David Fincher.	https://image.tmdb.org/t/p/w500/vL5BQvXH96cJzmNK5n7QliQxy90.jpg	Animación, Sci-Fi & Fantasy	8.209	4	45";;
"Luca [2021][1080p][1.98 Gb]	Luca	2021	Ambientada en un precioso pueblo costero de la Riviera italiana, narra la historia sobre el paso a la edad adulta de un chico que vive un verano inolvidable lleno de helados, pasta e infinitos paseos en scooter. Luca comparte estas aventuras con su nuevo mejor amigo, pero toda la diversión se ve amenazada por un secreto muy profundo: él es un monstruo marino de un mundo que yace bajo la superficie del agua.	https://image.tmdb.org/t/p/w500/pr06RihHOGE3waZQx5fs2WYUdwr.jpg	Animación, Comedia, Drama, Familia, Fantasía	7.781	0	0";;
"Luck [2022][1080p][3.3 Gb]	Luck	2022	Sam Greenfield es la persona con menos suerte del mundo. Cuando de repente se encuentra en la desconocida Tierra de la Suerte, debe aliarse con los seres mágicos que la habitan para que su suerte cambie.	https://image.tmdb.org/t/p/w500/bwlHp4KsAyuEIAtbYs4mxCkrgyx.jpg	Animación, Aventura, Comedia, Fantasía, Familia	7.716	0	0";;
"Madagascar [2005][1080p][3.03 Gb]	Madagascar	2005	Cuenta la historia de cuatro divertidos animales del zoo de Central Park, Nueva York, (Alex el león, Marty la cebra, Gloria la hipopótamo y Melman la jirafa). Llevan toda su vida encerrados en cautividad sin poder experiemtnar el sabor de la libertad y se han propuesto idear un plan para salir de allí juntos. Un día, una serie de casualidades les llevan a lograr lo que tanto ansiaban y huyen de aquel lugar. Terminan en plena naturaleza, concretamente en la idílica isla de Madagascar. Allí descubrirán, a base de apasionantes aventuras, que la vida salvaje es muy diferente a lo que ellos pensaban y que vivir en libertad no es tan fácil como imaginaban.	https://image.tmdb.org/t/p/w500/zrV5GnfCcLWzyjrFgYTpjQPRMfl.jpg	Aventura, Animación, Comedia, Familia	6.923	0	0";;
"Madagascar 2 [2008][1080p][3.14 Gb]	Madagascar 2	2008	Abandonados en las lejanas costas de Madagascar, los neoyorquinos han ideado un plan tan loco que hasta podría funcionar. Con precisión militar, los pingüinos han reparado un viejo avión estrellado. Una vez a bordo, esta improbable tripulación permanece en el aire el tiempo suficiente para aterrizar en el lugar más salvaje de todos: las vastas llanuras de la propia África, donde la tripulación se encuentra por primera vez con seres de su propia especie.	https://image.tmdb.org/t/p/w500/zYbvSjajQrb2jU9rUo5Mt06stPd.jpg	Aventura, Animación, Comedia, Familia	6.529	0	0";;
"Madagascar 3 - Los Fugitivos [2012][1080p][3.49 Gb]	Madagascar 3: De marcha por Europa	2012	Alex el león, Marty la cebra, Melman la jirafa y Gloria la hipopótamo están decididos a regresar como sea al Zoo de Central Park en Nueva York. Tras abandonar África, toman un desvío y emergen, literalmente, en Europa, persiguiendo a los pingüinos y chimpancés que se las han arreglado para hacer saltar la banca de un casino de Montecarlo. Pronto, los animales son descubiertos por la capitana Chantel DuBois, una testaruda francesa encargada del control de animales, y a la que no le gusta nada que unos animales del zoo anden sueltos por su ciudad.	https://image.tmdb.org/t/p/w500/8fKTIecTVNURB6CRFjYMypggRL2.jpg	Animación, Familia, Comedia, Aventura	6.636	0	0";;
"Marvel Zombies	Marvel Zombies: The Movie	2008		https://image.tmdb.org/t/p/w500/vpVE2jeIJRTCCDqjnEugiMw4LOD.jpg	Terror, Aventura	5.0	0	0";;
"Marvel’s Spider-Man	Stan Lee's Mutants, Monsters & Marvels	2002		https://image.tmdb.org/t/p/w500/6rMBWh7iZxmWmLvXt5dW8farQJx.jpg	Documental	6.885	0	0";;
"Megalobox	Megalo Box	2018 - 2021	""En una tierra desolada donde la pobreza aguarda en cada esquina, una moto recorre los caminos a toda velocidad dejando tras de sí una nube de polvo. Sobre ella viaja nuestro protagonista, un hombre sin nombre, sin futuro y sin pasado. Lo único que tiene este hombre es su nombre sobre el ring, """"Perro Chatarrero"""", y se gana la vida amañando combates de MEGALOBOX con su compañero.""	https://image.tmdb.org/t/p/w500/jJNt35kX7Ovxm3zZqt0eaSzwFxO.jpg	Animación, Action & Adventure, Drama, Sci-Fi & Fantasy	7.915	2	26";;
"Mi Villano Favorito [2010][1080p][2.21 Gb]	Mi villano favorito presenta: La locura de los minions	2010	""Vuelve a visitar """"el mayor villano del mundo"""" y su malicioso equipo en Mi villano favorito presenta: la locura de los minions. Inéditas en los cines, estas tres minipelículas reproducen las siguientes aventuras de los queridos y divertidísimos minions. Entérate de lo que pasa el """"Día de Orientación"""", cuando los nuevos trabajadores de Gru inician su formación. Más tarde todo es un caos en """"Maquillaje Casero"""", cuando Margo, Edith y Agnes contratan a los minions para hacer su casa más acogedora para la familia. Finalmente, lo que comienza como un almuerzo normal, se convierte en una batalla campal en """"Plátano"""". Para que toda tu familia se divierta, ¡solo necesitas un poco de Locura de los minions!""	https://image.tmdb.org/t/p/w500/smQcYI4DiF15HKt9RRpLywoWhnK.jpg	Familia, Aventura, Animación, Comedia	6.949	0	0";;
"Mi Villano Favorito 2 [2013][1080p][2.60 Gb]	Gru 2. Mi villano favorito	2013	La película de animación de los estudios Universal, giraba en torno a una apacible y colorida población en la que vivía el malvado Gru. Ayudado por su batallón de Minions, unos pequeños seres de color amarillo, intentaron robar la Luna, aunque no todo acabó como esperaban. Tres niñas curiosas y algo traviesas se cruzaron en su camino, entorpeciéndole todos sus planes y conviertiendo su objetivo en una alocada hazaña interestelar.  Ahora, 'Gru, mi villano favorito 2', narra una nueva aventura en la que Gru volverá a estar acompañado de simpáticos humanoides.	https://image.tmdb.org/t/p/w500/hhksXOBVJ6Mu2BwAFgPJwZxNisd.jpg	Animación, Comedia, Familia	6.946	0	0";;
"Mi Villano Favorito 3 [2017][1080p][3.15 Gb]	Gru 3. Mi villano favorito	2017	A Gru lo han despedido. Se ha quedado sin trabajo porque ha dejado escapar al supervillano Balthazar Bratt, estrella infantil de los años 80 que con la llegada de la pubertad lo perdió todo y ha estado creando el caos en todo el planeta.  Además, Gru va a conocer a su hermano gemelo Dru y tendrá que decidir si está listo para continuar la tradición familiar de dedicarse al crimen, y unirse a el para llevar a cabo un último golpe. Aunque ha dejado esa vida atrás… ¿volverá a convertirse Gru en un villano?	https://image.tmdb.org/t/p/w500/mz3zTmsnySgFWGc3ZsBbCQbalut.jpg	Acción, Animación, Comedia, Familia, Aventura	6.468	0	0";;
"Mi villano favorito 4 [2024][1080p][2 83 Gb]	Gru 4. Mi villano favorito	2024	Gru, Lucy y las niñas -Margo, Edith y Agnes- dan la bienvenida a un nuevo miembro en la familia: Gru Junior, que parece llegar con el propósito de ser un suplicio para su padre. Gru tendrá que enfrentarse en esta ocasión a su nueva némesis Maxime Le Mal y su sofisticada y malévola novia Valentina, lo que obligará a la familia a tener que darse a la fuga. Cuarta entrega de 'Gru, mi villano favorito'.	https://image.tmdb.org/t/p/w500/b6JX0fBne5yPFNBtdp4Imi3CpiE.jpg	Acción, Animación, Comedia, Familia, Ciencia ficción	6.987	0	0";;
"Mickey, Donald y Goofy- Los Tres Mosqueteros [2004][720p][500 Mb]	Mickey, Donald y Goofy: Los tres mosqueteros	2004	Mickey, Donald y Goofy, son unos humildes limpiadores que sueñan con llegar a ser mosqueteros. Sus vidas darán un vuelco cuando Pete Pata Palo, capitán de los mosqueteros, y su siniestro lugarteniente Clarabelle les utilizan en una malvada conspiración para destronar a la Princesa Minnie. Pero Mickey y sus amigos tienen preparada una sorpresa para Pete. Aprenderán, además, que el trabajo en equipo y la amistad pueden conseguirlo todo.	https://image.tmdb.org/t/p/w500/5Ksryc9HHjSikRJNaX4LvBThROS.jpg	Aventura, Animación, Comedia, Familia	6.73	0	0";;
"Migration [2023][1080p][2.36 Gb]	Migration	2023		https://image.tmdb.org/t/p/w500/lmbAvzkIyC595wKiCwkIqshc2jG.jpg	Animación	0.0	0	0";;
"Mike Judge’s Beavis and Butt-Head	Mike Judge's Beavis and Butt-Head	2022 - 2025	""Dos fanáticos adolescentes de la música heavy metal ocasionalmente hacen cosas idiotas porque están aburridos. Para ellos, todo es """"cool"""" o """"apesta"""".""	https://image.tmdb.org/t/p/w500/75am8jsmRHHcpIPkm4RyrMn851A.jpg	Animación, Comedia	7.9	3	71";;
"Minions - The Rise of Gru [2022][1080p][1.86 Gb]	Minions: El origen de Gru	2022	""En los años 70, Gru crece siendo un gran admirador de """"Los salvajes seis"""", un supergrupo de villanos. Para demostrarles que puede ser malvado, diseña un plan con la esperanza de formar parte de la banda.""	https://image.tmdb.org/t/p/w500/fzwG3cukayxKpCK0lqS1jkSBqJk.jpg	Comedia, Crimen, Ciencia ficción, Animación, Familia	7.267	0	0";;
"Minions [2015][1080p][3.43 Gb]	Minions: Cro Minion	2015	Dos Minions deben cuidar a un bebe Neardental	https://image.tmdb.org/t/p/w500/4anQDTxSgXmKddSRLNEJs9IMoFV.jpg	Animación, Familia	7.079	0	0";;
"Miraculous - Tales of Ladybug and Cat Noir	Miraculous : Les Aventures de Ladybug et Chat Noir	2025		https://image.tmdb.org/t/p/w500/odXGnbvJXnzK3LckgvqQOjDLvRr.jpg	Animación, Acción, Aventura	5.2	0	0";;
"Miraculous World - New York, United HeroeZ [2020][1080p][1.3 Gb]	Mundo Prodigiosa: Las aventuras de Ladybug en Nueva York	2020	Ladybug al lado de sus amigos, son enviados a la universidad de Nueva York con una finalidad, celebrar la Semana de la Amistad Franco-Americana, pero no cuentan con que se toparán con superhéroes estadounidenses que les cambiarán la estadía.	https://image.tmdb.org/t/p/w500/mFoxoluhrUYHJNIfE1j1ZikdLeo.jpg	Animación, Familia, Acción, Aventura, Película de TV	8.089	0	0";;
"Miraculous World Shanghai The Legend of Ladydragon (2021)	Miraculous World:  Shanghái, la leyenda de Ladydragon	2021	Para unirse a Adrien en Shanghai, Marinette va a visitar a su tío Wang, quien celebra su cumpleaños. Pero tan pronto como llega a China, ¡le roban su bolso con Tikki!, lo que no le permite convertirse en una Ladybug en secreto! Privada y sola en la gran ciudad, Marinette acepta la ayuda de una joven muy ingeniosa, Fei. Las dos chicas se harán amigas y descubrirán la existencia de una nueva joya mágica, los Prodigios, que Hawk Moth, también presente en Shanghai, ha estado buscando durante mucho tiempo...	https://image.tmdb.org/t/p/w500/r6zthVPVoq1urTOsLgofPGel89d.jpg	Animación, Familia, Acción, Aventura, Fantasía	7.913	0	0";;
"Moana - Un Mar De Aventuras [2016][1080p][3.57 Gb]	Vaiana	2016	Una gran aventura acerca de una enérgica adolescente que se embarca en una misión audaz para salvar a su pueblo de una antigua y misteriosa amenaza, en un viaje de autodescubrimiento. La acompañará el arrogante semidiós Maui, quien la guiará en su travesía por el océano en un viaje lleno de acción, plagado de temibles criaturas e imposibles desafíos para restaurar el orden perdido.	https://image.tmdb.org/t/p/w500/y6wkgEH1gTWAafH9Bc7cNNut0Kf.jpg	Aventura, Comedia, Familia, Animación	7.566	0	0";;
"Moana 2 [2024][1080p][3.60 Gb]	Vaiana 2	2024	Tras recibir una inesperada llamada de sus antepasados, Vaiana debe viajar a los lejanos mares de Oceanía y adentrarse en peligrosas aguas perdidas para vivir una aventura sin precedentes.	https://image.tmdb.org/t/p/w500/bit1B5F7IQydiWqdwAAD8f9TkXs.jpg	Aventura, Animación, Comedia, Familia, Fantasía	7.0	0	0";;
"Monster High - Guerra de colmillos [2011][720p][400 Mb]	Monster High: ¡Guerra de Colmillos!	2011	¡Mira lo que pasa cuando la directora de Monster High decide aceptar como alumnos a los vampiros del Instituto Murciélago y a los hombres lobo del Instituto Luna Nueva!	https://image.tmdb.org/t/p/w500/2rDjqiJwqNd4NpnkUTpHfYQbu85.jpg	Familia, Animación, Fantasía	6.7	0	0";;
"Monster High Escape De La Isla Calavera [2012][720p][640 Mb]	Monster High: Espantada de Isla Calavera	2012	Las chicas y Gil, deciden ir a tomar unas divertidas vacaciones en la Gran barrera de Coral, pero las cosas empeoran cuando el Kraken rompe su yate y son salvados por el malvado Sr. Farnoom, quien las lleva a la isla Calavera, con la intención de atrapar a una mítica Bestia que ronda por esa isla.	https://image.tmdb.org/t/p/w500/54vyM2EUz0iCTcMPhISBjxKx2K6.jpg	Animación, Familia, Fantasía	7.716	0	0";;
"Monster High Fantasmagoricas [2015][1080p][3.40 Gb]	Monster High: Fantasmagóricas	2015	Esta vez las monstruitas se transforman en fantasmas para descubrir por qué Monster High está embrujado. Cuando las monstruitas viajan junto a su monstruo-amiga fantasma Spectra Vondergeist al Instituto Fantasmagórico, descubren el mundo paralelo de los fantasmas y se dan cuenta de que la aterradora Directora Masallá ha castigado y encadenado a sus alumnos. ¿Podrán las monstruitas desenterrar los misterios del embrujo de Monster High y del Instituto Fantasmagórico?	https://image.tmdb.org/t/p/w500/mOzpgvJ9Wo3Vczwh4b29JNylXZl.jpg	Animación, Familia, Fantasía	7.465	0	0";;
"Monster High Freaky Fusion [2014][720p][600 Mb]	Monster High: Fusión monstruosa	2014	Al intentar ayudar a Frankie a aprender más acerca de su legado electrizante, las monstruo-amigas viajan en el tiempo hasta el primer día de Monster High hace doscientos años. Allí conocen a Sparky, un adolescente de miedo con una obsesión por la creación de vida.	https://image.tmdb.org/t/p/w500/iM0fJpiYF8Ph29ccUOCjpN32YeX.jpg	Animación	7.738	0	0";;
"Monster High Friday Night Frights [2012][720p][700 Mb]	Monster High: Viernes de patinaje terrorífico	2012	Todos en el insti están como locos con la participación de Monster High en el campeonato más monstruoso de todos. Cuando Clawd y Deuce se lesionan misteriosamente, Frankie convence a las monstruoamigas para que representen al insti en la competición.	https://image.tmdb.org/t/p/w500/zkZ2uB1KfYIcAn8dEL44WId9x7x.jpg	Animación, Familia	7.771	0	0";;
"Monster High Frights Camera Action [2014][720p][810 MB]	Monster High: ¡Monstruos! ¡Cámara! ¡Acción!	2014	Cuando Draculaura recibe la noticia de que es la legítima heredera del trono vampírico, ella y sus fantasmales amigas hacen una escapada de muerte a Transilvania para la coronación real. Pero pronto descubren que la búsqueda de la reina aún no ha acabado. Las monstruitas han de encontrar un antiguo objeto conocido como el Corazón del Vampiro para descubrir la identidad de la verdadera Reina de los Vampiros. Se trata de una mordedora aventura que las llevará de la Torre de Londorrores, a un barco encantado de Nueva Ogrorleans y finalmente a los elegantes estudios Zombiwood. ¿Podría ser este el momento en que Draculaura finalmente recibiera sus poderes vampíricos y descubriera que las pesadillas en verdad pueden convertirse en reales?	https://image.tmdb.org/t/p/w500/5cO6rfT9n2DsyTJ0RFlSaHe9E80.jpg	Familia, Animación, Fantasía	7.497	0	0";;
"Monster High Ghouls Rule [2012][720p][620 Mb]	Monster High: Una fiesta divina de la muerte	2012	Monster High: Una Fiesta Divina de la Muerte desentierra un antiguo conflicto entre normis y monstruos... ¡y las cosas se ponen terrorífi cas! Durante años, a los alumnos de Monster High se les ha advertido de que en la noche de Halloween hay que quedarse en casa y evitar problemas a toda costa. Pero Frankie y sus amigos descubren que, hace tiempo, a los monstruos y a los normis les encantaba divertirse juntos la noche de Halloween, así que deciden dar marcha a trás alreloj y dedicar la noche a celebrar su individualidad y demostrar que ser ellos mismos es lo mejor que pueden hacer.	https://image.tmdb.org/t/p/w500/VE66M4P4tSUO1cTzqvF0Nm7B5K.jpg	Animación, Familia	6.892	0	0";;
"Monster High Scaris, City of Frights [2013][1080p][450 Mb]	""Monster High: Scaris, ¡un viaje monstruosamente """"fashion""""!""	2013	En Scaris, un viaje monstruosamente fashion, Clawdeen Wolf tiene la oportunidad de ganar un concurso para ser aprendiz de la famosísima diseñadora de moda Moanatela Ghostier. Pero no quiere ser la única en disfrutar de la ciudad más mostruosamente fashion del mundo, así que se va con sus amigas hacia Scaris.  Durante el viaje hacen dos nuevas amigas: Skelita Calaveras y Jinafire Long, quienes, gracias a su asombroso estilo, pronto conectan con las chicas de Monster High. Una vez en Scaris, descubrirán que no todo es tan fashion como lo pintan…	https://image.tmdb.org/t/p/w500/g2MKbvuNsUGYBiJNZKLohY8wDTS.jpg	Animación, Fantasía	7.829	0	0";;
"Monster High Why Do Ghouls Fall in Love [2011][720p][650 Mb]	Monster High: Un romance monstruoso	2012	""Primer especial en 3D, relata la historia de los Dulces 1600 años de Draculaura, as cosas empeoran cuando recibe la visita de Su ex-novio Valentín, un vampiro de mala sangre, que viene con la intención de robarle su corazón. La línea """"Dulces 1600"""" está ligada a esta película.""	https://image.tmdb.org/t/p/w500/hpK8Vvp90BA6gRliBbO59lSENS5.jpg	Fantasía, Animación	8.0	0	0";;
"Monster Hunter Legends of the Guild	Monster Hunter: Leyendas del gremio	2021	En un mundo en el que los humanos y unos temibles monstruos conviven en un tenso equilibrio, el joven cazador Aiden lucha para salvar a su aldea del ataque de un dragón.	https://image.tmdb.org/t/p/w500/78FhiPAQCO3MnA3fxFzqTd3vU1U.jpg	Animación, Aventura, Acción, Fantasía	5.7	0	0";;
"Monsters at Work	Monstruos a la obra	2021 - 2024	Tylor Tuskmon se ha graduado en Monstruos University como mejor alumno de su promoción y se incorpora a Monstruos S. A. para cumplir su sueño de trabajar como asustador... o no. En su primer día allí, se entera de que ya no buscan asustadores, sino bromistas, y lo reasignan temporalmente al departamento de Mantenimiento de Instalaciones Fijas y Temporales. Este cambio da al traste con los planes de Tylor, pero él se fija una nueva meta: convertirse en bromista.	https://image.tmdb.org/t/p/w500/gbV7pBAhyf1Z2YDHBR2kwYrFiQV.jpg	Familia, Comedia, Animación	7.2	2	20";;
"Monsters University [2013][1080p][2.04 Gb]	Monstruos University	2013	Desde que era pequeño, Mike Wazowski ha soñado con ser asustador y sabe que los mejores asustadores estudian en Monstruos University (MU). Pero durante su primer semestre en MU, los planes de Mike se desmoronan cuando se cruza con el listillo de James P. Sullivan, un asustador nato. El descontrolado espíritu competitivo de la pareja hace que los dos sean expulsados del programa de asustadores de la Universidad. Entonces se dan cuenta de que si quieren cumplir sus sueños, tienen que trabajar en equipo junto con un grupo de monstruos marginados.	https://image.tmdb.org/t/p/w500/jbqWAQOFo1LZTIG6rzlRFkZlIH5.jpg	Animación, Familia	7.051	0	0";;
"Monsters, Inc [2001][1080p][2.20 Gb]	Monstruos, S.A.	2001	Monsters Inc. es la mayor empresa de miedo del mundo, y James P. Sullivan es uno de sus mejores empleados. Asustar a los niños no es un trabajo fácil, ya que todos creen que los niños son tóxicos y no pueden tener contacto con ellos. Pero un día una niña se cuela sin querer en la empresa, provocando el caos.	https://image.tmdb.org/t/p/w500/g3SgHEb5ej2MioGfYLrZVshF909.jpg	Animación, Comedia, Familia, Fantasía	7.851	0	0";;
"Mortal Kombat Legends - Cage Match	Mortal Kombat Legends - Demonios y Ángeles	2023	En el Hollywood de la década de 1980, el actor de artes marciales Johnny Cage busca a su coprotagonista desaparecido en medio de un Los Ángeles lleno de luchadores sedientos de sangre.	https://image.tmdb.org/t/p/w500/4rcPUwkY51UL4f2JAzcKV1Ny8Oy.jpg	Animación, Acción, Fantasía	6.776	0	0";;
"Mr Peabody and Sherman [2014][720p][1.35 Gb]	Las aventuras de Peabody y Sherman	2014	""Los personajes de la serie animada de los 60 The Rocky &amp";" Bullwinkle Show, Mr. Peabody y Sherman, se cuelan en la gran pantalla adquiriendo una nueva dimensión 3D.  En esta ocasión el perro parlante más inteligente del mundo, Mr. Peabody y su mascota Sherman, un enérgico niño bastante ingenuo, se adentrarán en nueva una aventura determinante en el curso de la historia universal. Cuando Sherman desastrosamente avería la máquina del tiempo, la peculiar pareja se ve obligada a recomponer los hechos y arreglar la máquina antes de que sea demasiado tarde y el continuo espacio-tiempo se destruya afectando irreparablemente a nuestra existencia.""	https://image.tmdb.org/t/p/w500/jslyF6EUJcU47cGhY2zc1S8TmLx.jpg	Animación, Ciencia ficción, Comedia, Aventura, Familia	6.73	0	0";
"Mulan [1998][1080p][1.83 Gb]	Mulan	1998		https://image.tmdb.org/t/p/w500/jHnwgGWfNs8QqK0fWoRgaidn2nI.jpg	Animación, Familia, Aventura, Bélica	7.5	0	0";;
"Mulan 2 [2004][1080p][1.69 Gb]	Mulán 2	2004	La leyenda de Mulán continúa en esta nueva aventura. La bella y valiente heroína Mulán, siempre acompañada por su dragón guardián, Mushu y sus nuevos amigos, recibe la noticia más emocionante de su vida cuando el General Shang pide su mano en matrimonio, pero las sorpresas acaban de comenzar... El travieso Mushu intentará separar a la feliz pareja durante el tiempo que sea posible para mantener así su trabajo como dragón guardián. Además Mulan y Shang tendrán que escoltar por toda China a tres princesas que se dirigen a celebrar sus respectivos matrimonios, previamente concertados. Cuando Mulan descubre que ninguna de ellas desea estos matrimonios tomará una decisión que cambiará el curso de la historia.	https://image.tmdb.org/t/p/w500/lQbZiWh4ZDSd2co0FMz8U3LGvL7.jpg	Animación, Comedia, Familia, Acción	6.525	0	0";;
"Mundo Miraculous París, las aventuras de Shadybug y Claw Noir (2023)	Miraculous World: París, las aventuras de Shadybug y Claw Noir	2023	En esta intrigante trama, los superhéroes Ladybug y Cat Noir se enfrentan a un sorprendente descubrimiento: la existencia de un universo paralelo donde la realidad que conocen se ve invertida. En este mundo alternativo, los portadores de los Prodigios de la mariquita y el gato, normalmente héroes, son los villanos. Por otro lado, el portador del Prodigio de la mariposa, usualmente un antagonista en su mundo, emerge como el héroe. Este descubrimiento lleva a Ladybug y Cat Noir a una serie de aventuras y desafíos mientras navegan por esta realidad distorsionada, cuestionando sus identidades y roles como superhéroes y enfrentándose a la complejidad de bien y mal en un contexto completamente nuevo.	https://image.tmdb.org/t/p/w500/A7YDBDf9z1jvORT3omeD01Ez47S.jpg	Animación, Familia, Acción, Aventura, Fantasía	7.3	0	0";;
"Ne Zha [2019][1080p][2.5 Gb]	Ne Zha	2019	""Nezha, nacido de una perla celestial con poderes únicos, pronto se encontrará exiliado, odiado y temido por la gente que cree en una profecía que indica que él traerá la destrucción del mundo. Llegará el momento en el que deberá decidir entre el bien y el mal con el propósito de romper los grilletes del destino y convertirse en un héroe. Película inspirada muy libremente en """"Fengshen Yanyi"""" (""""La Investidura de los Dioses""""), una de las grandes novelas chinas escritas en la Dinastía Ming cuya autoría se atribuye a Xu Zhonglin o Lu Xixing.""	https://image.tmdb.org/t/p/w500/8TpbaMAjrYm2iFB3LCTcVInwhdS.jpg	Animación, Fantasía, Aventura	7.9	0	0";;
"Ne Zha 2 [2025][1080p][3.5 Gb]	Ne Zha 2	2025	Cuando los cuerpos de los dos amigos, Aobing y Nezha, están a punto de ser destruidos, se les permite que sus almas sigan existiendo. Su maestro, Taiyi Zhenren, restaura sus cuerpos con la ayuda de una flor de loto. Después de esto, Nezha parte en busca de enfrentar al Rey Dragón del Mar del Este, Ao Guang.	https://image.tmdb.org/t/p/w500/jz5sGlPGf0cWZ0uJPDc8cSjjFcZ.jpg	Animación, Acción, Fantasía, Aventura	8.168	0	0";;
"Next Avengers - Heroes of Tomorrow [2008][1080p][2.8 Gb]	Nuevos Vengadores: Heroes del mañana	2008	Cada vez que las fuerzas del mal amenazaron a la Humanidad, los mayores héroes de la Tierra, Los Vengadores, estaban allí para pararles, hasta que realizaron el sacrificio definitivo en su lucha final contra el robot indestructible Ultron. Pero todo no estaba perdido para Tony Stark (Iron Man), quien mantuvo a salvo a los hijos de Los Vengadores y los educó para convertirse en los héroes adolescentes del mañana.	https://image.tmdb.org/t/p/w500/1y4J9HZJoTIMdt77wCq80uXaQJ.jpg	Animación, Familia, Acción, Aventura, Ciencia ficción	7.0	0	0";;
"Nezha - El renacer de un dios [2021][1080p][3.4 Gb]	Nezha: El renacer de un dios	2021	""La historia tiene lugar tres mil años después de """"Nezha nao hai"""". Nezha nace de nuevo ¿Qué desafíos enfrentará en esta vida? Un nuevo superhéroe está naciendo en silencio...""	https://image.tmdb.org/t/p/w500/bPj2YRLOnYtY7dQCZl3hHef9PZA.jpg	Animación, Fantasía, Acción	8.063	0	0";;
"Nimona (2023) [1080p]	Nimona	2023	Un caballero acusado de un trágico crimen se alía con una peleona joven metamorfa para demostrar su inocencia. Pero ¿podría ser ella el monstruo al que juró destruir?	https://image.tmdb.org/t/p/w500/oWRY8HRXI1DVWB7rNvpmFWwSnCC.jpg	Animación, Familia, Fantasía, Aventura, Ciencia ficción, Acción	7.85	0	0";;
"Number 9 [2009][1080p][2.56 Gb]	Número 9	2009	Aventura post-apocalíptica protagonizada por nueve muñecos de trapo que deberán enfrentarse a unas máquinas gigantes si quieren preservar el futuro de la civilización. La historia transcurre en un futuro muy próximo. El invento conocido como la Gran Máquina activa y aporta energía a las máquinas que se han alzado contra la raza humana, diezmando a la población, antes de empezar a apagarse. El mundo pronto quedará destruido, pero un grupo de pequeños seres intenta salvar lo poco que queda de la civilización.	https://image.tmdb.org/t/p/w500/hRzsKmr3NxRIbKwr4myGKylMaXB.jpg	Acción, Aventura, Animación, Ciencia ficción, Suspense	6.954	0	0";;
"Onward [2020][1080p][1.63 Gb]	Onward	2020	Ambientado en un mundo de fantasía suburbana, dos hermanos elfos adolescentes, Ian y Barley Lightfood, se embarcan en una aventura en la que se proponen descubrir si existe aún algo de magia en el mundo que les permita pasar un último día con su padre, que falleció cuando ellos eran aún muy pequeños como para poder recordarlo.	https://image.tmdb.org/t/p/w500/tHWeWBBOlkPYdlZcjSKeToQvgZg.jpg	Aventura, Animación, Comedia, Familia, Fantasía	7.6	0	0";;
"Ooops! Noah is Gone [2015][1080p][3.3 Gb]	¡Upsss! ¿Dónde está Noé...?	2015	Es el fin del mundo. Un diluvio llega. Por suerte para Dave y su hijo Finny, un par de torpes Nestrians, se ha construido un Arca para salvar a todos los animales. Pero resulta que no se admiten Nestrians. Abordan furtivamente con la ayuda involuntaria de Hazel y su hija Leah, dos Grymps, creen que están a salvo. Finny y Leah tienen que intentar sobrevivir a la inundación y a los depredadores hambrientos y tratar de llegar a la cima de una montaña , mientras que Dave y Hazel deben dejar de lado sus diferencias.	https://image.tmdb.org/t/p/w500/thXBQpTEW24Zk98kURviovBMROJ.jpg	Animación, Aventura, Comedia, Familia	6.402	0	0";;
"Ooops! The Adventure Continues [2020][1080p][3.2 Gb]	¡Upsss! 2 ¿Y ahora dónde está Noé?	2020	La luna de miel ha terminado ... ¡Cómo disfrutamos la fiesta cuando nuestros anfibios amigos Nestria descubrieron su increíble agilidad recién descubierta bajo el agua! Pero, cuando volvemos a visitar a nuestros curiosos y adorables amigos, la supervivencia de todo el reino animal vuelve a estar en juego. En medio de la perspectiva de una nueva tierra en la que vivir y prosperar, sin mencionar los recursos alimenticios en constante disminución, el estado de ánimo a bordo del Arca está cargado de tensiones crecientes, que regularmente se desbordan en la ira del Arca. La frágil paz se rompe con frecuencia con el consiguiente caos general. ¿Cómo pueden ayudar nuestros héroes inverosímiles? ¿Y qué hay debajo de Finny en un océano de posibilidades cuando literalmente cae en una nueva compañía bastante sorprendente?	https://image.tmdb.org/t/p/w500/87YGfUYwM4mI2ITWzsHxxBDbOiy.jpg	Animación, Aventura, Comedia, Familia	7.6	0	0";;
"Open Season 1 - Amigos Salvajes [2006][1080p][2.6 Gb]	Colegas en el bosque	2006	Boog, un oso pardo nada habilidoso, vive en un mundo perfecto en el tranquilo pueblo de Timberline hasta que conoce a Elliot, un flacucho, salvaje y parlanchín ciervo. A pesar de su mejor juicio, Boog libera a Elliot del cazador Shaw y Boog es convencido por este ciervo de salir de su cómoda vida para conocer el bosque. Así regresan los dos busca-problemas a la vida salvaje justo 3 días antes de la temporada de caza. Con la temporada de caza y Shaw sobre ellos, Boog y Elliot deberán aprender a trabajar juntos y unir a las criaturas del bosque para librar una ruda batalla y cazar a los cazadores.	https://image.tmdb.org/t/p/w500/q4xkxD6wcybrwn4dDS2cTczCcBA.jpg	Animación, Familia, Aventura, Comedia	6.193	0	0";;
"Open Season 2 - Amigos Salvajes 2 [2008][1080p][2.5 Gb]	Colegas en el bosque 2	2008	Tras enamorarse de la cabeza a los pies de Giselle, el camino de Elliot hacia el altar toma un ligero cambio de rumbo cuando Mr. Weenie es secuestrado por un grupo de mascotas que tienen la idea de devolverlo a sus dueños. Boog, Elliot, McSquizzy, Buddy  y el resto de las criaturas del bosque se aventuran en una misión de rescate del perro salchicha y pronto se encontrarán en campo enemigo: el mundo de las mascotas. Liderados por un poodle llamado Fifi, las mascotas no piensan dejar a Mr. Weenie irse sin pelea.	https://image.tmdb.org/t/p/w500/nbppDvunl6Mn8NAxYSHMPp3qkNo.jpg	Aventura, Animación, Comedia, Familia	5.876	0	0";;
"Open Season 3 - Más Salvajes que Nunca [2010][1080p][2.36 Gb]	Colegas en el bosque 3	2010	""Boog, Elliot y todos sus amigos del bosque viven una nueva aventura";" la más divertida y peluda de todas las aventuras y esta vez, ¡en un circo! Como sus amigos no pueden ir al viaje anual """"sólo para chicos"""", Boog decide viajar por su cuenta. Y al encontrarse con un circo itinerante, Boog se hace pasar por un oso pardo que se le parece mucho y le sustituye en su actuación circense. Pero cuando el circo decide volver a Rusia, Elliot, McSquizzy, Mr. Weenie y el resto de la pandilla se embarcan en una carrera contrarreloj para rescatar a Boog ¡antes de que sea demasiado tarde! Tercera entrega de la saga Colegas en el bosque, que como la segunda será lanzada directamente al mercado doméstico.""	https://image.tmdb.org/t/p/w500/dsyE1tkdMO5Pcncj4jxS1CqX8Af.jpg	Aventura, Animación, Familia, Comedia, Película de TV	5.68	0	0";
"Orion and the Dark [2024][1080p][2.07 Gb]	Orión y la oscuridad	2024	Un niño muy imaginativo se enfrenta a sus miedos en un viaje inolvidable por la noche con su nuevo amigo Oscuridad, un ser enorme y sonriente.	https://image.tmdb.org/t/p/w500/6cpb2IP2c8gEbS2E2VfLKfx04cP.jpg	Animación, Familia, Comedia, Fantasía, Aventura	6.526	0	0";;
"Over the Moon [2020][1080p][4.47 Gb]	Más allá de la Luna	2020	Fei Fei, inspirándose en los recuerdos de su madre, decide construir un cohete para viajar a la Luna y demostrar la existencia de una diosa legendaria que vive allí.	https://image.tmdb.org/t/p/w500/u7wYZzjhBzhfS6QsvrjVKi7v0MO.jpg	Animación, Aventura, Familia, Fantasía	7.179	0	0";;
"Padre de Familia	Padre de familia presenta: Stewie Griffin. La historia jamás contada	2005	""La película empieza con el estreno de la misma película, una noticia contada por Tom Tucker y Diane Siemmons (periodistas de los noticieros habituales de Quahog), y con la visita de todos los """"actores"""" de la película, la familia Griffin. La historia se centra en Stewie, que al ver en la televisión un hombre parecido a él, a quien apoda """"mi otro yo"""", quien en principio supone que es su padre real, rechazando a Peter. Stewie decide ir a buscar a este señor, y emprende la búsqueda junto a Brian.""	https://image.tmdb.org/t/p/w500/pgbMydwYuHlGcaASQMA963qpSH3.jpg	Aventura, Animación, Comedia	6.9	0	0";;
"Patti y la furia de Poseidón [2022][1080p][4.75 Gb]	Patti y la furia de Poseidón	2023	La vida transcurre en paz en Yolcos, una hermosa y próspera ciudad portuaria de la antigua Grecia, cuando la población se ve amenazada por la ira de Poseidón. Una ratoncita y el gato que la adoptó ayudarán sin darse cuenta al viejo Jason y sus Argonautas en su plan para salvar la ciudad. Pero la operación les llevará a enfrentarse a las criaturas más peligrosas de la mitología.	https://image.tmdb.org/t/p/w500/f3QemFwJ21q7N25qJXiB96sWQ5s.jpg	Animación, Aventura, Fantasía, Familia, Comedia	6.8	0	0";;
"PAW Patrol - La súper película [2023][1080p][2.17 Gb]	La Patrulla Canina: La superpelícula	2023	Cuando un meteorito mágico se estrella en Ciudad Aventura, los cachorros de la Patrulla Canina consiguen unos superpoderes que los transforman en ¡Los PODEROSOS CACHORROS! Para Skye, la más pequeña del equipo, sus nuevos poderes son un sueño hecho realidad. Pero las cosas se complican cuando Humdinger, el archienemigo de los cachorros que acaba de fugarse de la cárcel, se une a Victoria Vance, una desquiciada científica obsesionada con los meteoritos, y forman una alianza para robar los superpoderes y convertirse en supervillanos. Con el destino de Ciudad Aventura al filo del abismo, los Poderosos Cachorros tendrán que detener a los supervillanos antes de que sea demasiado tarde, y Skye descubrirá que hasta la más pequeña del equipo puede ser la que determine el resultado.	https://image.tmdb.org/t/p/w500/74UljzdgFuYo0BqzuEO2s2azObe.jpg	Aventura, Animación, Comedia, Familia, Ciencia ficción	6.929	0	0";;
"Peter Pan [1953][1080p][2.74 Gb]	Peter Pan	1953	Uno de los grandes clásicos de la factoría Walt Disney, que relata las aventuras en el País de Nunca Jamás de Peter Pan, su compañera Campanilla, su amiga Wendy y los Niños Perdidos, en su lucha contra el malvado Capitán Garfio.	https://image.tmdb.org/t/p/w500/tDvGRWSdqT31ADijJf9OhbTbQ77.jpg	Animación, Familia, Aventura, Fantasía	7.2	0	0";;
"Peter Pan en regreso al país de Nunca Jamás [2002][1080p][2.71 Gb]	Peter Pan en Regreso al País de Nunca Jamás	2002	Peter Pan sigue siendo el líder de los Niños Perdidos y librando batallas con el malvado Capitán Garfio, con la ayuda de Campanilla. Pero aunque Peter Pan nunca creció, todo a su alrededor ha cambiado: Wendy es ahora madre de una niña llamada Jane. Jane ya no cree en cuentos de hadas, y ¡mucho menos en volar!. Pero cuando el Capitán Garfio la secuestra y la lleva al País de Nunca Jamás, Peter Pan conseguirá que su imaginación vuele otra vez.	https://image.tmdb.org/t/p/w500/kkFeLiMeih9jgXatztoloOyGSbc.jpg	Aventura, Fantasía, Animación, Familia	6.475	0	0";;
"Peter Rabbit [2018][1080p][2 Gb]	Peter Rabbit	2018	Peter Rabbit no es un conejo cualquiera. Es un rebelde travieso y aventurero que viste camisa azul y no lleva pantalones. Peter vive junto a su familia y amigos, un grupo variopinto de animales que incluye incluso a un zorro. Todos ellos harán de las suyas en la granja de los McGregor, lugar en cuyo jardín disponen de deliciosos vegetales. Pero la disputa de Peter con el Sr. McGregor se intensificará más que nunca ya que ambos compiten por el afecto de Bea, una amante de los animales de buen corazón. La fiesta animal ha empezado, y esto es solo el principio.	https://image.tmdb.org/t/p/w500/bRDgMEikWMK3AJUJw0qqSJsWRAd.jpg	Animación, Aventura, Familia	6.699	0	0";;
"Pinocho [1940][1080p][2.39 Gb]	Pinocho	1940	Un anciano llamado Geppetto fabrica una marioneta de madera a la que llama Pinocho, con la esperanza de que se convierta en un niño de verdad. El Hada Azul hace realidad su deseo y da vida a Pinocho, pero conserva su cuerpo de madera. Pepito Grillo, la conciencia de Pinocho, tendrá que aconsejarlo para que se aleje de las situaciones difíciles o peligrosas hasta conseguir que el muñeco se convierta en un niño de carne y hueso.	https://image.tmdb.org/t/p/w500/sAluF7lNc4Mv3qxx1mmOgsfbr0C.jpg	Animación, Familia, Fantasía	7.111	0	0";;
"Planeta de Recolectores	Planeta de recolectores	2023 - 2023	Cuando un carguero del espacio profundo es dañado por una llamarada solar, su tripulación sobreviviente queda varada en un planeta hermoso e implacable. Comienzan a entender la verdadera naturaleza de este planeta mientras intentan sobrevivir el tiempo suficiente para escapar o ser rescatados.	https://image.tmdb.org/t/p/w500/iMGhp7CG8pwt3o5VdeVjUEvhzfT.jpg	Sci-Fi & Fantasy, Drama, Animación, Action & Adventure	8.49	1	12";;
"Pocahontas [1995][1080p][2.58 Gb]	Pocahontas	1995	Pocahontas, la hija del Jefe Powhatan, vigila la llegada de un gran grupo de colonos ingleses, guiados por el ambicioso gobernador Radcliff y el valiente capitán John Smith. Con su juguetón compañero Meeko, un travieso mapache, y con Flit, un alegre pájaro, Pocahontas entabla una fuerte amistad con el Capitán Smith. Pero cuando empiezan a surgir tensiones entre las dos culturas, Pocahontas recurre a la sabiduría de la Abuela Sauce para encontrar una manera de lograr la paz entre su pueblo y los conquistadores.	https://image.tmdb.org/t/p/w500/o8QGvm0zDrJ8aONM8G5dW4BNawG.jpg	Aventura, Animación, Familia, Romance	6.9	0	0";;
"Pocahontas 2[1998][1080p][2.39 Gb]	Pocahontas 2: Viaje a un nuevo mundo	1998	Pocahontas vive el mayor reto de su vida en su viaje a Inglaterra. Con la ayuda del apuesto John Rolfe, buscará la paz de su pueblo. Mientra se prepara para el baile de la Caceria, abre poco a poco su corazón a Rolfe. Pero la misteriosa aparición de John Smith sumerge a Pocahontas en un dilema... elegir entre dos amores y dos maneras de vivir.	https://image.tmdb.org/t/p/w500/ttjEx1Wo3QOxsgKDhDCB2GzHdWk.jpg	Animación, Familia, Aventura, Romance	5.543	0	0";;
"Predator - Killer of Killers [2025][1080p][3 Gb]	Predator: Asesino de asesinos	2025	Esta antología original de animación narra las aventuras de tres de los guerreros más fieros de la historia de la humanidad: una saqueadora vikinga que guía a su hijo en su sangrienta búsqueda de la venganza, un ninja del Japón feudal que se enfrenta a su hermano samurái en una brutal batalla por la sucesión y un piloto de la Segunda Guerra Mundial que surca los cielos para investigar una amenaza extraterrestre contra los Aliados.	https://image.tmdb.org/t/p/w500/8upWJ1KTR1bAPqXCHAuVOhfuiAZ.jpg	Animación, Acción, Ciencia ficción, Suspense	7.797	0	0";;
"Puss in Boots [2011][1080p][2 Gb]	Puss in Boots: A Furry Tail	2011		https://image.tmdb.org/t/p/w500/txQCDHoC437MVJl22GpPcFxsFS7.jpg	Familia, Animación	3.4	0	0";;
"Puss in Boots The Last Wish	El Gato con Botas: El último deseo	2022	El Gato con Botas se embarca en un viaje épico para encontrar al mítico Último Deseo y recuperar sus nueve vidas.	https://image.tmdb.org/t/p/w500/b5Jb7GoQaqIXy4VEdnQa0UrQZI.jpg	Animación, Aventura, Fantasía, Comedia, Familia	8.206	0	0";;
"Ralph 2 - Breaks the Internet [2018][1080p][3.7 Gb]	Ralph rompe Internet	2018	Ralph sale de los recreativos, y se adentra en el mundo inexplorado, expansivo y emocionante de Internet. Ralph y su compañera Vanellope tendrán que jugárselo todo viajando por las redes en busca de una pieza de repuesto que salve Sugar Rush, el videojuego de Vanellope. Y para complicar más las cosas, ambos dependen de los ciudadanos de Internet, los llamados ‘ciudanets’ para que les ayuden a desenvolverse en ese peligroso mundo. Entre ellos está un empresario de Internet llamado Yesss, que es el algoritmo estrella y el alma de “BuzzTube”, la página web de moda del momento.	https://image.tmdb.org/t/p/w500/wfff5XoLdGQzCt2Nb4ZF6WYNLAq.jpg	Acción, Aventura, Animación, Comedia, Familia, Ciencia ficción	7.2	0	0";;
"Ralph, el Demoledor [2012][1080p][2.7 Gb]	¡Rompe Ralph!	2012	Durante décadas, Ralph ha vivido a la sombra de Repara-Félix Jr., el chico bueno de su videojuego. Cansado de ser el malo de la historia, Ralph decide tomar el asunto por sus propias y gigantes manos, y se lanza en un viaje a través de los distintos mundos y generaciones de videojuegos para demostrarle al mundo que él también puede ser un héroe.	https://image.tmdb.org/t/p/w500/lTpE4JQ2C09NicqvDhwi70IRz62.jpg	Familia, Animación, Comedia, Aventura	7.357	0	0";;
"Rango [2011][1080p][3 Gb]	Rango	2011	""El actor Rango es un solitario camaleón que vive en la inmensidad del desierto Mojave. Quiere ser un representante de la ley en un sediento pueblo llamado Dirt, pero enseguida se da cuenta de que hay una gran diferencia entre actuar y vivir la vida real, así que no tiene más remedio que enfrentarse a algunos aspectos de su identidad y aprender el significado y el valor de la amistad. Su misión consistirá en descubrir la conspiración que está detrás de la desaparición del agua en el pueblo. Film de animación del director de """"Piratas del Caribe"""", con las voces originales de Johnny Depp (Rango), Abigail Breslin, Isla Fisher y Bill Nighy.""	https://image.tmdb.org/t/p/w500/99Dpm7Ep8OelbNyEVBlln50EHGj.jpg	Animación, Comedia, Familia, Western, Aventura	6.9	0	0";;
"Ratatouille [2007][1080p][2.52 Gb]	Ratatouille	2007	Remy es una simpática rata que sueña con convertirse en un gran chef francés a pesar de la oposición de su familia y del problema evidente que supone ser una rata en una profesión que detesta a los roedores. El destino lleva entonces a Remy a las alcantarillas de París, pero su situación no podría ser mejor, ya que se encuentra justo debajo de un restaurante que se ha hecho famoso gracias a Auguste Gusteau, una estrella de la cuisine. A pesar del peligro que representa ser un visitante poco común (y desde luego nada deseado) en los fogones de un exquisito restaurante francés, la pasión de Remy por la cocina pone patas arriba el mundo culinario parisino en una trepidante y emocionante aventura.	https://image.tmdb.org/t/p/w500/nGUelOVetiRpY2wTBMHTbrTIGYC.jpg	Animación, Comedia, Familia, Fantasía	7.842	0	0";;
"Raya and the Last Dragon	Raya y el último dragón	2021	Raya, una niña de gran espíritu aventurero,  se embarca en la búsqueda del último dragón del mundo con el objetivo de devolver el equilibrio a Kumandra, un lejano y recóndito territorio habitado por una civilización milenaria.	https://image.tmdb.org/t/p/w500/hbjOtofNpvFvhzBUUoZGAjkjjsl.jpg	Animación, Acción, Aventura, Fantasía, Familia	7.802	0	0";;
"Rick and Morty	Untitled Rick and Morty Film	Desconocido		No disponible	Animación, Comedia, Ciencia ficción, Aventura	0.0	0	0";;
"Rio [2011][1080p][3.25 Gb]	Río	2011	Blu es un guacamayo que ha crecido en un pequeño pueblo de Minnesota en EEUU, un buen día se entera que es el último espécimen macho de su especie. Es entonces cuando Blu y su dueña, compañera y protectora Linda, deciden tomar rumbo a Rio de Janeiro para conocer a Tulio, un excéntrico experto en pájaros, y a Perla, quien es la última hembra de su especie. Juntos se embarcan en una serie de aventuras para sobrevivir junto a otros amigos que conocen a medida que se desarrolla la historia	https://image.tmdb.org/t/p/w500/ydExhIrbFvPedN9tSIHzzniU1Dd.jpg	Animación, Aventura, Comedia, Familia	6.8	0	0";;
"Rio 2 [2014][1080p][3.6 Gb]	Río 2	2014	""Secuela de la película """"Río"""" (2010) dirigida por Carlos Saldanha, encargado también de esta segunda parte.. Blu, Perla y sus pequeños disfrutan de una vida cómoda, alegre y perfecta en la ciudad de Río de Janeiro, Brasil. Pero Perla tiene muy claro que sus hijos deben aprender a vivir como los pájaros libres y salvajes que son, y para ello está convencida de que lo mejor es trasladarse al Amazonas. Una vez allí, Blu tendrá que enfrentarse a sus nuevos vecinos y a la idea terrible de perder a Perla y a sus hijos porque decidan vivir en la naturaleza salvaje para siempre.""	https://image.tmdb.org/t/p/w500/n52k2FD0ub5I3goqnj5qr98ROk4.jpg	Animación, Aventura, Comedia, Familia	6.521	0	0";;
"Robot Dreams [2023][1080p][2 27 Gb]	Robot Dreams	2023	DOG es un perro solitario que vive en Manhattan. Un día decide construirse un robot, un amigo. Su amistad crece, hasta hacerse inseparables, al ritmo del Nueva York de los ochenta. Una noche de verano, Dog con gran pena, se ve obligado a abandonar a ROBOT en la playa. ¿Volverán a encontrarse?	https://image.tmdb.org/t/p/w500/qLtK6DFeuJNuB3THGVDklirhQ8u.jpg	Animación, Drama, Comedia, Ciencia ficción	8.0	0	0";;
"Scooby Doo y el fantasma de la bruja [1999][720p][383 Mb]	Scooby-Doo y el fantasma de la bruja	1999	La pandilla viaja a Nueva Inglaterra al Gran Festival de la Vendimia, invitados por Ben, un famoso escritor de novelas de terror. Todo va bien hasta que descubren que el lugar está embrujado por Sarah, un mujer que perteneció a la familia de Ben en el pasado. Hay que revelar el misterio de si Sarah era una mujer de buen corazón o una bruja...	https://image.tmdb.org/t/p/w500/aVS9CqFgfkypqLoljg1VDHSvMmB.jpg	Comedia, Misterio, Familia, Fantasía, Animación	7.4	0	0";;
"Scooby Doo y la Máscara del halcón azul [2012][1080p][2.53 Gb]	Scooby-doo: La máscara del Halcón azul	2012	Los Herculoides, Frankenstein Jr. y el Fantasma del Espacio son algunos de los aclamados protagonistas del mundo del comic presentes en esta convención nada corriente, que acompañarán a Scooby-Doo y Shaggy en el estreno de esta película protagonizada por sus superhéroes favoritos, ¡Halcón azul igrosas y monstruosas bestias sobre las celebraciones, será el momento de Misterios S.A. para investigar las pistas y cazar a los monstruos. Pero será el inseparable y poderoso equipo de Shaggy y Scooby-Doo, quienes tendrán que sacar sus superhéroes interiores para evitar que todo sea cubierto por una horrible y pegajosa masa verde. ¡Mucho ánimo Perro Maravilla!	https://image.tmdb.org/t/p/w500/vz1NKc21B6g81Xj4BMWje6ZPbwI.jpg	Animación, Comedia, Fantasía, Aventura, Familia, Misterio	7.67	0	0";;
"Scooby-Doo y Carrera de monstruos [1988][1080p][858 Mb]	Scooby-Doo y la carrera de los monstruos	1988	La diversión comienza cuando el Conde Drácula traslada a Scooby-Doo y Shaggy hasta Transilvania en una aventura repleta de fantasmas. Para poder celebrar la esperadísima Carrera de Coches de Monstruos, el Conde Drácula transforma a Shaggy en un peludo hombre-lobo, obligándole a conducir en una carrera campo a través que se celebra en la ruta más escalofriante. Y para que Shaggy pueda volver a su estado normal, él y Scooby-Doo tendrán que ser más listos que Drácula y conducir más rápido que la multitud de divertidos y espeluznantes coches conducidos por terroríficos y famosísimos monstruos.	https://image.tmdb.org/t/p/w500/nB2cYO1nVn8XCxODfXkpzZmdLdo.jpg	Animación, Familia, Película de TV, Misterio, Comedia	7.4	0	0";;
"Scooby-Doo y el Monstruo del Lago Ness [2004][1080p][1 24 Gb]	Scooby-Doo y el monstruo del lago Ness	2004	Scooby-Doo, Shaggy y la pandilla de El Misterio, S.A. viajan a Escocia de vacaciones y se encuentran de pronto haciendo frente a la mayor monstruosidad que se podrían esperar: el monstruo del Lago Ness. ¿Pero existe de verdad? Las primeras evidencias apuntan a un sí.	https://image.tmdb.org/t/p/w500/xOfR8r6J5wFhuXPly16CVPWONV2.jpg	Familia, Aventura, Animación, Comedia, Fantasía, Misterio	7.313	0	0";;
"Scooby-Doo y la Escuela de Fantasmas [1988][720p][1.35 Gb]	Scooby-Doo y la escuela de fantasmas	1988	El misterio escolar comienza cuando Shaggy se inscribe como maestro de gimnasia en el Colegio para Fantasmas de Miss Grimwood. Pronto, descubrirá que los alumnos son... ¡las hijas de los monstruos más famosos y terroríficos del mundo entero!	https://image.tmdb.org/t/p/w500/teAfrJEnsQUVFHSz5V9XsseZugJ.jpg	Animación, Familia, Película de TV, Misterio, Fantasía	7.4	0	0";;
"Scooby-Doo y la leyenda del vampiro [2003][1080p][2.28 Gb]	Scooby-Doo y la leyenda del vampiro	2003	Durante sus vacaciones en Australia, Scooby-Doo y sus amigos asisten a un festival de música celebrado en un lugar llamado La roca del vampiro. Pero la diversión peligra cuando la pandilla se entera de que una legendaria criatura australiana, el Yowie Yahoo, está secuestrando a los participantes del concierto y convirtiéndolos en vampiros. Haciéndose pasar por una banda de rock duro para investigar el misterio, Scooby-Doo y su banda deberán enfrentarse a un trío de músicos vampiros si quieren desvelar el extraño misterio que rodea a la leyenda del vampiro.	https://image.tmdb.org/t/p/w500/4EF9Qv8nCMorNSdIOexPk6Z65yV.jpg	Familia, Animación, Comedia, Fantasía, Música, Misterio	7.114	0	0";;
"Scooby-Doo y La maldición de cleopatra [2005][720p][258 Mb]	¡Scooby Doo! en el Misterio del Faraón	2005	La arqueóloga y superdetective Velma está en Egipto para asistir a una ceremonia donde se dará a conocer a una misteriosa Esfinge restaurada, una mítica criatura con cabeza de hombre y cuerpo de león y descubrir también una tumba oculta que pertenece a la mismísima Cleopatra. Pero Velma, Scooby-Doo y la Compañía del Misterio tendrán que tener mucho cuidado con la maldición del Faraón: ¡El Nilo se dividirá, el desierto se alzará y todo aquel que se atreva a entrar en la tumba se convertirá en piedra! Pero nuestros amigos no se detienen ante nada y se enfrentarán a algo todavía más terrorífico: ¡un ejército de momias vivientes!	https://image.tmdb.org/t/p/w500/kxv1K6ZAxicTsceAhMLUIuTj7Uy.jpg	Misterio, Animación, Familia, Aventura, Comedia, Fantasía	7.4	0	0";;
"Scooby-Doo y La Persecución Cibernetica	Scooby Doo y la persecución cibernética	2001	Cuando Scooby Doo y el grupo intentan capturar al virus fantasma, son accidentalmente transportados dentro de un videojuego basado en sus propias aventuras y misterios. Mientras persiguen al Virus Fantasma tendrán que pasar a través de los 10 monstruosos niveles del juego, y el grupo viajará a través del tiempo desde la prehistoria hasta un futuro espacial e incluso tendrán que combatir con una multitud de villanos virtuales de sus más famosas aventuras.	https://image.tmdb.org/t/p/w500/zgUo32REWWupt10F3JesVxTWBiG.jpg	Animación, Aventura, Comedia	7.286	0	0";;
"Scooby-Doo! Abracadabra-Doo [2010][1080p][1 6 Gb]	Scooby-Doo! Abracadabra-Doo	2010	La cuadrilla continúa un viaje para investigar a la hermana menor de Velma, Madelyn. Ha estado estudiando la magia de la etapa en la Academia de la Magia de Whirlen Merlin, donde por lo visto hubo observaciones de un grifo gigantesco. La cuadrilla decide investigar.	https://image.tmdb.org/t/p/w500/hDfQ3DqU5fWKZinIGgo2psvLh4j.jpg	Animación, Comedia, Familia, Misterio, Fantasía	7.7	0	0";;
"Scott Pilgrim Takes Off	Scott Pilgrim da el salto	2023 - 2023	Scott Pilgrim conoce a Ramona Flowers, la chica de sus sueños. Pero pronto descubre que los siete diabólicos ex de la joven no le van a poner las cosas nada fáciles.	https://image.tmdb.org/t/p/w500/o7lNIjUsWAbMiAfDgKfG8xXtQVd.jpg	Animación, Action & Adventure, Comedia, Sci-Fi & Fantasy	7.95	1	8";;
"Secret Level	Secret Level	2024 - 2024	Serie antológica animada para adultos con historias originales ubicadas en los mundos de algunos de los videojuegos más queridos del planeta. De las mentes creativas tras LOVE, DEATH & ROBOTS, cada uno de los 15 episodios es una celebración de los juegos y los jugadores.	https://image.tmdb.org/t/p/w500/bjwHrZKREhL4VbCQP5x3LUPolQ5.jpg	Animación, Sci-Fi & Fantasy, Action & Adventure	7.421	1	15";;
"Sherlock Gnomes [2018][1080p][2.8 Gb]	Sherlock Gnomes	2018	Los famosos gnomos de jardín Gnomeo y Julieta contratan a un mundialmente conocido detective: Sherlock Gnomes, para investigar la misteriosa desaparición de algunos ornamentos del jardín.	https://image.tmdb.org/t/p/w500/wqnzpJR3PwS4doVkAkt9seSEpoX.jpg	Animación, Familia, Fantasía, Comedia, Aventura, Misterio	5.8	0	0";;
"Shrek [2001][1080p][2.47 Gb]	Shrek	2001	Hace mucho, mucho tiempo, en una lejanísima ciénaga vivía un intratable ogro llamado Shrek. Pero de repente, un día, su absoluta soledad se ve interrumpida por una invasión de sorprendentes personajes de cuento. Hay ratoncitos ciegos en su comida, un enorme y malísimo lobo en su cama, tres cerditos sin hogar y otros muchos seres increíbles que han sido deportados de su reino por el malvado Lord Farquaad. Para conseguir salvar su terreno, y de paso a sí mismo, Shrek hace un pacto con Farquaad y emprende viaje para conseguir que la preciosa princesa Fiona sea la novia del Lord. En tan importante misión le acompañan un burro chistoso, dispuesto a hacer cualquier cosa por Shrek. Todo, menos estarse calladito. Rescatar a la princesa de una dragona enamoradiza que suelta fuego al respirar va a resultar una tontería comparado con lo que ocurre cuando el oscuro secreto que la joven guardaba es revelado.	https://image.tmdb.org/t/p/w500/jTQONM7jt1yv2lL972TtmWO0UIZ.jpg	Animación, Comedia, Fantasía, Aventura, Familia	7.764	0	0";;
"Shrek 2 [2004][1080p][2.21 Gb]	Shrek 2	2004	Cuando Shrek y la princesa Fiona regresan de su luna de miel, los padres de ella los invitan a visitar el reino de Muy Muy Lejano para celebrar la boda. Para Shrek, al que nunca abandona su fiel amigo Asno, esto constituye un gran problema. Los padres de Fiona, por su parte, no esperaban que su yerno tuviera un aspecto semejante y, mucho menos, que su hija hubiera cambiado tanto. Todo esto trastoca los planes del rey respecto al futuro del reino. Pero entonces entran en escena la maquiavélica Hada Madrina, su arrogante hijo el Príncipe Encantador y un minino muy especial: el Gato con Botas, experto cazador de ogros.	https://image.tmdb.org/t/p/w500/knRt4E8KyfwEv0SVu9LsLvD28IQ.jpg	Animación, Comedia, Familia, Fantasía, Romance	7.318	0	0";;
"Shrek 3 [2007][1080p][2.86 Gb]	Shrek tercero	2007	Shrek se casó con Fiona, pero lo que no tuvo en cuenta es que al casarse con una princesa... tarde o temprano uno termina siendo rey. Cuando su suegro, el Rey Harold, cae enfermo, Shrek se encuentra en riesgo de tener que abandonar su amado pantano por el trono. A menos claro que encuentre un heredero. Junto con Asno y el Gato con Botas, Shrek viaja para en busca del primo de Fiona, Arturo. Mientras, en Muy Muy Lejano, el Principe Encantador recluta un ejército de villanos de cuento para tomar el trono por la fuerza. Pero no cuentan con que Fiona y la Reina Lillian también han reunido su grupo de heroínas de cuento para hacerles frente...	https://image.tmdb.org/t/p/w500/7sTwtmVPTX77CFOUXdwAM7lKtKL.jpg	Fantasía, Aventura, Animación, Comedia, Familia	6.31	0	0";;
"Shrek 4 - Forever After [2010][1080p][2.93 Gb]	Shrek, Felices para siempre	2010	""En lugar de espantar a los aldeanos como él solía hacerlo, un recluido Shrek ahora accede a autografiar horquillas para siembra. Anhelando los días cuando se sentía un """"ogro real"""", Shrek es embaucado al firmar un pacto con el afable negociador Rumpelstiltskin. De pronto Shrek se encuentra en una retorcida versión alterna de Muy Muy Lejano, donde Fiona es un ogro de caza, Rumpelstiltskin es el rey, Burro nunca ha conocido a Shrek, el Gato con Botas es obeso y perezoso, y Shrek y Fiona no se conocían. Ahora, está en las manos de Shrek deshacer todo lo que hizo con la esperanza de salvar a sus amigos, restaurar su mundo y recuperar a su único y verdadero amor.""	https://image.tmdb.org/t/p/w500/11K03KebrdD8nUlGFJX3rSL3KHK.jpg	Comedia, Aventura, Fantasía, Animación, Familia	6.4	0	0";;
"Simbad La Leyenda De Los Siete Mares [2003][1080p][3.31 Gb]	Simbad: La leyenda de los siete mares	2003	Simbad, el aventurero más osado y famoso que cruzó los siete mares, tiene que afrontar el peligro más grande de su vida. Acusado de robar el Libro de la Paz, uno de los tesoros más valiosos del mundo, tendría que encontrarlo para salvar a Proteus, su mejor amigo. Será Marina, la prometida de Proteus, quien convenza a Simbad de que tiene el deber de cumplir esa misión. Eris, la diosa del caos, trata de impedírselo arrojando contra él la furia de los elementos y una legión de criaturas monstruosas. (FILMAFFINITY)	https://image.tmdb.org/t/p/w500/ewoNM3cDc3DG0yRhtvya2UUiXN1.jpg	Acción, Aventura, Animación, Familia, Fantasía	7.013	0	0";;
"Sing [2016][1080p][3.27 Gb]	Sing Street	2016	Cuenta la historia de Cosmo, un niño de 14 años que crece en el Dublín de los 80 y tiene la intención de huir de su complicado hogar. Compone canciones con su banda, como una forma de lucha y publica controvertidos vídeos musicales.	https://image.tmdb.org/t/p/w500/iKoje7m27iCOAxvfhQQKNolXts7.jpg	Romance, Drama, Música, Comedia	7.859	0	0";;
"Sing 2 [2021][1080p][2.38 Gb]	¡Canta! 2	2021	Buster Moon y sus amigos deben persuadir a la estrella del rock Clay Calloway para que se una a ellos en el estreno de un nuevo espectáculo.	https://image.tmdb.org/t/p/w500/9iIDsw7RJHYU94z7k4mbYP5IlYT.jpg	Animación, Comedia, Familia, Música	7.833	0	0";;
"Smiling Friends	Smiling Friends	2020 - 2026	Smiling Friends es una pequeña empresa dedicada a repartir felicidad por el mundo, donde sus trabajadores vivirán locas aventuras.	https://image.tmdb.org/t/p/w500/l1Qdw9DsJaomE8BXeVfkF6h1qaa.jpg	Animación, Comedia, Sci-Fi & Fantasy	8.541	3	27";;
"Snoopy	Snoopy presenta: Un musical veraniego	2025	La música y la alegría reinan cuando Carlitos y la pandilla se van de campamento de verano. Sally es primeriza y no entiende a qué viene tanto alboroto. Pero cuando el campamento se ve obligado a cerrar, se unen para salvarlo y que más niños puedan tener recuerdos especiales en él.	https://image.tmdb.org/t/p/w500/xniB8WhLbSHdy4mPkn2olJUARck.jpg	Animación, Familia, Música, Comedia	7.5	0	0";;
"Song of the Sea [2014][1080p][3.5 Gb]	La canción del mar	2014	Ben y Saoirse son dos hermanos que viven en un faro de una isla junto a su padre que, para protegerlos de los peligros del mar, los envía con su abuela a la ciudad. Allí Ben descubre que su hermana pequeña es una Selkie, un hada del mar, una niña-foca que cantando puede liberar a los Seres Mágicos del sortilegio que les hizo la Bruja de los Búhos. Juntos emprenderán un viaje fantástico.	https://image.tmdb.org/t/p/w500/5JuW5B0UnD1ihhRXJdZbuvfrgcS.jpg	Familia, Animación, Fantasía	7.996	0	0";;
"Soul [2020][1080p][2.09 Gb]	Soul	2020	¿Alguna vez te has preguntado de dónde provienen tu pasión, tus sueños y tus intereses? ¿Qué es lo que te hace ser... tú? Viaja desde las calles de Nueva York a los reinos cósmicos para descubrir las respuestas a las preguntas más importantes de la vida.	https://image.tmdb.org/t/p/w500/xJ7MCAy4oCLerPo3JjnB8lKOhl4.jpg	Animación, Familia, Drama, Música, Fantasía	8.093	0	0";;
"South Park	South Park: Más grande, más largo y sin cortes	1999	Cuando los estudiantes de la escuela primaria de South Park, Stan, Kyle, Cartman y Kenny, deciden entrar a escondidas a ver una película canadiense no apta para menores, su vocabulario sufre un cambio brutal. La indignación de los padres, tras el devastador impacto que sufren sus inocentes y jóvenes mentes al ver la película, da lugar a una incondicional guerra entre Estados Unidos y Canadá. Inesperadamente, los chicos se ven inmersos en una crisis debiendo arriesgar sus vidas en nombre de la libertad de expresión.	https://image.tmdb.org/t/p/w500/6kE3HJS9ehQDvCSfpvD7FylAa4q.jpg	Animación, Comedia	7.282	0	0";;
"SOUTH PARK - EL FIN DE LA OBESIDAD [2024][1080p][1.42 Gb]	South Park: El fin de la obesidad	2024	La llegada de nuevos medicamentos para bajar de peso tiene un gran impacto en todos los habitantes de South Park. Cuando a Cartman se le niega el acceso a la medicina que le cambiará la vida, los niños entran en acción.	https://image.tmdb.org/t/p/w500/iNHa3E72FFVmOz7jmjXnNU27ys1.jpg	Animación, Comedia, Película de TV	7.41	0	0";;
"South Park - Joining the Panderverse [2023][1080p][1.58 Gb]	South Park: Bienvenidos al Complaciverso	2023	El final de la vida familiar y querida de Cartman está predicho por sus sueños increíblemente inquietantes. Mientras la llegada de la inteligencia artificial trastorna su sociedad, los adultos de South Park también se enfrentan a sus propias decisiones personales.	https://image.tmdb.org/t/p/w500/urmwWHh76hacY7yQA5lkX0By6oN.jpg	Animación, Comedia, Ciencia ficción, Película de TV	7.536	0	0";;
"Space Jam - El Juego del Siglo [1996][1080p][2.24 Gb]	Space Jam	1996	Bugs Bunny y su equipo desafían a los Nerdlucks (un grupo de pequeños extraterrestres) a un partido de baloncesto para decidir si los Looney Tunes permanecen en la Tierra o se trasladan a una lejana galaxia para trabajar en un parque de atracciones de Montaña Tontolandia. Los Nerdlucks cuentan con una poderosa arma secreta que los hace superiores: se han apoderado de las mejores cualidades de las estrellas de la NBA (Charles Barkley y Patrick Ewing). Pero también los Looney poseen un arma secreta: ¡Michael Jordan!	https://image.tmdb.org/t/p/w500/i5QYBFIIrh6PngEsCj5fGX7gcI7.jpg	Familia, Animación, Ciencia ficción, Fantasía, Comedia	6.8	0	0";;
"Space Jam 2 - Una Nueva Era [2021][1080p][2.45 Gb]	Space Jam: Nuevas leyendas	2021	Secuela de la cinta original de 1996, Space Jam, protagonizada por Michael Jordan. En esta segunda parte, la super estrella de la NBA es LeBron James, quien queda atrapado junto a su hijo Dom en un extraño lugar, un espacio digital de una fuerza todopoderosa y malvada conocida como A.I. Para volver a casa y poner a salvo a su hijo, el jugador de baloncesto deberá unir fuerzas con Bugs Bunny, Lola Bunny y el resto de personajes de los Looney Tunes para enfrentarse en un partido de baloncesto a los campeones digitalizados por inteligencia artificial.	https://image.tmdb.org/t/p/w500/1BjZAcj4oGokaIGoMDWh6njWzVr.jpg	Familia, Comedia, Aventura, Animación, Ciencia ficción	6.6	0	0";;
"Spider-Man - Un Nuevo Universo [2018]	Spider-Man: un nuevo universo	2018	En un universo paralelo donde Peter Parker ha muerto, un joven de secundaria llamado Miles Morales es el nuevo Spider-Man. Sin embargo, cuando el líder mafioso Wilson Fisk construye el 'Super Colisionador' trae a una versión alternativa de Peter Parker que tratará de enseñar a Miles como ser un mejor Spider-Man. Pero no será el único Spider Man en entrar a este universo:  cuatro versiones alternativas buscan regresar a su universo antes de que toda la realidad se colapse.	https://image.tmdb.org/t/p/w500/xRMZikjAHNFebD1FLRqgDZeGV4a.jpg	Animación, Acción, Aventura, Ciencia ficción	8.394	0	0";;
"Spider-Man A Través Del Spider-Verso (2023) 1080p	Spider-Man: Cruzando el Multiverso	2023	Tras reencontrarse con Gwen Stacy, el amigable vecindario de Spider-Man de Brooklyn al completo es catapultado a través del Multiverso, donde se encuentra con un equipo de Spidermans encargados de proteger su propia existencia. Pero cuando los héroes se enfrentan sobre cómo manejar una nueva amenaza, Miles se encuentra enfrentado a las otras Arañas y debe redefinir lo que significa ser un héroe para poder salvar a la gente que más quiere.	https://image.tmdb.org/t/p/w500/37WcNMgNOMxdhT87MFl7tq7FM1.jpg	Animación, Acción, Aventura, Ciencia ficción	8.3	0	0";;
"Spirit [2002][1080p][2.1 Gb]	Spirit: El corcel indomable	2002	Sigue las aventuras de un corcel mustang salvaje e ingobernable que recorre la indómita frontera norteamericana. Cuando encuentra a un hombre por primera vez, un joven de la tribu de los Lakota llamado Little Creek, Spirit se niega a dejarse domar por él pero sí se hace amigo suyo. El valiente corcel también encuentra el amor con una hermosa yegua llamada Rain. Spirit se conviertirá en uno de los grandes héroes anónimos del Viejo Oeste.	https://image.tmdb.org/t/p/w500/gNRQdU3KEsYTIl4y9Xte3onUSsx.jpg	Animación, Aventura, Familia, Drama, Western	7.696	0	0";;
"Splinter Cell - Deathwatch	Splinter Cell: Deathwatch	2025 - 2025	En el sombrío mundo del espionaje, Sam Fisher es a la vez un rumor y una leyenda, y vuelve a la acción para ayudar a una nueva recluta a destapar una conspiración mundial.	https://image.tmdb.org/t/p/w500/38XJlQAYMcPjgqVhBO8VjkufSEx.jpg	Animación, Action & Adventure	6.589	1	8";;
"Star vs las Fuerzas del Mal	Star contra las fuerzas del mal	2015 - 2019	Sigue la historia de Star, una apasionada y genial princesa adolescente de otra dimensión. Después de recibir una Varita Mágica Real todopoderosa para su cumpleaños número 14, sus padres de la realeza la envían a vivir con la familia Díaz y su responsable hijo Marco en la Tierra, y ella lleva su estilo interdimensional único a su nuevo hogar.	https://image.tmdb.org/t/p/w500/drnY78Uwi4nYw4jOEp067WRl4Lt.jpg	Action & Adventure, Animación, Comedia, Sci-Fi & Fantasy, Familia	8.365	4	140";;
"Star Wars - La Guerra de los Clones	La guerra de las galaxias. Episodio II: El ataque de los clones	2002	Corren tenebrosos tiempos para la República. Ésta continúa envuelta en luchas y sumida en el caos. Un movimiento separatista, formado por centenares de planetas y poderosas alianzas y y lideradas por el misterioso conde Dooku, abre nuevas amenazas para la galaxia, a la que ni siquiera los Jedi parecen poder poner freno. Estas maniobras, planeadas hace mucho por una poderosa fuerza, conducen al estallido de las guerras clones y al principio del fin de la República. Para allanar el camino, los separatistas intentan asesinar a la senadora Padme Amidala. Para evitar futuros atentados, su seguridad es encomendada a dos caballeros Jedi...	https://image.tmdb.org/t/p/w500/pwwBIUqVSWrCBuUAvbaNdf7VajF.jpg	Aventura, Acción, Ciencia ficción	6.594	0	0";;
"Star Wars - Tales of the Jedi	Star Wars: Las crónicas jedi	2022 - 2022	Adéntrate en la historia de dos jedi muy distintos: Ahsoka Tano y el Conde Dooku. Ambos serán puestos a prueba y tendrán que tomar decisiones que marcarán su destino.	https://image.tmdb.org/t/p/w500/6fNxi42CTphmvTiXHSWh2ojtrBC.jpg	Animación, Sci-Fi & Fantasy, Action & Adventure	7.948	1	6";;
"Star Wars - The Bad Batch	Star Wars: La remesa mala	2021 - 2024	Sigue a los Clones experimentales y de élite de Bad Batch mientras encuentran su camino en una galaxia que cambia rápidamente después de las Guerras Clon.	https://image.tmdb.org/t/p/w500/dmF2LqFb1Aj8jRktPdYapP7fWyx.jpg	Animación, Action & Adventure, Sci-Fi & Fantasy	8.16	3	47";;
"Star Wars - Visions	Star Wars: Visions	2021 - 2025	Esta antología de cortos de animación rinde homenaje a los mitos de Star Wars vistos con los ojos de distintas culturas del mundo.	https://image.tmdb.org/t/p/w500/j1GUg79nDfEf5O4gbmzKxSeWl7Z.jpg	Animación, Sci-Fi & Fantasy, Action & Adventure	7.09	3	27";;
"Starship Troopers - Traitor of Mars [2017][1080p][4.04 Gb]	Starship Troopers: Traidor de Marte	2017	Rico ha sido degradado y enviado a una estación satélite de Marte, donde se ocupará de entrenar a un grupo de reclutas. Por supuesto no tardarán en aparecer los conocidos bichos. Secuela de Starship Troopers: Invasion	https://image.tmdb.org/t/p/w500/u271ZQqLfSrfS0ON0xJqfdfdZoQ.jpg	Animación, Acción, Ciencia ficción	5.909	0	0";;
"Steven Universe	Steven Universe: La película	2019	Ambientada dos años después de los acontecimientos acaecidos en la quinta temporada, un Steven de 16 años se enfrenta a un mundo repleto de novedades. Aunque cree que su papel como guardián de la Tierra ya ha terminado, una nueva amenaza se cierne sobre Beach City, por lo que el joven héroe tendrá que enfrentarse a su mayor desafío hasta la fecha.	https://image.tmdb.org/t/p/w500/bewhxwbmWTMe16dEQa8ICGe9Y1Y.jpg	Película de TV, Animación, Familia, Aventura, Fantasía	8.2	0	0";;
"Steven Universe Future	Steven Universe Future	2019 - 2020	""""""Steven Universe: Future"""" servirá como epílogo para la saga.""	https://image.tmdb.org/t/p/w500/fDdIlvGhBNnljro1ON6T9Q3hRpq.jpg	Animación, Action & Adventure, Comedia, Sci-Fi & Fantasy, Familia	8.161	1	20";;
"Stitch! The Movie [2003][1080p][2.5 Gb]	La película de Stitch	2003	Continuación de las divertidas aventuras del entrañable y travieso extraterrestre que cayó en la Tierra, transformando la vida de Lilo y toda su familia. Stitch, Peakley y Jumba ya forman parte de la familia, pero lo que Lilo y Stitch no saben es que Jumba se trajo de contrabando a la Tierra sus primeros 625... y ahora el malvado Capitán Gantu quiere que regresen. Dependerá de Lilo y Stitch evitarlo y salvar a su familia de alienígenas.	https://image.tmdb.org/t/p/w500/6MM0i4SrOPQblYSRS8jrOgZ4mlw.jpg	Comedia, Familia, Animación, Ciencia ficción	6.4	0	0";;
"Storks [2016][1080p][1.26 Gb]	Cigüeñas	2016	""En Montaña Cigüeña, viven las cigüeñas que hace tiempo enviaban bebés a los padres de todo el mundo. Ahora distribuyen los paquetes de una compañía mundial de Internet. Junior, la mejor cigüeña repartidora de la compañía, está a punto de conseguir un ascenso, pero accidentalemete activa la Máquina de Producción de Bebés y el resultado es una adorable niña ilegal. Para evitar que su jefe se entere, Junior y su amiga Tulip, el único ser humano de Montaña Cigüeña, se apresuran a entregar el bebé en un viaje salvaje que podría afectar a la integridad de más de una familia y restablecer la verdadera misión de las cigüeñas en el mundo. Debut en el largometraje de Doug Sweetland, responsable del corto de Pixar """"Presto"""" (2008).""	https://image.tmdb.org/t/p/w500/eEyLLrcUAvmAn6OoZwEvzCUG6Z6.jpg	Aventura, Animación, Comedia, Familia	6.671	0	0";;
"Strange Magic [2015][720p][940 Mb]	Marianne y la pócima del amor (Strange Magic)	2015	Musical inspirado en El Sueño de una Noche de Verano, de William Shakespeare, donde “canciones populares de los últimos 60 años relatan la historia de un nutrido reparto de goblins, elfos y hadas, y sus encontronazos para hacerse con una poderosa poción”. (FILMAFFINITY)	https://image.tmdb.org/t/p/w500/7LhOt6vzoCFYBXKUjlAe3iV28tP.jpg	Música, Animación, Familia, Fantasía	7.224	0	0";;
"Super Mario Bros [2023][1080p][4.48 Gb]	Super Mario Bros: La película	2023	Mientras trabajan en una avería subterránea, los fontaneros de Brooklyn, Mario y su hermano Luigi, viajan por una misteriosa tubería hasta un nuevo mundo mágico. Pero, cuando los hermanos se separan, Mario deberá emprender una épica misión para encontrar a Luigi. Con la ayuda del champiñón local Toad y unas cuantas nociones de combate de la guerrera líder del Reino Champiñón, la princesa Peach, Mario descubre todo el poder que alberga en su interior.	https://image.tmdb.org/t/p/w500/4CDkQMpNDTtVKwS0BBZw5RIXDtY.jpg	Familia, Comedia, Aventura, Fantasía, Animación	7.604	0	0";;
"Tadeo Jones 2. El secreto del Rey Midas [2017][1080p][2.8 Gb]	Tadeo Jones 2: El secreto del rey Midas	2017	Segunda entrega de las aventuras de este albañil con un espíritu aventurero y soñador que acaba como arqueólogo por casualidad. En esta ocasión, Tadeo Jones viajará hasta Las Vegas. Allí acude a la presentación del último descubrimiento de la arqueóloga Sara Lavroff. Se trata de un papiro que demuestra que el Collar de Midas, el Rey que convertía todo lo que tocaba en oro, existe de verdad. Pero las cosas se complicarán cuando un malvado ricachón secuestre a Sara para así hacerse con la reliquia y conseguir riquezas infinitas. Será entonces cuando Tadeo emprenderá un viaje por medio mundo para evitarlo. Junto a sus fieles amigos el loro Belzoni y su perro Jeff, Tadeo tendrá que echar mano de su ingenio para rescatar a Sara, en un arriesgado viaje, donde encontrará nuevos amigos… y nuevos villanos. ¿Conseguirá salvar a Sara y evitar que el villano se haga con el poder?	https://image.tmdb.org/t/p/w500/zsaGcfQcGuRmSHfvQEbjj4gR9jP.jpg	Animación, Aventura, Comedia, Familia	6.7	0	0";;
"Tadeo Jones 3 La tabla esmeralda	Tadeo Jones 3: La Tabla Esmeralda	2022	A Tadeo le encantaría que sus colegas arqueólogos le aceptasen como a uno más, pero siempre acaba liándola: destroza un sarcófago y desata un conjuro que pone en peligro la vida de sus amigos, Momia, Jeff y Belzoni. Con todos en contra y solo ayudado por Sara, Tadeo emprenderá una huida llena de aventuras, que le llevará de México a Chicago y de París a Egipto, para encontrar la manera de acabar con la maldición de la momia.	https://image.tmdb.org/t/p/w500/sK5e1HbxVbvzUuobpVWtaItRSSJ.jpg	Animación, Aventura, Familia, Comedia, Fantasía	7.471	0	0";;
"Tarzan [1999][1080p][4.2 Gb]	Tarzán	1999	Cuando Kala, una gorila hembra, encuentra un niño huérfano en la jungla, decide adoptarlo como su propio hijo a pesar de la oposición de Kerchak, el jefe de la manada. Junto a Terk, un gracioso mono, y Tantor, un elefante algo neurótico, Tazán crecerá en la jungla desarrollando los instintos de los animales y aprendiendo a deslizarse entre los árboles a velocidad de vértigo. Pero cuando una expedición se adentra en la jungla y Tarzán conoce a Jane, descubrirá quién es realmente y cuál es el mundo al que pertenece...	https://image.tmdb.org/t/p/w500/1Gk8iihu4Q4BGh2n1IwNLB3zM8E.jpg	Animación, Familia, Aventura	7.406	0	0";;
"Tarzan 2 [2005][1080p][3.45 Gb]	Tarzán 2	2005	Antes de ser el Rey de la Selva, Tarzán era un niño inquieto que intentaba encontrar su papel en el mundo. Cuando una de sus travesuras pone a su familia en peligro, Tarzán decide que ellos estarán mejor sin él. Así se embarca en un emocionante viaje que le llevará a encontrarse cara a cara con el misterioso Zugor, la fuerza más poderosa del planeta. Juntos, Tarzán y Zugor descubren que ser diferentes no es una debilidad y que los amigos y la familia son el mayor apoyo de todos.	https://image.tmdb.org/t/p/w500/5KRnGepv2b1daJ2WM8ZGnPS64nl.jpg	Aventura, Animación, Familia	6.094	0	0";;
"Tarzan y Jane [2002][720p][930 Mb]	Tarzán y Jane	2002	Tarzán y Jane celebran su primer año juntos, y Jane le busca el regalo perfecto con la ayuda de Terk y Tantor. Recordando todas las aventuras que han compartido, Jane decubre lo excitante que es vivir en la jungla: desde encuentros con viejos amigos y nuevos enemigos, hasta burlar a una hambrienta pantera o deslizarse sobre la lava de un volcán en erupción. Aunque vengan de mundos diferentes, Tarzán y Jane descubren que formando un equipo, no tienen rival.	https://image.tmdb.org/t/p/w500/6AEkHBqavdBdnuFvE0cSkm6Srns.jpg	Animación, Familia, Aventura	6.049	0	0";;
"Teen Titans	Teen Titans Go! La película	2018	Cuando los Jóvenes Titanes se enteran de que otros superhéroes de DC han realizado sus propias películas, estos buscaran encontrar en un viaje épico un director perfecto para su debut en la gran pantalla, pero un viejo enemigo tiene otras ideas planeadas para ellos.	https://image.tmdb.org/t/p/w500/c6DNJJyuqenEf0eEBXSi9sl7j7d.jpg	Animación, Acción, Comedia, Ciencia ficción	7.172	0	0";;
"Telma, la Unicornio [2024][1080p][2.71 Gb]	Telma, la unicornio	2024	Una poni cantante que sueña con el estrellato salta a la fama al transformarse en una brillante unicornio, pero el camino de la popularidad será toda una aventura.	https://image.tmdb.org/t/p/w500/ohuki9saKOCtaKH72VBz5gx54tZ.jpg	Animación, Fantasía, Familia	6.9	0	0";;
"The Bad Guys - Breaking In	Los tipos malos: Malos comienzos	2025 - 2026	¿Cómo empezaron los Tipos Malos en el mundo del crimen? Descúbrelo en esta divertida serie precuela, ambientada antes de las películas.	https://image.tmdb.org/t/p/w500/ycdB6a7XGLhJjpkBFaRTLsGKw7H.jpg	Animación, Crimen, Comedia, Familia	6.8	2	19";;
"The Bad Guys [2022][1080p][2.06 Gb]	Los tipos malos	2022	Cinco villanos notorios: el Sr. Lobo, Sr. Serpiente, Sr. Piraña, Sr. Tiburón y Srta. Tarántula, que han pasado toda una vida juntos realizando grandes atracos.	https://image.tmdb.org/t/p/w500/czxHSOXyKd6zEvIOvUTxAwqOjcK.jpg	Acción, Animación, Comedia, Crimen, Familia	7.531	0	0";;
"The Bad Guys 2 [2025][1080p][3.61 Gb]	Los tipos malos 2	2025	Un genial equipo de animales que no respetan la ley, los ahora muy reformados Tipos Malos, se esfuerzan (mucho, muchísimo) en ser buenos, pero se ven envueltos involuntariamente en un golpe de envergadura mundial planeado por un inesperado grupo de criminales: las Tipas Malas.	https://image.tmdb.org/t/p/w500/mZmnKDhIS2yNmtfzde5vtdCYzBF.jpg	Familia, Comedia, Crimen, Aventura, Animación	7.654	0	0";;
"The Boss Baby - Christmas Bonus [2022][1080p][1 Gb]	El extra navideño del Bebé Jefazo	2022	La Nochebuena se complica cuando el Bebé Jefazo ocupa el lugar de uno de los elfos de Papá Noel por error y se queda atrapado en el Polo Norte.	https://image.tmdb.org/t/p/w500/oYqSHD0bYRZFyZIocUsKXzDJULK.jpg	Animación, Familia, Aventura	6.686	0	0";;
"The Boss Baby [2017][1080p][2 Gb]	The Boss Baby and Tim's Treasure Hunt Through Time	2017		https://image.tmdb.org/t/p/w500/xDf1Q5xktwhPbvzA8dybi2nrLKB.jpg	Animación	6.2	0	0";;
"The Boss Baby 2 - Family Business [2021][1080p][2.3 Gb]	El bebé jefazo: Negocios de familia	2021	Los hermanos Templeton se han convertido en adultos y se han alejado el uno del otro, pero un nuevo jefe bebé con un enfoque de vanguardia está a punto de unirlos nuevamente e inspirar un nuevo negocio familiar.	https://image.tmdb.org/t/p/w500/6KRFqIAE5gz35b1kZoFcrqmfOj2.jpg	Animación, Comedia, Aventura, Familia	7.331	0	0";;
"The Croods [2013][1080p][1.93 Gb]	Los Croods	2013	La película está ambientada en la prehistoria, donde Crug lidera a su familia más allá de la comodidad de su hogar después de que este sea destruido por un gran terremoto. Mientras intentan viajar por el desconocido y aterrador mundo, se encuentran con un nómada que cautiva a su clan, en especial a su hermana mayor, con su mente moderna.	https://image.tmdb.org/t/p/w500/3X3qtBTgKt5mCB30RJwbIjgjzdw.jpg	Animación, Aventura, Familia, Comedia	6.9	0	0";;
"The Croods 2 - A New Age [2020][720p][903 Mb]	Los Croods: Una nueva era	2020	Después de salir de su cueva, los Croods se encuentran con su mayor amenaza desde que se fueron: otra familia llamada Betterman, quienes afirman y demuestran ser mejores y evolucionados. Grug empieza a sospechar de los padres de Betterman, Phil y Hope, ya que planean en secreto separar a su hija Eep con su amado novio Guy para asegurarse de que su hija Dawn tenga un compañero amoroso e inteligente que la proteja.	https://image.tmdb.org/t/p/w500/5uMWKEmegf5aTJnp1u98JF4QerP.jpg	Animación, Familia, Aventura, Fantasía, Comedia	7.4	0	0";;
"The Dragon Prince	Belle	2021	En la vida real, Suzu es una adolescente acomplejada atrapada en su pequeño pueblo de montaña con su padre. Pero en el mundo virtual de 'U', Suzu se convierte en Belle, un icono musical con más de cinco mil millones de seguidores. Su vida tomará un giro inesperado cuando Belle conozca a Bestia, una criatura tan fascinante como aterradora.	https://image.tmdb.org/t/p/w500/uboCDV8S5qOfV1PLyKXb9Wc4EL0.jpg	Animación, Ciencia ficción, Fantasía	7.617	0	0";;
"The Good Dinosaur [2015][1080p][3.51 Gb]	El viaje de Arlo	2015	¿Qué hubiera pasado si el asteroide que cambió para siempre la vida en la Tierra no hubiese impactado en nuestro planeta? ¿Qué pasaría si los dinosaurios gigantes nunca se hubiesen extinguido? El viaje de Arlo nos traslada a un mundo donde el asteroide que terminó de forma dramática con los dinosaurios, pasa de largo. La consecuencia de este colosal cambio es que ahora los dinosaurios y los humanos tienen que vivir juntos en la Tierra.	https://image.tmdb.org/t/p/w500/1WKI6PM79XjK2LVS1B4yoG3wNHw.jpg	Aventura, Animación, Familia	6.744	0	0";;
"The Hollow	The Hollow Point	2016	En las desoladas carreteras de una ciudad fronteriza, el trato de un cártel ha ido mal. El nuevo sheriff de la ciudad debe aliarse con el antiguo sheriff al que reemplaza, para investigar el origen del trato, para poder detener a un misterioso asesino a sueldo del cártel.	https://image.tmdb.org/t/p/w500/I3nqs2RHuGNjhIHrU7yG3Ai0fc.jpg	Acción, Drama, Suspense, Crimen, Western, Aventura, Misterio	5.735	0	0";;
"The Incredibles [2004][1080p][2.99 Gb]	Los Increíbles	2004	Como Mr. Increíble y Elastigirl, Bob y su esposa Helen estaban entre los mejores luchadores contra el crimen. Por fin pueden volver a la acción cuando una misteriosa llamada cita a Bob en una isla remota.	https://image.tmdb.org/t/p/w500/al1jusd4T7JPatZlj4BuYkDDOzr.jpg	Acción, Aventura, Animación, Familia	7.726	0	0";;
"The Incredibles 2  [2018][1080p][3.82 Gb]	Los Increíbles 2	2018	Helen tiene que liderar una campaña para que los superhéroes regresen, mientras Bob vive su vida 'normal' con Violet, Dash y el bebé Jack-Jack —cuyos superpoderes descubriremos—. Su misión se va a pique cuando aparece un nuevo villano con un brillante plan que lo amenaza todo. Pero los Parr no se amedrentarán y menos teniendo a Frozone de su parte.	https://image.tmdb.org/t/p/w500/bJjc0217DuipdwJ0wyi3I4j6soR.jpg	Acción, Aventura, Animación, Familia	7.453	0	0";;
"The LEGO Batman Movie [2017][1080p][3.33 Gb]	Batman: La LEGO película	2017	""Spin-off de """"La LEGO Película"""", protagonizado por Batman. En esta ocasión, el irreverente Batman, que también tiene algo de artista frustrado, intentará salvar la ciudad de Gotham de un peligroso villano, el Joker. Pero no podrá hacerlo solo, y tendrá que aprender a trabajar con sus demás aliados.""	https://image.tmdb.org/t/p/w500/9F7OQVDMmvUJVwI7s0yzGNftC2F.jpg	Animación, Acción, Comedia, Familia	7.246	0	0";;
"The LEGO Movie - Ninjago [2017][1080p][3.2 Gb]	La Lego Ninjago película	2017	En la película, la batalla por Ninjago City llama la atención del joven maestro constructor Lloyd (Ninja Verde) y de sus amigos, todos ellos ninjas secretos. Dirigidos por el maestro Wu deberán derrotar al malvado guerrero Garmadon, un tipo tremedamente malvado que a su vez es padre de Lloyd. Padre contra hijo e hijo contra padre, este épico enfrentamiento probará a un equipo de ninjas indisciplinados que deberán aprender a controlar sus egos y trabajar unidos si quieren acabar victoriosos.	https://image.tmdb.org/t/p/w500/k3KdTPZcZ2ZcnLEXyc651Tgyz3M.jpg	Acción, Aventura, Animación, Comedia, Familia	6.504	0	0";;
"The LEGO Movie [2014][1080p][3.6 Gb]	La LEGO película	2014	Película basada en los clásicos juguetes LEGO. Emmet, el protagonista de la película, trabaja como constructor en la ciudad Lego, pero sus conocimientos de construcción no van más allá de colocar las fichas atendiendo pormenorizadamente las instrucciones de edificación. Sin embargo, sin saber cómo ni por qué, Emmet es confundido con un 'MasterBuilder' e introducido como cabecilla de una misión que tiene por objetivo evitar que un malvado acabe con la ciudad de bloques. Por suerte, los habitantes de tan atípico lugar no están solos. Los mismísimos Superman y Batman han tomado la forma de muñecos Lego para tomar parte de esta gran aventura.	https://image.tmdb.org/t/p/w500/faKcUazMUagPhx9N3kKNaUCrES4.jpg	Animación, Familia, Aventura, Comedia, Fantasía	7.428	0	0";;
"The LEGO Movie 2 - The Second Part [2019][108p][4.2 Gb]	La LEGO película 2	2019	Han pasado cinco años desde que todo era fabuloso y los ciudadanos se enfrentan a una gran nueva amenaza: los invasores LEGO DUPLO® del espacio exterior, destruyendo todo más rápido de lo que pueden reconstruir.	https://image.tmdb.org/t/p/w500/pOMqelYclqbnj4f7mL5KgSN5rJj.jpg	Acción, Aventura, Animación, Comedia, Familia	6.656	0	0";;
"The Loud House	The Loud House: Schooled!	2020		https://image.tmdb.org/t/p/w500/95fA8xjveAQudQfP1SzL1Rou5rm.jpg	Música, Película de TV, Animación, Familia, Comedia	9.0	0	0";;
"The Mighty Nein	The Mighty Nein	2025 - 2025	Un grupo de marginados, criminales e inadaptados se ven abocados a salvar el continente cuando una reliquia arcana capaz de remodelar la realidad cae en manos equivocadas.	https://image.tmdb.org/t/p/w500/qJTZanXDiJKABLNGRM9LmSg8YT7.jpg	Animación, Action & Adventure, Sci-Fi & Fantasy	8.0	1	8";;
"The Nightmare Before Christmas [1993][1080p][2.3 Gb]	Pesadilla antes de Navidad	1993	Cuando Jack Skellington, el Señor de Halloween, descubre la Navidad, se queda fascinado y decide mejorarla. Sin embargo, su visión de la festividad es totalmente contraria al espíritu navideño. Sus planes incluyen el secuestro de Santa Claus y la introducción de cambios bastante macabros. Sólo su novia Sally es consciente del error que está cometiendo.	https://image.tmdb.org/t/p/w500/pqFPpQ77VZ0moRgRRsxx7p39CS3.jpg	Fantasía, Animación, Familia	7.831	0	0";;
"The Polar Express [2004][1080p][2.5 Gb]	Polar Express	2004	""Esta es la historia de un jovencito en la víspera de Navidad quien aborda un poderoso y mágico tren que se dirige al hogar de Papá Noel, en el Polo Norte. Lo que se desarrolla es una aventura que sigue al dubitativo niño, quien toma un tren extraordinario al Polo Norte";" durante este viaje, se embarca en una experiencia de autodescubrimiento que le muestra que las maravillas de la vida nunca se desvanecen para quienes creen.""	https://image.tmdb.org/t/p/w500/ja6QGEUkP8t3wjjoHYvpRStomlT.jpg	Aventura, Animación, Familia, Fantasía	6.724	0	0";
"The Sea Beast [2022]	El monstruo marino	2022	Una joven polizona se cuela en el navío de un cazador legendario de monstruos marinos y juntos emprenden un viaje épico por mares inexplorados. Y hacen historia.	https://image.tmdb.org/t/p/w500/wEdvvT8js6qhdVvxGkeYqr6gayP.jpg	Animación, Aventura, Acción, Familia, Fantasía	7.334	0	0";;
"The Secret of NIMH [1982][720p][830 Mb]	Nimh, el mundo secreto de la Sra. Brisby	1982	Ante la amenza de que el hogar de una familia de ratones de campo sea destruido, la madre, la señora Brisby, pide ayuda... Dibujos animados para los más pequeños de la casa, con una de las partituras más geniales del compositor de bandas sonoras Jerry Goldsmith.	https://image.tmdb.org/t/p/w500/knBSHvgA3c48W7QqusHhrF8cfL7.jpg	Aventura, Animación, Drama, Familia, Fantasía, Misterio, Ciencia ficción	7.454	0	0";;
"The Wild Robot [2024][1080p][3.4 Gb]	Robot salvaje	2024	""Esta aventura épica cuenta la historia de una robot, Rozzum 7-1-3-4, """"Roz"""" para abreviar, que naufraga en una isla inhabitada y debe aprender a adaptarse a los entornos rigurosos construyendo relaciones con los animales de la isla y convirtiéndose en la madre adoptiva de una cría de ganso huérfana.""	https://image.tmdb.org/t/p/w500/a0a7RC01aTa7pOnskgJb3mCD2Ba.jpg	Familia, Animación, Ciencia ficción, Aventura	8.313	0	0";;
"The Willoughbys [2020][1080p][2.82 Gb]	Los hermanos Willoughby	2020	Los hermanos Willoughby están convencidos de que sin sus padres (un par de egoístas) les iría mucho mejor. Cuando consiguen mandarlos de vacaciones, los cuatro niños se embarcan en una aventura en busca del verdadero significado de la familia.	https://image.tmdb.org/t/p/w500/v1W9uSS3W7oil0Lo9QUJesey0i5.jpg	Aventura, Animación, Comedia, Familia, Fantasía	7.039	0	0";;
"The Witcher - Nightmare of the Wolf [2021][1080p][1.77 Gb]	The Witcher: La pesadilla del lobo	2021	El brujo Vesemir mata monstruos por el dinero y la gloria. Hasta que surge una nueva amenaza y debe enfrentarse a los demonios de su mísero pasado.	https://image.tmdb.org/t/p/w500/y76K8SvpzFQ8gkp3lMmeoB7I6WN.jpg	Animación, Acción, Fantasía	7.428	0	0";;
"Throne of Elves [2017][720p][1 Gb]	El reino de los elfos	2016	En el mítico mundo elfo de Altera, una épica lucha tiene lugar entre la princesa Liya y la malvada Elfa Oscura Elena, quien ahora tiene en su poder una gema de gran poder. Secuela de Dragon Nest: Warriors' Dawn (2015).	https://image.tmdb.org/t/p/w500/An0GnDkgrblHGeJx8fXard1gizm.jpg	Fantasía, Animación, Familia	7.601	0	0";;
"Tinker Bell [2008][1080p][1.62 Gb]	Campanilla	2008	Campanilla, nacida en el mundo fantástico de la Hondonada de las Hadas, descubre que su talento es tintinear. Cuando las hadas se preparan para traer la primavera al mundo, Campanilla piensa que su talento no es igual de útil, especial o importante que el del resto, y por eso no puede ir a Tierra firme. Por ello, Campanilla suplica a sus amigas hadas Rosetta, Silvermist, Fawn e Iridessa que le enseñen sus talentos y así poder acompañarlas en sus viajes.	https://image.tmdb.org/t/p/w500/1pUkm0XAVVD2CrTF4YdGOVfXjTY.jpg	Animación, Familia, Aventura, Fantasía	6.9	0	0";;
"Tinker Bell 2 - El Tesoro Perdido [2009][1080p][1.78 Gb]	Campanilla y el tesoro perdido	2009	Las fiestas de este otoño prometen ser especiales. Habrá luna azul, lo que permitirá que las hadas utilicen una preciosa piedra lunar para rejuvenecer el árbol de polvo de estrellas, la fuente de toda su magia. Pero cuando su amiga Terence le ofrece su ayuda, su temperamento hace que deba ir a la ciudad de las hadas para arreglar las cosas, donde descubre el tesoro más grande de todos.	https://image.tmdb.org/t/p/w500/s5ggvZQMXhP3O2dQD8iQE46K6b6.jpg	Animación, Familia, Aventura, Fantasía	6.828	0	0";;
"Tinker Bell 3 - Hadas al Rescate [2010][1080p][1.47 Gb]	Campanilla y el gran rescate	2010	Campanita visita las praderas de Inglaterra en verano y desarrolla una relación especial con una niña. Cuando las otras hadas lanzan un rescate audaz, Campanita tiene que hacerse cargo de todas para mantener a las hadas a salvo.	https://image.tmdb.org/t/p/w500/AmUOjwjgz1vGnAmnR51NVv0hqAe.jpg	Animación, Aventura, Familia, Fantasía	6.8	0	0";;
"Tinker Bell 4 - El Secreto de las Hadas [2012][1080p][1.81 Gb]	Campanilla: El secreto de las hadas	2012	""Para Campanilla y el resto de las hadas de la temporada cálida, el Bosque del Invierno sigue siendo un lugar misterioso y prohibido. Con """"Campanilla: El Secreto de las Hadas"""", el público acompañará a Campanilla en un increíble viaje a ese mundo prohibido donde descubrirá un secreto mágico que cambiará su vida para siempre.""	https://image.tmdb.org/t/p/w500/soPOZlksVHcumHnhyRlI3XtAVyx.jpg	Animación, Familia, Fantasía, Aventura	7.2	0	0";;
"Tinker Bell 5 - Hadas y Piratas [2014][1080p][2.17 Gb]	Campanilla: Hadas y piratas	2014	Zarina, una incomprendida hada guardiana del polvo de hada, roba el importantísimo Polvo de Hada Azul de la Hondonada de las Hadas, y se escapa para unirse a los piratas de la Roca Calavera. Así que Campanilla y sus amigas las hadas emprenden la aventura de su vida para recuperarlo. Pero mientras persiguen a Zarina, el mundo de Campanilla se convierte en un caos. Ella y sus amigas se dan cuenta de que sus talentos respectivos están cambiados y tienen que emprender una carrera a contrarreloj para recuperar el Polvo de Hada Azul para salvar la Hondonada de las Hadas.	https://image.tmdb.org/t/p/w500/7Jrap24Ki03bC39hbfyebw3xDul.jpg	Animación, Familia	6.955	0	0";;
"Tinker Bell 6 - La Bestia de Nunca Jamas [2014][720p][685 Mb]	Campanilla y la leyenda de la bestia	2014	Fawn, el hada protectora de los animales amiga de Campanilla, no está pasando por su mejor momento. Empeñada en ayudar a todos los seres vivos, ha puesto en peligro varias veces a los habitantes de la Hondonada de las Hadas y su reputación no parece que vaya a mejorar tras empeñarse en ocultar a una extraña bestia que ha aparecido en la zona.	https://image.tmdb.org/t/p/w500/14Yjf8xW2uWkZ3ZhagbrKMXbe70.jpg	Aventura, Animación, Familia	7.4	0	0";;
"Totally Spies	Totally Spies!: La película	2009	Adaptación de la serie Totally Spies, que cuenta cómo las protagonistas se convirtieron en espías.	https://image.tmdb.org/t/p/w500/vNZ7ky6Omu9Ik5TgCMBhhAZRsMC.jpg	Animación, Aventura, Comedia, Familia	6.3	0	0";;
"Toy Story [1995][1080p][1.49 Gb]	Toy Story	1995	Los juguetes de Andy, un niño de seis años, temen que haya llegado su hora y que un nuevo regalo de cumpleaños les sustituya en el corazón de su dueño. Woody, un vaquero que ha sido hasta ahora el juguete favorito de Andy, trata de tranquilizarlos hasta que aparece Buzz Lightyear, un héroe espacial dotado de todo tipo de avances tecnológicos. Woody es relegado a un segundo plano, pero su constante rivalidad se transformará en una gran amistad cuando ambos se pierden en la ciudad sin saber cómo volver a casa.	https://image.tmdb.org/t/p/w500/jvn7wy3RSNEXnFSXLpH2of2LcV6.jpg	Familia, Comedia, Animación, Aventura	7.976	0	0";;
"Toy Story 2 [1999][1080p][1.66 Gb]	Toy Story 2	1999	Cuando Andy se va de campamento dejando solos a los juguetes, Al McWhiggin, un compulsivo coleccionista de juguetes valiosos, secuestra a Woody. Buzz Lightyear y el resto de los juguetes de Andy deberán actuar con rapidez para rescatarlo, poniéndose al frente de una operación de rescate durante la cual se enfrentarán a múltiples peligros y divertidas situaciones.	https://image.tmdb.org/t/p/w500/6zI0N9blJ9DwuV2xgl3TdGFLtn0.jpg	Animación, Comedia, Familia	7.608	0	0";;
"Toy Story 3 [2010][1080p][1.84 Gb]	Toy Story 3	2010	Sabiendo que su dueño Andy, que ya no es un niño, se prepara para ir a la universidad, el vaquero Woody, el astronauta Buzz y el resto de sus amigos juguetes comienzan a preocuparse ante su incierto futuro. Efectivamente todos acaban en una guardería, donde por ejemplo la muñeca Barbie conocerá al guapo Ken. Esta reunión de nuestros amigos con otros nuevos juguetes no será sino el inicio de un montón de trepidantes y divertidas aventuras.	https://image.tmdb.org/t/p/w500/yBSISwqix2z0JiwIrM3r6fiI6Cm.jpg	Animación, Familia, Comedia	7.806	0	0";;
"Toy Story 4 [2019][1080p][1.79 Gb]	Toy Story 4	2019	Woody siempre ha tenido claro cuál es su labor en el mundo y cuál es su prioridad: cuidar a su dueño, ya sea Andy o Bonnie. Sin embargo, Woody descubrirá lo grande que puede ser el mundo para un juguete cuando Forky se convierta en su nuevo compañero de habitación. Los juguetes se embarcarán en una aventura de la que no se olvidarán jamás.	https://image.tmdb.org/t/p/w500/yF1vPDuHVrAUMX5dy1tVMbAjkEL.jpg	Familia, Comedia, Animación, Aventura	7.462	0	0";;
"Treasure Planet [2002][1080p][3.42 Gb]	El planeta del tesoro	2002	Jim, un surfista solar, se enfrenta a una cacería intergaláctica de tesoros cuando cae en sus manos un legendario mapa que le llevará a buscar la fortuna más grande del Universo. A bordo de un espectacular 'galeón solar', Jim se convierte en el ayudante del cocinero del barco, John Silver -mitad hombre, mitad máquina-, que le enseña a ser un buen explorador del espacio.	https://image.tmdb.org/t/p/w500/cwwRIK1V1R6QQKromGi0OaJLD8l.jpg	Ciencia ficción, Aventura, Animación, Familia, Fantasía	7.571	0	0";;
"Trollhunters - Tales of Arcadia	Trollhunters: Cuentos de Arcadia	2016 - 2018	Trollhunters narra las aventuras del grupo de residentes del vecindario ficticio conocido como Arcadia, donde descubrirán que existe un mundo debajo de su querida ciudad que es tan amplio y asombroso como ningún otro que conozcan en la superficie.  Nadie en el pueblo cree en los rumores que indican que los trolls existen, pero el joven de 15 años Jim Jr. está por descubrir que son una amenaza bastante real y que durante la noche casi nadie está seguro.	https://image.tmdb.org/t/p/w500/vdkdcl7R1mL6NPjyzUi1xsNG4b0.jpg	Familia, Animación, Action & Adventure, Comedia, Sci-Fi & Fantasy	8.455	3	52";;
"Trolls [2016][1080p][2.3 Gb]	Trolls	2016	Conocidos por sus pelos de colores, locos y mágicos, los Trolls son las criaturas más felices y alegres que irrumpen en el mundo de la canción. Pero su mundo de arco iris y cupcakes cambiará para siempre cuando su líder Poppy debe embarcarse en una misión de rescate que la llevará muy lejos del único mundo que siempre ha conocido.	https://image.tmdb.org/t/p/w500/grCBNLzAGbRrGMzF4eTM9EXwP78.jpg	Aventura, Animación, Comedia, Familia, Fantasía, Música	6.6	0	0";;
"Trolls 2 - World Tour [2020][1080p][2.4 Gb]	Trolls 2: Gira mundial	2020	En una aventura que les llevará más allá de todo lo que habían conocido, Poppy y Branch descubren que su tribu de Trolls es solo una de las seis que existen, que el resto están repartidas en seis reinos y consagradas a seis tipos distintos de música: funk, country, tecno, clásica, pop y rock. La reina Bárbara, miembro de la realeza del hard rock, y su padre, el Rey Metal, quieren acabar con el resto de géneros musicales e imponer el reinado del rock. Con el destino del mundo en juego, Poppy y Branch, junto con el resto de la pandilla — Grandullón, Chanelle, Satén, Cooper y Guy Diamante—, visitarán los demás reinos para unir a los Trolls contra los planes de Barb de eclipsarlos a todos.	https://image.tmdb.org/t/p/w500/9GdgycCYq3vnxLHw5Ldah8JEjH4.jpg	Familia, Animación, Comedia, Fantasía, Aventura, Música	7.2	0	0";;
"Trolls 3 - Band Together [2023][1080p][2.6 Gb]	Trolls 3: Todos juntos	2023	Cuando Floyd, uno de los hermanos de Branch, es secuestrado por una pareja de maléficas estrellas del pop para aprovecharse de su talento musical, Branch y Poppy tendrán que embarcarse en un viaje tan aterrador como emotivo para reunir a la familia y rescatar a Floyd de un destino aún peor que el desolador olvido de los fans.	https://image.tmdb.org/t/p/w500/saGpA6u71TPA8DyTYoAqSBGVZW.jpg	Animación, Familia, Música, Fantasía, Comedia, Aventura	7.2	0	0";;
"Tron - La Resistencia	Tron: La resistencia	2012 - 2013	La historia habla sobre Beck, un programa joven que se convierte en el líder hábil de una revolución dentro de La Red. Su misión es liberar a su familia y amigos del reinado de Clu 2 y su secuaz el General Tesler. Beck será entrenado por Tron, el más grande guerrero que la Red ha llegado a conocer. Tron no sólo le enseñará a Beck a luchar y a controlar las habilidades de ciclo de luz que necesita, sino que será un guía y un mentor para él a medida que crece más allá de su naturaleza juvenil. Beck, a pesar de ser impulsivo, es valiente, poderoso líder y fuerte. Destinado a convertirse en el próximo Tron de La Red, Beck se convierte en el gran enemigo del General Tesler y sus fuerzas represivas.	https://image.tmdb.org/t/p/w500/dgajee1p38rJo6ndgvJRti4eqcp.jpg	Animación, Drama, Action & Adventure, Sci-Fi & Fantasy, Familia	7.5	1	18";;
"Turbo [2013][1080p][2 Gb]	Turbo	2013	Turbo es un caracol de jardín con un sueño imposible: convertirse en el caracol más rápido del mundo. Cuando un extraño accidente le da el poder de la súper-velocidad, Turbo intentará cumplir su sueño. Primero se hará amigo de una peculiar pandilla de caracoles callejeros tuneados y obsesionados con la velocidad, y allí Turbo aprenderá que nadie llega a tener éxito por sí solo. Así que coloca su corazón y su concha en la línea de salida dispuesto a ayudar a sus colegas a lograr sus sueños, antes de intentar alcanzar su sueño imposible: ganar las 500 millas de Indianápolis.	https://image.tmdb.org/t/p/w500/lDARMqluCrWaFgybY9KHLY96L3n.jpg	Animación, Familia	6.269	0	0";;
"Turning Red [2022][1080p][2.12 Gb]	Red	2022	Mei Lee, una niña de 13 años un poco rara pero segura de sí misma, se debate entre ser la hija obediente que su madre quiere que sea y el caos propio de la adolescencia. Ming, su protectora y ligeramente exigente madre, no se separa nunca de ella lo que es una situación poco deseable para una adolescente. Y por si los cambios en su vida y en su cuerpo no fueran suficientes, cada vez que se emociona demasiado (lo que le ocurre prácticamente todo el tiempo), se convierte en un panda rojo gigante.	https://image.tmdb.org/t/p/w500/djM4COTksd5YRIdd9uEl8eA3iaa.jpg	Animación, Familia, Comedia, Fantasía	7.335	0	0";;
"Twilight of the Gods	Twilight of the Gods	2013		https://image.tmdb.org/t/p/w500/oo89jORReTe6gplIl1bdyvbQIpR.jpg	Drama	3.0	0	0";;
"UglyDolls - Extraordinariamente Feos [2019][1080p][3.30 Gb]	UglyDolls: Extraordinariamente feos	2019	Hace muchos años, se crearon los muñecos para dar felicidad a todos los niños del mundo. Pero, ¿alguna vez te has preguntado de dónde vienen? Viven en una ciudad mágica donde todo es perfecto. Por el contrario, los UglyDolls, los muñecos de peluche imperfectos, viven en Feolandia, un mundo en el que nadie los juzga y en el que se sienten felices y protegidos. Pero...¿qué pasaría si estos dos mundos se unieran?	https://image.tmdb.org/t/p/w500/hpSUclx8IJ6yrDxG54JSP03JmPq.jpg	Animación, Música, Familia, Comedia	6.641	0	0";;
"Ultramarines- A Warhammer 40,000 [2010][1080p][1.13 Gb]	Ultramarines	2010	""En un oscuro futuro, la guerra es la única opción... adaptación del videojuego """"Universo Warhammer 40,000"""".""	https://image.tmdb.org/t/p/w500/eFfkF9uVqOhAxIKEyNCHfRRdGgj.jpg	Animación, Ciencia ficción	5.84	0	0";;
"Un Monstruo en París [2011][720p][900 Mb]	Un monstruo en París	2011	Hacia 1910, en París, una extraña criatura tiene aterrorizada a la población. Emilio y Raúl, dos hombres que no tienen nada en común y no muy predispuestos a la aventura, emprenden la caza del monstruo. Gracias a esta misión lograrán encontrarse a sí mismos, descubrir el amor y romper con toda clase de prejuicios, lo que les lleva a albergar dudas sobre la verdadera naturaleza de ese extraño ser.	https://image.tmdb.org/t/p/w500/eVEJypxPzc1Tox9BGVhgmrCaCbh.jpg	Aventura, Animación, Comedia, Familia, Fantasía	6.906	0	0";;
"Un Show Mas	Historias corrientes: La película	2015	Mordecai y Rigby viajan al pasado para detener un experimento fallido de su época escolar que amenaza con destruir el tejido del tiempo. Junto a sus compañeros del parque, deben enfrentar a un antiguo profesor vengativo y salvar el universo. En el proceso, su amistad se pone a prueba al revelarse un secreto que cambió sus vidas para siempre.	https://image.tmdb.org/t/p/w500/7eWLv7mxAKnFPqbtPOJy6iHb2Bx.jpg	Animación, Comedia, Ciencia ficción, Aventura	7.9	0	0";;
"Un Show Mas La Pelicula [2015][1080p][4.11 Gb]	Historias corrientes: La película	2015	Mordecai y Rigby viajan al pasado para detener un experimento fallido de su época escolar que amenaza con destruir el tejido del tiempo. Junto a sus compañeros del parque, deben enfrentar a un antiguo profesor vengativo y salvar el universo. En el proceso, su amistad se pone a prueba al revelarse un secreto que cambió sus vidas para siempre.	https://image.tmdb.org/t/p/w500/7eWLv7mxAKnFPqbtPOJy6iHb2Bx.jpg	Animación, Comedia, Ciencia ficción, Aventura	7.9	0	0";;
"Unicorn - Warriors Eternal	Unicornio: Los guerreros eternos	2023 - 2023	Sigue a un equipo de héroes antiguos que protegen al mundo de una fuerza siniestra. A lo largo de la historia, los unicornios han simbolizado la virtud, apareciendo para asegurar que reine la bondad. Cuando el despertar de estos héroes llega demasiado pronto, se encuentran en cuerpos de adolescentes.	https://image.tmdb.org/t/p/w500/oWpCC8Au6DcxoZvaBtfDsPaWsOG.jpg	Animación, Action & Adventure, Drama, Sci-Fi & Fantasy	7.26	1	10";;
"Unicorn Wars [2022][1080p][1.34 Gb]	Unicorn Wars	2022	El ejército osito adoctrina a jóvenes reclutas para la guerra que libran contra los unicornios y amenaza la seguridad del pueblo osito. Los hermanos Azulín y Gordi, junto a un inexperto grupo de reclutas, serán enviados a una peligrosa misión para salvar el Bosque Mágico. ¿Estarán los ositos preparados para ello?	https://image.tmdb.org/t/p/w500/joOEYpfltqoqkaiQio24TUTntGM.jpg	Acción, Animación, Fantasía, Terror, Bélica	7.717	0	0";;
"Up [2009][1080p][4.24 Gb]	Up	2009	Tras atar miles de globos a su casa, Carl Fredricksen, un vendedor de globos jubilado, se embarca en el mundo de los sueños de la infancia. Pero sin que Carl lo sepa, Russell, un explorador de 8 años, se encuentra en el lugar equivocado en el momento equivocado: el porche delantero de la casa. El dúo más improbable conoce a fantásticos amigos como Dug, un perro con un collar especial que le permite hablar, y Kevin, un pájaro de cuatro metros de altura que no vuela. Atrapados en la selva, Carl se da cuenta de que a veces las mayores aventuras de la vida son las que menos esperabas.	https://image.tmdb.org/t/p/w500/1N0LtzUueXrlnpL466jQBJ6iAuj.jpg	Animación, Comedia, Familia, Aventura	7.961	0	0";;
"Vecinos Invasores [2006][1080p][3 3 Gb]	Vecinos invasores	2006	Cuando R.J. (un travieso mapache estafador), Verne (una tímida tortuga), y sus amigos del bosque descubren que alguien ha construido unas casas en su territorio, la primera reacción de la tortuga es meterse en su caparazón y retroceder, pero el mapache oportunista se da cuenta de las posibilidades que ofrecen sus nuevos e ingenuos vecinos. Verne y R.J. formarán una inesperada asociación mientras aprenden a coexistir con este extraño mundo llamado “urbanización”, e incluso a explotarlo.	https://image.tmdb.org/t/p/w500/5lHMB2jwlQV43RBfT5g3BRGN0Tm.jpg	Aventura, Animación, Comedia, Familia	6.597	0	0";;
"Vivo [2021][1080p][2.1 Gb]	Vivo	2021	Narra la vida de Vivo, un kinkajú («oso de la miel» de la selva tropical) dotado de un brillante talento para la música, que busca la forma de viajar desde La Habana hasta Miami para entregarle una canción al antiguo amor de su adorado dueño.	https://image.tmdb.org/t/p/w500/yzZFLQQnjJCgG8iYfcF4JqmdBMo.jpg	Animación, Familia, Comedia, Música	7.253	0	0";;
"W.I.T.C.H	The Calling Witch	2026	Dos hermanos enfrentan el terror cuando una siniestra bruja, creada en los libros de su difunta madre, parece cobrar vida y acosarlos sin piedad.	https://image.tmdb.org/t/p/w500/q8o2NzIH4ze28NAVs1eRkejAJIk.jpg	Suspense, Terror, Drama	6.192	0	0";;
"Wallace & Gromit - The Curse of the Were-Rabbit [2005][1080p][1.9 Gb]	Wallace y Gromit: La maldición de las verduras	2005	Se acerca el Concurso Anual de Verduras Gigantes y se desata una “vegetalmanía” en el pueblo de Wallace y Gromit. Los dos amigos, se están haciendo de oro con su invento, el sistema “Anti-Pesto”, una forma humanitaria de controlar a los conejos que intentan invadir los preciados huertos. De pronto, todo se viene abajo cuando una enorme, misteriosa y voraz “bestia” empieza a aterrorizar al vecindario, atacando los huertos de noche. La organizadora del Concurso, Lady Tottington, absolutamente desesperada, encarga a Anti-Pesto que capturen a la terrible criatura y salven el concurso. Pero Victor Quartermaine, el engreído pretendiente de Lady Tottington, está al acecho, decidido a matar a la bestia de un tiro para convertirse en héroe local y conseguir casarse con la rica heredera. El concurso está en juego, y Lady Tottington no tiene más remedio que dejar que Victor vaya detrás de la voraz criatura, pero las verdaderas intenciones del cazador pueden tener graves consecuencias.	https://image.tmdb.org/t/p/w500/smYqt61tPAgjH9NZEYx5HJ0qTyQ.jpg	Aventura, Animación, Comedia, Familia	7.1	0	0";;
"Wallace y Gromit La venganza se sirve con plumas [2024][1080p][1.69 Gb]	Wallace y Gromit: La venganza se sirve con plumas	2024	El superperro Gromit entra en acción para salvar a su amo cuando Wallace pierde el control de su sofisticado invento y acaba acusado de una serie de crímenes sospechosos.	https://image.tmdb.org/t/p/w500/e4YIxQEoz2lwZA3WLtFzAogxl44.jpg	Familia, Comedia, Aventura, Animación	7.5	0	0";;
"Wall-E [2008][1080p][3.53 Gb]	El lobo de Wall Street	2013	""Película basada en hechos reales del corredor de bolsa neoyorquino Jordan Belfort. A mediados de los años 80, Belfort era un joven honrado que perseguía el sueño americano, pero pronto en la agencia de valores aprendió que lo más importante no era hacer ganar a sus clientes, sino ser ambicioso y ganar una buena comisión. Su enorme éxito y fortuna le valió el mote de """"El lobo de Wall Street"""". Dinero. Poder. Mujeres. Drogas. Las tentaciones abundaban y el temor a la ley era irrelevante. Jordan y su manada de lobos consideraban que la discreción era una cualidad anticuada";" nunca se conformaban con lo que tenían.""	https://image.tmdb.org/t/p/w500/uthRoUeTtiep5HCoySlOjQSPCbJ.jpg	Crimen, Drama, Comedia	8.0	0	0";
"Watchmen - Chapter I [2024][1080p][5.24 Gb]	Watchmen: Capítulo 1	2024	En 1985, el asesinato de un superhéroe patrocinado por el gobierno saca a sus colegas proscritos de su retiro y los lleva a un misterio que amenaza con trastocar sus vidas personales y el mundo mismo.	https://image.tmdb.org/t/p/w500/9xCQvNou4ghf3GKAEpiq2onXzlG.jpg	Animación, Drama, Ciencia ficción	7.388	0	0";;
"Watchmen - Chapter II [2024][1080p][2.30 Gb]	Watchmen: Capítulo 2	2024	Sospechosos de los acontecimientos que envuelven a sus antiguos compañeros, Nite Owl y Silk Spectre se ven obligados a salir de su retiro para investigar. Mientras lidian con la ética personal, los demonios internos y una sociedad que se ha vuelto contra ellos, corren contra el reloj para descubrir un complot cada vez más profundo que podría desencadenar una guerra nuclear global	https://image.tmdb.org/t/p/w500/mIYN3HP6U2X7ZkDXT8xM47tXvOx.jpg	Animación, Misterio, Ciencia ficción, Drama	7.3	0	0";;
"What If	What If?	2023		https://image.tmdb.org/t/p/w500/9dp0LlnahtNMwVk673H9fd1fat3.jpg	Drama, Romance	6.2	0	0";;
"Winx Club	Winx Club: El secreto del reino perdido	2007	Hace 16 años, los magos guerreros más poderosos de la Dimensión Mágica se sacrificaron para luchar contra el mal absoluto. Ahora, el destino de todo un reino se encuentra en manos de una joven muchacha: Bloom, el hada con el signo del Dragón. Acompañada como siempre por sus amigas del Winx Club, Bloom debe enfrentarse a su mayor desafío: debe entrar en la dimensión oscura y luchar contra el mal absoluto con el fin de devolver a sus padres a la vida y revelar finalmente el misterio vinculado a sus orígenes. ¿Conseguirán Bloom, Flora, Stella, Aisha, Musa y Tecna derrotar a las criaturas más terroríficas de sus pesadillas y encontrar al último rey de Domino? ¿Y podrá Bloom salvar el reino perdido y convertirse en Princesa de Domino?	https://image.tmdb.org/t/p/w500/yowrgcOqxXNY82YVx2pyrLLcrp7.jpg	Fantasía, Animación, Familia	7.2	0	0";;
"Wish [2023][1080p][3.45 Gb]	Wish: El poder de los deseos	2023	Asha y una pequeña bola de energía ilimitada llamada Star demuestran que cuando la voluntad de un ser humano valiente se conecta con la magia de las estrellas, pueden suceder cosas maravillosas.	https://image.tmdb.org/t/p/w500/1VXMrUioKfPAPSsezHKexx77Dbz.jpg	Animación, Familia, Fantasía, Aventura	6.223	0	0";;
"WondLa	WondLa	2024 - 2025	Obligada a salir de su santuario subterráneo a la superficie terrestre, Eva descubre un mundo que no se parece en nada a lo que esperaba. Mientras viaja por terrenos peligrosos y civilizaciones desconocidas, Eva busca la respuesta a la pregunta más crucial de todas... ¿Es ella la última humana?	https://image.tmdb.org/t/p/w500/4AvnnGriNFwGYEwsJcTEu4Ardpu.jpg	Animación, Sci-Fi & Fantasy, Familia	7.479	3	20";;
"X-Men - Evolution	Evolution X - The Making of X-Men	2003		https://image.tmdb.org/t/p/w500/8J4SjqPQHD2Si8SPjScstzNXapf.jpg	Documental	4.5	0	0";;
"X-Men '97	Reunidos: así se hizo X-Men 97	2024	""A principios de los noventa, """"X-Men: La serie animada"""" se estrenó en televisión e impactó a millones de espectadores ávidos de ver algo distinto. A diferencia de las series de animación que la precedieron, esta exploraba temas como los prejuicios y la justicia social. Pasa un rato con el reparto original y con algunas voces nuevas en este """"Reunidos"""", que repasa el nacimiento de """"La serie animada"""" y analiza su regreso 30 años después como """"X-Men '97"""".""	https://image.tmdb.org/t/p/w500/9ugvRgNnWreFQUryf5z4Xl89yh7.jpg	Documental	5.8	0	0";;
"Your Friendly Neighborhood Spider-Man	Tu amigo y vecino Spider-Man	2025 - 2025	Peter Parker está destinado a ser un héroe, pero antes tendrá que recorrer un insólito camino.	https://image.tmdb.org/t/p/w500/aSe4aB8tiPQMoQt9B4SKFgIymwL.jpg	Animación, Action & Adventure, Sci-Fi & Fantasy, Comedia	7.806	1	10";;
"Zootopia [2016][1080p][2.64 Gb]	Zootrópolis	2016	La moderna metrópoli mamífera de Zootrópolis es una ciudad absolutamente única. Está compuesta de barrios con diferentes hábitats como la lujosa Plaza Sahara, el Distrito Selva Tropical y el gélido Distrito Tundra. Es un crisol donde los animales de cada entorno conviven, un lugar donde no importa lo que seas. De hecho puedes ser cualquier cosa, desde un elefante enorme hasta la musaraña más diminuta. Pero cuando llega la optimista agente Judy Hopps, descubre que ser la primera conejita de un cuerpo policial compuesto de animales duros y enormes no es nada fácil. Pero está decidida a demostrar su valía y se mete de cabeza en un caso, a pesar de que eso significa trabajar con Nick Wilde, un zorro parlanchín y estafador, para resolver el misterio.	https://image.tmdb.org/t/p/w500/4zIlT48TgNLuJpUtFOkFITHoCQE.jpg	Animación, Aventura, Familia, Comedia	7.762	0	0";;
=======;;
"Original	Titulo	Anio	Sinopsis	Link_Imagen	Generos	Puntuacion_IMDb	Temporadas	Episodios";;
"(Des)encanto	(Des)encanto	2018	Â«(Des)encantoÂ» narra las desventuras de Bean, una princesa aficionada a la bebida en el mundo medieval en ruinas de Dreamland. AhÃ­ viaja acompaÃ±ada por Elfo, su enÃ©rgico acompaÃ±ante, y Luci, su demonio personal. En el camino, este trÃ­o disfuncional se encontrarÃ¡ con ogros, arpÃ­as, trolls, duendecillos, diabillos, morsas y muchos humanos tontos.	https://image.tmdb.org/t/p/original/7aHRcC94liRO8rVHtk9aVabXbgF.jpg	AnimaciÃ³n, Comedia, FantasÃ­a, Medieval	9.7	5	50";;
"Â¡Scooby Doo! en el Misterio del FaraÃ³n [2005][720p][1.12 Gb]	Â¡Scooby Doo! en el Misterio del FaraÃ³n	2005	La arqueÃ³loga y superdetective Velma estÃ¡ en Egipto para asistir a una ceremonia donde se darÃ¡ a conocer a una misteriosa Esfinge restaurada, una mÃ­tica criatura con cabeza de hombre y cuerpo de leÃ³n y descubrir tambiÃ©n una tumba oculta que pertenece a la mismÃ­sima Cleopatra. Pero Velma, Scooby-Doo y la CompaÃ±Ã­a del Misterio tendrÃ¡n que tener mucho cuidado con la maldiciÃ³n del FaraÃ³n: Â¡El Nilo se dividirÃ¡, el desierto se alzarÃ¡ y todo aquel que se atreva a entrar en la tumba se convertirÃ¡ en piedra! Pero nuestros amigos no se detienen ante nada y se enfrentarÃ¡n a algo todavÃ­a mÃ¡s terrorÃ­fico: Â¡un ejÃ©rcito de momias vivientes!	https://image.tmdb.org/t/p/w500/kxv1K6ZAxicTsceAhMLUIuTj7Uy.jpg	Misterio, AnimaciÃ³n, Familia, Aventura, Comedia, FantasÃ­a	7.4	0	0";;
"Â¡Scooby-Doo! Â¡Piratas a babor [2006][720p][1.09 Gb]	Â¡Scooby-Doo! Â¡Piratas a babor!	2006	El miedo reina en Altamar cuando Scooby-Doo y su pandilla toman un aterrador crucero hacia uno de los lugares mÃ¡s misteriosos del planeta, el legendario Â¡TriÃ¡ngulo de las Bermudas! La banda debe enfrentarse al peligro constantemente";" desde apariciones alienÃ­genas hasta espantosos Piratas Fantasma, a los que les encanta hundir cruceros a caÃ±onazos. Pero las cosas empeoran todavÃ­a mas cuando los Piratas Fantasma secuestran a los padres de Fred, convirtiendo a su madre en un pirata. Si Scooby-Doo, Shaggy y la pandilla del Misterio no logran resolver este misterio marÃ­timo, serÃ¡n lanzados al mar, Â¡y se convertirÃ¡n en las prÃ³ximas vÃ­ctimas del TriÃ¡ngulo!.	https://image.tmdb.org/t/p/w500/vqy0hBB6fazUZ5joQf8LlIPT8YA.jpg	FantasÃ­a, AnimaciÃ³n, Comedia, Familia, Misterio, Aventura	7.5	0	0";
"Â¡Scooby-Doo! Y la maldiciÃ³n del fantasma nÃºmero trece [2019][1080p][3 1 Gb]	Â¡Scooby-Doo! Y la maldiciÃ³n del fantasma nÃºmero 13	2019	DespuÃ©s de que los miembros de Misterios S.A. echasen a perder un caso al atrapar a un hombre inocente, se ven obligados a retirarse de las investigaciones criminales. Pero, al poco tiempo, su viejo amigo Vincent Van Ghoul necesita ayuda, asÃ­ que consigue que el equipo vuelva a la acciÃ³n. Todo comenzÃ³ un verano cuando Scooby-Doo, Shaggy y Daphne cazaron en secreto a 12 de los fantasmas mÃ¡s espeluznantes del mundo, aunque no pudieron pillar al mÃ¡s malvado de todos... al fantasma nÃºmero 13. Con el 13Âº fantasma suelto, la pandilla tendrÃ¡ que ver mÃ¡s allÃ¡ de los secretos ocultos y resolver algunos asuntos pendientes.	https://image.tmdb.org/t/p/w500/zo40Q5LMzP0lGt7pwRre3DLEhQW.jpg	Comedia, Familia, AnimaciÃ³n, Aventura, Misterio	7.9	0	0";;
"101 Dalmatas [1961][1080p][3.8 Gb]	101 dÃ¡lmatas	1961	Pongo y Perdita, los dalmatas protagonistas, son una feliz pareja canina que vive rodeada de sus cachorros junto a sus amos, Roger y Anita. Pero la felicidad no es eterna y hay una malvada mujer, que vive en una gran mansion, que es la mayor enemiga del perro.Cuando se entera de que los protagonistas tienen nada menos que quince cachorros dalmatas, su sueÃ±o de obtener un exclusivo abrigo de piel de los pequeÃ±os perros, se convierte en una obsesion. Para conseguirlo contrata a dos ladrones y pone en marcha un malvado plan con el unico fin de secuestrar a los dalmatas.	https://image.tmdb.org/t/p/w500/2Bt5iwJ0bMPWgIMBVTJPtI7onbe.jpg	Aventura, AnimaciÃ³n, Comedia, Familia	7.175	0	0";;
"101 Dalmatas 2 [2003][1080p][3.3 Gb]	101 dÃ¡lmatas 2	2003	Perdido en un mar de manchas, el pequeÃ±o Patch quiere destacar sobre los demÃ¡s cachorros y sueÃ±a con convertirse en un perro ""Ãºnico en su especie"" como su estrella favorita de televisiÃ³n, RelÃ¡mpago. Cuando Patch se separa accidentalmente de su familia, tiene la oportunidad de conocer a su hÃ©roe y milagrosamente, convertirse en su socio en la vida real. Mientras, Cruella se ha convertido en mecenas de un excÃ©ntrico artista cuya pintura se compone de juegos de manchas. Para inspirarle, Cruella secuestra a todos los cachorros de DÃ¡lmatas. Juntos Patch y RelÃ¡mpago planean rescate y Patch descubre que realmente es un perro Ãºnico.	https://image.tmdb.org/t/p/w500/tBZbbkloDEeA8Fy8KjNBNVAhByv.jpg	Familia, AnimaciÃ³n, Aventura, Comedia	6.028	0	0";;
"Abominable [2019] [latino] [1,48 Gb]	Abominable	2019	Yi es una adolescente mÃ¡s en la enorme ciudad de Shanghai. Un dÃ­a, se encuentra a un joven yeti en la azotea de su edificio. La supuestamente â€œabominableâ€ criatura, que se ha escapado del laboratorio donde estaba encerrado, estÃ¡ siendo buscada por toda la ciudad. Junto con sus ingeniosos amigos Jin y Peng, Yi decide ayudarle a huir, le bautizan como â€œEverestâ€ y los cuatro se embarcan en una Ã©pica aventura para reunir a la mÃ­tica criatura con su familia en el pico mÃ¡s alto del mundo.	https://image.tmdb.org/t/p/w500/436T2Ct0SyQlb262ogsHLumepwi.jpg	Familia, AnimaciÃ³n, Aventura, Comedia, FantasÃ­a	7.455	0	0";;
"Aladdin [1992][1080p][4.19 Gb]	Aladdin	1992	AladdÃ­n es un ingenioso joven que vive en una extrema pobreza, y que sueÃ±a con casarse con la bella hija del sultÃ¡n, la princesa Jasmine. El destino interviene cuando el astuto visir del SultÃ¡n, Jafar, recluta a AladdÃ­n para que le ayude a recuperar una lÃ¡mpara mÃ¡gica de las profundidades de la Cueva de las Maravillas. AladdÃ­n encuentra una lÃ¡mpara maravillosa con un genio dentro, y sus deseos comienzan a hacerse realidad.	https://image.tmdb.org/t/p/w500/5ALwczKzFxbsiMDlHuy7aREDCzr.jpg	AnimaciÃ³n, Familia, Aventura, FantasÃ­a, Romance	7.654	0	0";;
"AladdÃ­n 2 - El Regreso de Jafar [1994][1080p][2.9 Gb]	El retorno de Jafar	1994	AladdÃ­n y Jasmine viven felices en el palacio real, rodeados de lujos y de la magia del genio. Pero, muy lejos de allÃ­, algo se remueve en las arenas del desierto: Iago, el loro dentudo de Jafar, ha logrado escapar de la lÃ¡mpara que los mantenÃ­a presos a ambos. Tras traicionar a su amo, Iago decide vivir una nueva vida en donde Ã©l es el jefe. Pero Jafar esconde mÃ¡s de un as en la manga.	https://image.tmdb.org/t/p/w500/dpnjhDsWimMUOMsuz2AVsqeU9vL.jpg	Familia, Aventura, AnimaciÃ³n, Romance	6.242	0	0";;
"AladdÃ­n 3 - El Rey de los Ladrones [1996][1080p][3.4 Gb]	AladdÃ­n y el rey de los ladrones	1996	Por fin AladdÃ­n se va a casar con la princesa Jasmine. A pesar de la presencia y Ã¡nimo de sus amigos Genio, Alfombra y el mono AbÃº, estÃ¡ algo preocupado: tiene miedo porque no sabe quÃ© tipo de padre va a ser, si Ã©l nunca tuvo ninguno. Pero todas sus preocupaciones quedarÃ¡n de lado cuando 40 ladrones irrumpen en la boda para robar un mÃ¡gico talismÃ¡n.	https://image.tmdb.org/t/p/w500/8hNo4sagsaO6ZnZO52QKX7Ggco6.jpg	Aventura, AnimaciÃ³n, Familia	6.259	0	0";;
"Alice in Wonderland [1951][1080p][2.9 Gb]	Alicia en el paÃ­s de las maravillas	1951	Historia de magia y fantasÃ­a en el que la joven Alicia se sumerge en el sorprendente PaÃ­s de las Maravillas y conoce a extraordinarios personajes como Tweedledee y Tweedledum, el Sombrerero Loco, La Reina de Corazones y el frenÃ©tico Conejo Blanco.	https://image.tmdb.org/t/p/w500/zOJKtTdToc8FcjmmbavkjUxv2Ue.jpg	AnimaciÃ³n, Familia, FantasÃ­a, Aventura	7.2	0	0";;
"Alvin y Las Ardillas - Fiesta Sobre Ruedas [2015][1080p][3 Gb]	Alvin y las ardillas: Fiesta sobre ruedas	2015	Tras una serie de malentendidos Alvin, Simon y Theodore piensan que Dave se va a declarar a su nueva novia en Nueva York... y por tanto se olvidarÃ¡ de ellos. Tienen tres dÃ­as para llegar e intentar romper el ""compromiso"" y salvarse asÃ­ de la pÃ©rdida de Dave.	https://image.tmdb.org/t/p/w500/isz4uh337srL6PIYiKXTS5Htssq.jpg	Familia, Comedia, MÃºsica, Aventura, AnimaciÃ³n	6.035	0	0";;
"Alvin y Las Ardillas 2 [2009][1080p][1.75 Gb]	Alvin y las ardillas 2	2009	Las ardillas mÃ¡s famosas y divertidas del cine regresan a la gran pantalla para protagonizar una nueva aventura. En ella, Alvin y sus compaÃ±eros deben enfrentarse a la presiÃ³n de la escuela, a los problemas de la celebridad y a un grupo de chicas ardilla que les estÃ¡ haciendo la competencia	https://image.tmdb.org/t/p/w500/1DqgIFHVJwjlaIITCcYtobrirfd.jpg	Comedia, Familia, AnimaciÃ³n, FantasÃ­a, MÃºsica	5.7	0	0";;
"Alvin y Las Ardillas 3 [2011][1080p][1.79 Gb]	Alvin y las ardillas 3	2011	Tercera entrega de la saga Alvin y las ardillas. Las ardillas se embarcan en un crucero de lujo y acaban en una isla desierta, pero pronto averiguarÃ¡n que no estÃ¡ tan desierta como parece.	https://image.tmdb.org/t/p/w500/ipy52l2X0sj5cLuuA6DggMdx8yW.jpg	Comedia, FantasÃ­a, Familia, MÃºsica, AnimaciÃ³n	5.702	0	0";;
"Amos del Universo - RevelaciÃ³n	Masters del Universo: RevelaciÃ³n	2021 - 2021	La guerra por Eternia comienza de nuevo en lo que podrÃ­a ser la batalla final entre He-Man y Skeletor. Una nueva serie de animaciÃ³n del guionista y director Kevin Smith.	https://image.tmdb.org/t/p/w500/wiztE6hmiPKF8THl4kupEq1Acsv.jpg	Action & Adventure, Sci-Fi & Fantasy, AnimaciÃ³n	6.547	1	10";;
"Amos del Universo - RevoluciÃ³n	Masters del Universo: RevoluciÃ³n	2024 - 2024	La tecnologÃ­a y la magia se ven las caras mientras He-Man y sus amigos luchan contra los siniestros planes de Skeletor en una batalla Ã©pica por el control de Eternia.	https://image.tmdb.org/t/p/w500/8O7RRcM6ttpUHHfF8lSzDLkvEyG.jpg	AnimaciÃ³n, Action & Adventure, Sci-Fi & Fantasy	7.81	1	5";;
"Amphibia	Amphibian	1985		https://image.tmdb.org/t/p/w500/bQGuJ2cedypCMUVwPQWLR1u2oIx.jpg		0.0	0	0";;
"Ana y Bruno [2017][720p][580 Mb]	Ana y Bruno	2017	Ana, una niÃ±a de nueve aÃ±os, llega con su madre a una playa aislada con la intenciÃ³n de descansar y conocer el mar. AllÃ­, descubre que estÃ¡n bajo una terrible amenaza, por lo tanto, estÃ¡ obligada a buscar ayuda con su padre para salvar a su madre.	https://image.tmdb.org/t/p/w500/fRUzFQ7SU7Ef9An6G3NCNosytzQ.jpg	AnimaciÃ³n, Aventura, Misterio, Familia, FantasÃ­a	7.6	0	0";;
"Anastasia [1997][1080p][3.22 Gb]	Anastasia	1997	Cuando la sombra de la revoluciÃ³n se cierne sobre Rusia, Anastasia, la hija mÃ¡s joven de la familia real, apenas consigue escapar con vida. AÃ±os despÃºes conoce al joven Dimitri. Cuando se dirigen a ParÃ­s para reclamar los derechos del legado de Anastasia, se verÃ¡n envueltos en una cruenta lucha contra el malvado monje RasputÃ­n y su sicario, el murciÃ©lago Bartok.	https://image.tmdb.org/t/p/w500/bppGWGA8zq1sRvTdDJnUzVW9GcH.jpg	AnimaciÃ³n, Familia, FantasÃ­a, Aventura	7.6	0	0";;
"Angry Birds 2 [2019][1080p][3.9 Gb]	Angry Birds 2: La pelÃ­cula	2019	En esta nueva aventura, tanto los cerdos como los pÃ¡jaros tendrÃ¡n que aunar sus fuerzas para hacer frente a Zeta. Zeta ha venido desde su isla helada en busca de un lugar mÃ¡s cÃ³modo para vivir, pero su llegada estÃ¡ a punto de poner la vida de Red, Chuck, Bomb, Leonard y compaÃ±Ã­a patas arriba.	https://image.tmdb.org/t/p/w500/yIkmA2y50NYJkAYT9nZ5pcle9tP.jpg	AnimaciÃ³n, Aventura, Comedia, Familia	7.0	0	0";;
"Angry Birds, La Pelicula [2016][1080p][2.8 Gb]	Angry Birds: La pelÃ­cula	2016	Basada en la colecciÃ³n de videojuegos ""Angry Birds"", la historia se desarrolla en una isla poblada por aves felices que no vuelan. En este paraÃ­so, Red, un pÃ¡jaro con muy mal genio, el veloz Chuck y el volÃ¡til Bomb nunca han terminado de encajar. Pero cuando llegan a la isla unos misteriosos cerdos verdes, serÃ¡n estos tres marginados los que averigÃ¼en quÃ© traman los extraÃ±os visitantes.	https://image.tmdb.org/t/p/w500/wHlxud7DzsolgvasBFt6gFHIUwP.jpg	AnimaciÃ³n, Aventura, Comedia, Familia	6.27	0	0";;
"Animals	Animals	2008		https://image.tmdb.org/t/p/w500/2HUP1vWpWYZLCJ94qcykZ07v3lb.jpg	Terror, Suspense	3.8	0	0";;
"Appleseed Alpha [2014][1080p][2.62 Gb]	Appleseed: Alpha	2014	Basado en el manga de Masamune Shirow (el creador de Ghost in the Shell), Cuenta el pasado de la soldado Deunan y el cyborg Briareos, sobreviviendo en el New York ApocalÃ­ptico de Post- Tercera Guerra Mundial, en busca de la legendaria ciudad Olympus.	https://image.tmdb.org/t/p/w500/be1Oa4JihT875bPJpv7QaWvYiYt.jpg	AnimaciÃ³n, Ciencia ficciÃ³n, AcciÃ³n	6.733	0	0";;
"Arcane	Arcane Bloom	2022		No disponible	Documental	0.0	0	0";;
"Astro Boy [2009][1080p][2.9 Gb]	Astro Boy	2009	""Astro Boy"" es la adaptaciÃ³n cinematogrÃ¡fica de un cÃ³mic del prestigioso Osamu Tezuka que dio origen a una popular serie de televisiÃ³n japonesa de los 60. Su protagonista es un joven robot con increÃ­bles poderes que ha sido creado por un brillante cientÃ­fico para reemplazar al hijo que perdiÃ³. SintiÃ©ndose incapaz de colmar las expectativas que el hombre ha depositado en Ã©l, se embarcarÃ¡ en un viaje en busca de aceptaciÃ³n, experimentarÃ¡ la traiciÃ³n y descubrirÃ¡ un mundo de robots gladiadores.	https://image.tmdb.org/t/p/w500/hApPA4YBApDjXFX8Pb15om9zD0W.jpg	AnimaciÃ³n, AcciÃ³n, Familia, Ciencia ficciÃ³n	6.34	0	0";;
"Atlantis - El imperio perdido [2001][1080p][2.00 Gb]	Atlantis: El imperio perdido	2001	Un joven aventurero llamado Milo encuentra un antiguo diario que contiene pistas de cÃ³mo llegar a Atlantis, el mÃ­tico reino hundido. Junto a otros intrÃ©pidos personajes Milo decide embarcarse en el Ulises, un impresionante submarino, en una arriesgada expediciÃ³n al fondo del mar.	https://image.tmdb.org/t/p/w500/uR7AKWMDTwyAub5r4QoPPiJImvx.jpg	AnimaciÃ³n, Familia, Aventura, Ciencia ficciÃ³n	7.044	0	0";;
"Atlantis 2 -  El Regreso de Milo [2003][1080p][1.50 Gb]	Atlantis: El regreso de Milo	2003	En la primera expediciÃ³n (Atlantis: El Imperio Perdido), Milo y sus acompaÃ±antes encontraron la famosa ciudad perdida de Atlantis y salvaron al misterioso reino y a sus habitantes. Ahora, Milo, Kida y su equipo vivirÃ¡n nuevas aventuras y descubrirÃ¡n que poseen nuevos poderes. En su nueva misiÃ³n, el equipo se enfrentarÃ¡ a enormes monstruos marinos, a espÃ­ritus espectaculares y poderosas leyendas recorriendo desde el polvoriento desierto del sudoeste hasta las heladas montaÃ±as nÃ³rdicas. A lo largo de esta aventura, Kida descubre el increÃ­ble poder de los cristales encantados de su ciudad y tiene que decidir si oculta ese poder en el CorazÃ³n de Atlantis o lo comparte con el resto del mando... Secuela directa a vÃ­deo de la pelÃ­cula de Disney de 2001.	https://image.tmdb.org/t/p/w500/cGL75ElUUClVs8kpXbVcaUxmgbd.jpg	FantasÃ­a, AnimaciÃ³n, Ciencia ficciÃ³n, Familia, AcciÃ³n	6.333	0	0";;
"Avatar - La Leyenda de Aang	La leyenda de Aang: El Ãºltimo Airbender	2026	PelÃ­cula de animaciÃ³n que seguirÃ¡ a Aang y sus amigos, ahora como jÃ³venes adultos, varios aÃ±os despuÃ©s de los acontecimientos del final de 'Avatar: The Last Airbender'.	https://image.tmdb.org/t/p/w500/iMsORWhD8MawINagL6kvpDVAtS.jpg	AcciÃ³n, Aventura, AnimaciÃ³n, FantasÃ­a	0.0	0	0";;
"Avatar - La Leyenda de Korra	La leyenda de Korra	2012 - 2014	Korra es una maestra agua nativa de la Tribu Agua del Sur, segÃºn sigue el ciclo del Avatar. Korra ya tiene control sobre el agua control, la tierra control y el fuego control, pero todavÃ­a no controla el aire control. Ella aprenderÃ¡ aire control de un maestro aire, Tenzin, el hijo de Aang y Katara. Como no sucedÃ­a en la anterior serie, Avatar: La leyenda de Korra serÃ¡ ambientada en dos Ãºnicos lugares, la Ciudad RepÃºblica, una ciudad donde las personas de todas las naciones, maestros y no maestros, viven juntos y por primera vez el Imperio de la Magia, donde habitan maestros y no maestros del poder de la magia, ellos intentarÃ¡n dominar Ciudad RepÃºblica y las otras 4 naciones. Ciudad RepÃºblica estÃ¡ rodeada del crimen y una revoluciÃ³n de anti-maestros.	https://image.tmdb.org/t/p/w500/eMo4uWsN3qceNhBPcuw5T2lFsc5.jpg	AnimaciÃ³n, Action & Adventure, Sci-Fi & Fantasy, Drama	8.217	4	52";;
"Avengers Confidential - Black Widow & Punisher [2014][1080p][2 Gb]	Los Vengadores: Justicia y venganza	2014	En esta pelÃ­cula, y una vez mÃ¡s, el destino del mundo estÃ¡ en peligro, puesto que una organizaciÃ³n de criminales se quiere hacer con tecnologÃ­a secreta de S.H.I.E.L.D., que si cae en malas manos puede ser muy peligrosa.  S.H.I.E.L.D. tambiÃ©n estÃ¡ en peligro, puesto que lo primero que harÃ­an los terroristas serÃ­a eliminar esa unidad para tener el camino libre y llevar a cabo sus intenciones sin que nadie opusiese resistencia.  Para evitar esto tanto de Punhiser como la Vida Negra van a tener que colaborar, aunque lo cierto es que el primero lo hace de mala gana y tras ser detenido al molestar a S.H.I.E.L.D. en una de sus investigaciones.  Ambos van a hacer lo posible, bajo una enorme responsabilidad, pues la estabilidad del mundo que conocemos depende de ellos y de nadie mÃ¡s, puesto que ellos son los Ãºnicos con la capacidad necesaria para hacer que los terroristas no lleven a cabo su maligno plan.	https://image.tmdb.org/t/p/w500/4tOusszxyHiqhVkhA0Ng19eZFtp.jpg	AnimaciÃ³n, Ciencia ficciÃ³n, AcciÃ³n	6.375	0	0";;
"Aventuras con los Kratt	Los Hermanos Kratt	2011 - 2025	Wild Kratts es una serie de televisiÃ³n dirigida a niÃ±os entre los 5 y los 8 aÃ±os de edad, que transforma a los hermanos Kratt (aventureros y reconocidos zoÃ³logos creadores de la famosa y premiada serie Zoboomafoo) en la versiÃ³n animada de ellos mismos. En todos los episodios, Chris y Martin Kratt emprenden una misiÃ³n para salvar a los animales de la tierra de los malvados Zach Varmitech, Donita Donata y el chef Gourmond.  Cada episodio se inicia con un segmento en vivo en el que los dos hermanos presentan a algunos animales. DespuÃ©s, los Kratt se convierten en versiones animadas de ellos mismos y la aventura comienza, ofreciÃ©ndoles a los niÃ±os un vistazo sin precedentes de la vida secreta de extraordinarias criaturas que habitan en algunos de los lugares mÃ¡s exÃ³ticos del planeta. Sin embargo, los animales no siempre cooperan con Chris y Martin y ambos zoÃ³logos necesitan la ayuda de sus amigos para solucionar los problemas que van surgiendo en su camino.	https://image.tmdb.org/t/p/w500/7Nn1AZb6LJv0WedeK7o4yU6Aioh.jpg	Familia, AnimaciÃ³n, Comedia	7.516	7	173";;
"Babylon 5 The Road Home (2023)	Babylon 5: El viaje a casa	2023	Viaja a travÃ©s de la galaxia con John Sheridan mientras se encuentra inesperadamente transportado a travÃ©s de mÃºltiples lÃ­neas temporales y realidades alternativas en una bÃºsqueda para encontrar el camino de vuelta a casa. Por el camino se reencuentra con algunas caras conocidas, mientras descubre nuevas revelaciones cÃ³smicas sobre la historia, el propÃ³sito y el significado del Universo.	https://image.tmdb.org/t/p/w500/wRU8I8q7N23bFA6vtxktgPrjZxu.jpg	AnimaciÃ³n, Ciencia ficciÃ³n, AcciÃ³n, Aventura	6.969	0	0";;
"Bailarina [2016][1080p][3 3 Gb]	La Bailarina	2016	Nada destinaba a LoÃ¯e Fuller, oriunda del oeste de Estados Unidos, a convertirse en un icono de la Belle Ã‰poque y mucho menos en bailarina del teatro de la Ã“pera de ParÃ­s. A pesar de sufrir dolores de espalda y de tener los ojos daÃ±ados por las luces del teatro, no dejarÃ¡ de perfeccionar su danza. Sin embargo, la llegada de Isadora Duncan, joven prodigiosa sedienta de Ã©xito, precipitarÃ¡ su caÃ­da.	https://image.tmdb.org/t/p/w500/2H7DZ9XhcivOrPKCJZuF5gY7smZ.jpg	Drama, Historia	6.5	0	0";;
"Bajoterra	Bajoterra: el regreso de los elementales	2014		https://image.tmdb.org/t/p/w500/ApN2lteDsoIU5dDHJXeqVD13vpd.jpg	Familia, AnimaciÃ³n, Aventura	6.986	0	0";;
"Barbie - Pulgarcita [2009][720p][700 Mb]	Barbie presenta: Pulgarcita	2009	Conoce a una pequeÃ±a niÃ±a llamada Pulgarcita que vive en armonÃ­a con la naturaleza en el mundo mÃ¡gico de las DulceFlores que se oculta entre las flores silvestres. Debido al capricho de una niÃ±a consentida llamada Makena, el precioso jardÃ­n de Pulgarcita y sus amigas es llevado a un lujoso departamento en la ciudad, donde descubrirÃ¡n el plan que amenaza destruir la tierra de los DulceFlores. Usando la magia de la naturaleza, Pulgarcita demostrarÃ¡ que hasta la persona mÃ¡s pequeÃ±a puede hacer los cambios mÃ¡s grandes.	https://image.tmdb.org/t/p/w500/e84WWGGJVAdRAACEazoTXiajqk.jpg	AnimaciÃ³n, Familia	6.633	0	0";;
"Barbie - Skipper y su Gran Aventura como Canguro [2023][1080p][2.70 Gb]	Barbie Skipper y su gran aventura como canguro	2023	Cuando su negocio de canguros sufre un revÃ©s, Skipper acepta un trabajo en el parque acuÃ¡tico... donde sus dotes para cuidar niÃ±os pronto le resultan muy Ãºtiles.	https://image.tmdb.org/t/p/w500/PeshC5r6QoCzXT9RWj7fhArEX8.jpg	AnimaciÃ³n, Familia	6.863	0	0";;
"Barbie Campamento Pop [2015][720p][904 Mb]	Barbie en El campamento de princesas	2015	Â¡Disponte a rockear! En este alegre musical, Barbie es la Princesa Courtney, una princesa moderna cuyo mundo queda hecho un lÃ­o cuando cambia su vida por la de Erika, una famosa estrella del rock. Dos mundos muy diferentes chocan cuando por confusiÃ³n mandan a la Princesa Courtney al Campamento Pop y a Erika al Campamento Real. Mientras los lÃ­deres de los campamentos rivales tratan de deshacer el malentendido, tanto Courtney como Erika aprenden a adaptarse a mundos tan distintos y a divertirse y hacer nuevos e inesperados amigos. Cuando las chicas descubren que ambos campamentos estÃ¡n a punto de ser clausurados, han de aprovechar sus diferencias, encontrar sus verdaderas voces y unirse para una despedida Ã©pica que demuestra que todo es posible cuando sueÃ±as con alcanzar lo imposible.	https://image.tmdb.org/t/p/w500/55NspwnwJuMhj9nFAOBs3YyUiZH.jpg	AnimaciÃ³n, MÃºsica, Familia	6.932	0	0";;
"Barbie en El Cascanueces [2001][1080p][1.27 Gb]	Barbie en El cascanueces	2001	La historia comienza cuado Barbie, que interpreta el papel de Clara, recibe un precioso Cascanueces de madera que le regala su tÃ­a favorita. Esa noche, mientras Clara duerme, el Cascanueces cobra vida para rechazar el ataque del perverso Rey RatÃ³n que ha invadido el cuarto de Clara. Esta se despierta y ayuda al Cacanueces pero el Rey RatÃ³n la reduce de tamaÃ±o mediante un hechizo mÃ¡gico. Clara y el Cascanueces se embarcan en una espectacular aventura para encontrar a la Princesa de AzÃºcar, la Ãºnica que puede romper el malvado encantamiento del Rey RatÃ³n.	https://image.tmdb.org/t/p/w500/3M5fjV6Pze7zC6suGQAG2MWI2fk.jpg	AnimaciÃ³n, Familia	6.899	0	0";;
"Barbie En Las 12 Princesas Bailarinas [2006][720p][800 Mb]	Barbie en Las 12 princesas bailarinas	2006	Ãšnete a Barbie, en el papel de la bella Princesa Genevieve, y a sus 11 hermanas y princesas bailarinas y descubre con ellas la entrada secreta a un mundo mÃ¡gico, donde los deseos ise hacen realidad! Pero cuando su padre corre el riesgo de perder su reino, la Princesa Genevieve y sus hermanas deberÃ¡n unirse para salvarle. AsÃ­ aprenderÃ¡n que el poder de la familia es capaz de superar cualquier obstÃ¡culo.	https://image.tmdb.org/t/p/w500/areWNqaBEcY9Sx2iO9XCV2RvUaD.jpg	AnimaciÃ³n, Familia	7.6	0	0";;
"Barbie en un Mundo de Videojuegos [2017][1080p][2.95 Gb]	Barbie: SuperheroÃ­na del videojuego	2017	Cuando Barbie por arte de magia consigue entrar en su juego de video favorito, ella se complace en ver que ella se transforma en un divertido personaje de patinaje. En el juego, conoce a Cutie, el adorable amigo en forma de nube y Bella, la princesa de patinaje. Juntos, pronto descubren que un travieso emoji estÃ¡ tratando de tomar el control del juego. En su viaje de nivel en nivel, Barbie deben depender de sus increÃ­bles habilidades de juego y fuera de la caja pensando en salvar a su equipo a ganar el juego!	https://image.tmdb.org/t/p/w500/uS3u0owsEhFZXq2CUVX1eDFofnS.jpg	AnimaciÃ³n, Familia, Ciencia ficciÃ³n	6.842	0	0";;
"Barbie en una Aventura Espacial [2016][1080p][1.85 Gb]	Barbie: Aventura en el espacio	2016	Barbie y su mascota Palomita, vuelan alto en una aventura en el espacio. Un dÃ­a, todo cambia cuando en un abrir y cerrar de ojos las estrellas de los galaxias comienzan a oscurecerse y dejan de bailar. Barbie decide viajar a Capital Planet para unirse a un equipo especial de rescate en una misiÃ³n para salvar a las estrellas. Una vez allÃ­, se encuentra con el campeÃ³n galÃ¡ctico Sal- Lee y sus nuevos amigos. Barbie pronto descubre que si escucha a su corazÃ³n y con la ayuda de sus amigos, Â¡podrÃ­a ser el lÃ­der de todo el universo ha estado esperando!	https://image.tmdb.org/t/p/w500/eaAwi9YxutZb7EdwpsXbtLv25PJ.jpg	AnimaciÃ³n, Familia, Ciencia ficciÃ³n	6.874	0	0";;
"Barbie- EscuadrÃ³n Secreto [2016][1080p][1.11 Gb]	Barbie: Equipo de espÃ­as	2016	Barbie y sus mejores amigas Teresa y Renee pasan de ser aplicadas gimnastas a convertirse en agentes secretos infiltrados en esta aventura repleta de acciÃ³n. Cuando su increÃ­ble talento para las acrobacias llama la atenciÃ³n de una importante agencia secreta de espÃ­as, las chicas pronto comienzan a seguir las pistas de un ladrÃ³n de joyas que siempre logra escapar. Con sus artilugios de alta tecnologÃ­a, sus elegantes disfraces y sus encantadoras robo-mascotas, Â¿podrÃ¡n demostrar que la inteligencia y el trabajo en equipo logran llevar a buen puerto una misiÃ³n? Â¡Las chicas al poder!	https://image.tmdb.org/t/p/w500/xLYrxqTbiGfb1wP8c1eGe3IUtxp.jpg	AcciÃ³n, AnimaciÃ³n, Familia	6.973	0	0";;
"Barbie Fairytopia La Magia De Arco Iris	Barbie FairytopÃ­a: La magia del arco iris	2007	Elina y su peludo amigo Bibble van a la Escuela de Hadas del majestuoso Palacio de Cristal. AllÃ­ conoce a otras aprendices de hadas, elegidas para crear el primer arco iris de la primavera. Pero la malvada Laverna, que pretende sumir FairytopÃ­a en un largo y gÃ©lido invierno de diez aÃ±os, intentarÃ¡ impedirlo. A pesar de ello, Elina y sus amigos se dan cuenta de que si se mantienen unidos serÃ¡n invencibles y podrÃ¡n crear el arcoÃ­ris.	https://image.tmdb.org/t/p/w500/f1MEVtc6wsk356iaqTG89dsvop9.jpg	AnimaciÃ³n, Familia, FantasÃ­a, Romance	6.9	0	0";;
"Barbie Fairytopia Mermaid	Barbie FairytopÃ­a: Mermaidia	2006	En esta nueva aventura de FairytopÃ­a, Elina (interpretada por Barbie) viaja a Mermaidia para salvar a Nalu, prÃ­ncipe de las sirenas. Nalu ha sido secuestrado por la bruja Laverna, que planea utilizarle para convertirse en la mÃ¡s poderosa hada de FairytopÃ­a. Elina deberÃ¡ detenerla, pero no podrÃ¡ hacerlo sola. NecesitarÃ¡ la ayuda de Nori, una sirena que no confÃ­a en los forasteros y no quiere saber nada de ella. Lograr la confianza de Nori no serÃ¡ fÃ¡cil, pero lo mÃ¡s difÃ­cil estÃ¡ por llegar. Salvar a Nalu requerirÃ¡ el mayor sacrificio de su vida: perder sus alas. Â¿ConseguirÃ¡ lograrlo o FairyopÃ­a caerÃ¡ en las manos de Laverna para siempre?	https://image.tmdb.org/t/p/w500/uBCvRThFwjvwNQeS3Vy7xMPc0Rh.jpg	AnimaciÃ³n, Familia, Aventura, FantasÃ­a	6.881	0	0";;
"Barbie- Grandes SueÃ±os en la Gran Ciudad [2021][720p][500 Mb]	Barbie: Grandes sueÃ±os en la gran ciudad	2021	Barbie cambia las soleadas costas de MalibÃº por las brillantes luces de Broadway para ir a un curso de verano exclusivo y allÃ­ conoce a... Barbie.	https://image.tmdb.org/t/p/w500/mNVf1mAQo5EzFFYhkSIIF7Aj4zE.jpg	AnimaciÃ³n, MÃºsica, Familia	6.95	0	0";;
"Barbie La Princesa de la Isla	Barbie en La princesa de los animales	2007	Tras naufragar en una isla de niÃ±a, Rosella (Barbie) crece aprendiendo a hablar y cantar con una familia de adorables animales: el panda Sagi, el pavo real Azul y la elefantita Tika. Pero cuando el prÃ­ncipe Antonio desembarca en su paraÃ­so tropical, la curiosidad por descubrir su pasado llevarÃ¡ a Rosella a viajar con el prÃ­ncipe a su castillo. Mientras ella y sus amigos los animales exploran la civilizaciÃ³n, descubrirÃ¡n un malvado plan para Â¡apoderarse del reino! Con su reconfortante final, te enseÃ±arÃ¡ que cuando el amor te guÃ­a, los milagros estÃ¡n mÃ¡s cerca de lo que puedes imaginar.	https://image.tmdb.org/t/p/w500/a1BZL90vO0fQ31Sf9RMXQHh2RWk.jpg	AnimaciÃ³n, Familia	7.271	0	0";;
"Barbie La Princesa y la Plebeya [Latino]	Barbie en La princesa y la costurera	2004	La mÃ­tica muÃ±eca Barbie cobra vida en esta moderna versiÃ³n del cuento de Mark Twain ""El prÃ­ncipe y el mendigo"" sobre un error de identidad y el poder de la amistad. Llega la primera pelÃ­cula musical de Barbie interpretando ademÃ¡s un doble papel.	https://image.tmdb.org/t/p/w500/2X6kRYytvhEwuS2ukHwVvIN7eVc.jpg	AnimaciÃ³n, Familia, Comedia	7.48	0	0";;
"Barbie Mariposa	Barbie: Mariposa y sus amigas las hadas	2008	Conoce a Mariposa, un hada a la que le encanta leer y soÃ±ar sobre el mundo que se encuentra mÃ¡s allÃ¡ de su hogar el PaÃ­s de la Luz. El PaÃ­s de la Luz estÃ¡ protegido por la luz mÃ¡gica de la Reina, pero cuando la Reina es envenenada por la malvada hada Henna, la luz especial de las flores comienza a apagarse. El prÃ­ncipe envÃ­a a Mariposa y sus amigas en busca del antÃ­doto mÃ¡s allÃ¡ de las seguras fronteras de la ciudad, atravesando los peligrosos remolinos de agua y adentrÃ¡ndose en la cueva de los reflejos. Â¿PodrÃ¡n encontrar la cura a tiempo para salvar a la Reina? Â¿O Henna gobernarÃ¡ en el PaÃ­s de la Luz? Â¡Ãšnete a las hadas en un viaje que cambiarÃ¡ sus vidas para siempre!	https://image.tmdb.org/t/p/w500/qMH3FpLDKbzFngxN1aVth3srgdO.jpg	AnimaciÃ³n, FantasÃ­a, Familia	6.793	0	0";;
"Barbie Mariposa and The Fairy Princess [2013][1080p][3.54 Gb]	Barbie: Mariposa y la princesa de las hadas	2013	Mariposa y su peludo amigo Zee regresan en â€˜Barbie: Mariposa y la princesa de las hadasâ€™. En esta aventura mÃ¡gica, Mariposa se convierte en la Embajadora real del Reino Alado y tiene como misiÃ³n llevar la paz entre su paÃ­s encantado y sus rivales, las Hadas de Cristal del Valle de la Luz. Y aunque Mariposa no causa una gran impresiÃ³n a su rey, rÃ¡pidamente se hace amiga de su hija, la tÃ­mida princesa Catania. Sin embargo, un malentendido provoca que expulsen a Mariposa del lugar. Cuando Mariposa y Zee regresan al Reino Alado, se encuentran con que un hada malvada quiere destruir el Valle de la Luz.	https://image.tmdb.org/t/p/w500/aUVd4itaF4mDFgld99wMIihjUK7.jpg	AnimaciÃ³n, Familia, FantasÃ­a	6.93	0	0";;
"Barbie- Poder de Sirena [2022][1080p][1 Gb]	Barbie: Poder sirenio	2022	Â¡Ãšnete a Barbie ""Brooklyn"" Roberts, Barbie ""MalibÃº"" Roberts y sus hermanas Skipper, Stacie y Chelsea en una aventura submarina mientras se transforman en sirenas para ayudar a salvar el mundo de Pacifica! Barbie y Barbie son convocadas por Isla para competir por ser la guardiana del poder bajo el agua en una serie de desafÃ­os diseÃ±ados para encontrar sus poderes internos.  A travÃ©s de estos concursos, descubren si son sirenas de la Tierra, el Aire, el Agua o el Fuego, mientras hacen nuevos amigos animales y sirenas.  En este cuento de amistad, aventura y valentÃ­a, Barbie, Barbie y su familia experimentan de primera mano cÃ³mo es equilibrar los mundos por encima y por debajo del mar y aprenden una lecciÃ³n sobre cÃ³mo encontrar sus poderes internos en el camino.	https://image.tmdb.org/t/p/w500/isWRWePWGGy5flQPYoj01kPvKFF.jpg	AnimaciÃ³n, Familia	6.584	0	0";;
"Barbie- Princess Adventure [2020][720p][602 Mb]	Barbie: Una aventura de princesas	2020	Barbie descubre lo que significa ser una princesa moderna en este musical original de larga duraciÃ³n cuando cambia de lugar con su doble real.	https://image.tmdb.org/t/p/w500/u0je6If2faoPZ4BtVr50EGk9g4G.jpg	AnimaciÃ³n, MÃºsica, Familia	7.0	0	0";;
"Barbie Super Princesa [2015][1080p][3.29 Gb]	Barbie: Superprincesa	2015	Barbie es Kara, una princesa muy actual con una vida muy normal. Un dÃ­a, tras ser besada por una mariposa mÃ¡gica, Kara descubre que tiene unos increÃ­bles sÃºper poderes que le permiten transformarse en SÃºper Destello, su alter ego secreto que combate el crimen y vuela por todo el reino salvando a la gente. Pero pronto su celosa prima atrapa a la mariposa y tambiÃ©n se transforma, esta vez en Destello Oscuro, su oponente. Su rivalidad llega a los cielos pero, cuando descubran al verdadero enemigo del reino Â¿serÃ¡n capaces de dejar a un lado sus diferencias y formar un sÃºper equipo? Â¡Surca los cielos y descubre que no hay poder mÃ¡s grande que el de la amistad!	https://image.tmdb.org/t/p/w500/p7CU5xWxABsDBZeLuTWp12VfmYZ.jpg	AnimaciÃ³n, Familia	6.166	0	0";;
"Barbie y Chelsea, el CumpleaÃ±os Perdido [2021][1080p][1.97 Gb]	Barbie y Chelsea: El cumpleaÃ±os perdido	2021	La familia Roberts se embarca en un crucero de aventuras por el sÃ©ptimo cumpleaÃ±os de Chelsea. Margaret tiene mucho trabajo por hacer, pero le promete a Chelsea que el dÃ­a siguiente estarÃ¡ dedicado a ella. Chelsea con sus peluches y hermanas, Barbie, Skipper y Stacie, buscan el lugar perfecto en el barco para celebrar el cumpleaÃ±os.	https://image.tmdb.org/t/p/w500/fuV4ybeV2PRd4WjTsEYqxkcIpMy.jpg	AnimaciÃ³n, Familia	6.9	0	0";;
"Barbie Y Las Tres Mosqueteras [2009][720p][1 Gb]	Barbie y Las tres mosqueteras	2009	Ãšnete a Barbie en el papel de Corinne, una joven del campo que quiere cumplir su sueÃ±o en ParÃ­s: convertirse en mosquetera. AllÃ­ conoce a tres chicas que en el fondo comparten el mismo sueÃ±o. Usando sus talentos especiales, las chicas trabajan juntas como un equipo para frustrar un complot y salvar al prÃ­ncipe. AcÃ©rcate a una aventura llena de acciÃ³n que te anima a soÃ±ar como nunca antes.	https://image.tmdb.org/t/p/w500/xhXP2Yf6zKdnmbY4bLFeRUd7csY.jpg	AnimaciÃ³n, Familia	7.283	0	0";;
"Barbie y Sus Hermanas- En la BÃºsqueda de Perritos [2016][720p][550 Mb]	Barbie y sus hermanas: En busca de los perritos	2016	Barbie y sus hermanas descubren que todos sale mejor cuando estÃ¡n juntas. Las chicas y sus mascotas llegan a una isla paradisiaca para el concurso de baile de Chelsea y deciden hacer un rÃ¡pido viaje para ver el Festival de Baile de Caballos. Pero cuando los perritos deciden tener una aventura por sÃ­ solos, las chicas deberÃ¡n utilizar su imaginaciÃ³n y trabajar en equipo para encontrar a sus peludos amigos.	https://image.tmdb.org/t/p/w500/d1Wjz6MwW4rSANEDW6RFiqtcUAq.jpg	Familia, AnimaciÃ³n	6.705	0	0";;
Barbie;" Escuela de princesas	Barbie: Escuela de princesas	2011	Barbie es Blair Willows, una chica de buen corazÃ³n que resulta elegida para asistir a la Escuela de Princesas. Se trata de un lugar maravilloso donde las futuras princesas aprenden a bailar, protocolo para tomar el tÃ© y las actitudes correctas de princesa. A Blair le encantan sus clases, sus duendecillos mÃ¡gicos y sus nuevas amigas, las Princesas Hadley y Delancy. Cuando la profesora real Dame Devin advierte que Blair se parece mucho a la princesa desaparecida del reino, intenta librarse por todos los medios de Blair para evitar que pueda reclamar el trono. Blair, Hadley y Delancy han de desvelar la corona encantada que han encontrado y demostrar la verdadera identidad de Blair en esta historia de princesas llena de magia.	https://image.tmdb.org/t/p/w500/qChFxsIJvwALomvWiVb3qUq0PIX.jpg	Familia, AnimaciÃ³n, FantasÃ­a	7.548	0	0";
"Batman - Capucha Roja [2010]	Batman: Capucha Roja	2010	Batman se enfrenta a su Ãºltimo desafÃ­o, el misterioso Capucha Roja tiene una tormenta en la ciudad de Gotham. Una parte vigilante, una parte capo criminal, Red Hood comienza la limpieza de Gotham con la eficiencia de Batman, pero sin seguir el mismo cÃ³digo Ã©tico. Matar es una opciÃ³n. Y cuando el Joker cae en el equilibrio entre los dos, duras verdades se revelan y se vuelven a abrir viejas heridas.	https://image.tmdb.org/t/p/w500/p8UzVTfi9ualTRzS7o8za8ctAAI.jpg	Misterio, Crimen, AnimaciÃ³n	7.757	0	0";;
"Batman - Gotham by Gaslight [2018][720p][743 Mb]	Batman: Gotham a Luz de Gas	2018	Ciudad GÃ³tica experimenta una era dorada de descubrimiento e industria, tal como exhibiÃ³ la prÃ³spera Feria Mundial del empresario Bruce Wayne. Pero abajo, en los callejones mÃ¡s oscuros, hay un asesino suelto.	https://image.tmdb.org/t/p/w500/A2EHkY8XcRahcl8S0yaNW2YiM3N.jpg	Suspense, AcciÃ³n, AnimaciÃ³n, Ciencia ficciÃ³n	6.696	0	0";;
"Batman - The Long Halloween [2021][1080p][3.15 Gb]	Batman: El Largo Halloween, Parte 1	2021	Inspirado en la icÃ³nica historia de DC de mediados de la dÃ©cada de 1990 de Jeph Loeb y Tim Sale, Batman: El Largo Halloween, Parte 1 comienza cuando un brutal asesinato en Halloween impulsa al joven justiciero de Gotham, Batman, a formar un pacto con los dos Ãºnicos agentes de la ley incorruptos de la ciudad para acabar con The Roman. Pero cuando ocurren mÃ¡s muertes queda claro que, en lugar de la violencia de pandillas comÃºn, tambiÃ©n estÃ¡n lidiando con un asesino en serie, cuya identidad se vuelve mÃ¡s difÃ­cil de discernir.	https://image.tmdb.org/t/p/w500/9yt12SgNE9hqg8QnwIBiblzhH9M.jpg	AnimaciÃ³n, Misterio, AcciÃ³n, Crimen	7.455	0	0";;
"Batman - The Long Halloween, Part Two [2021][1080p][1.85 Gb]	Batman: El Largo Halloween, Parte 2	2021	Mientras el joven justiciero de Gotham City, Batman, lucha por perseguir a un brutal asesino en serie, el fiscal de distrito Harvey Dent queda atrapado en una disputa que involucra a la familia criminal de los Falcones.	https://image.tmdb.org/t/p/w500/4OyjnAstDgpVoaKIBVotDs8OVqO.jpg	AnimaciÃ³n, Misterio, AcciÃ³n, Crimen	7.405	0	0";;
"Batman Hush [2019][1080p][3.28 Gb]	Batman: Hush	2019	Un nuevo villano de quien sÃ³lo se conoce el nombre, ""Hush"", emplea a todos los enemigos de Gotham para destruir la vida tanto de Batman, el hÃ©roe, como la de Bruce Wayne, el empresario y playboy que ahora mantiene una relaciÃ³n Ã­ntima con Selina Kyle, tambiÃ©n conocida como ""Catwoman"". AdaptaciÃ³n de uno de los grandes clÃ¡sicos del universo DC: ""Batman: Hush"" escrito por Jeph Loeb y dibujado por Jim Lee.	https://image.tmdb.org/t/p/w500/eiVQORVyVuNNZHPAELuWtlXoQsD.jpg	AcciÃ³n, AnimaciÃ³n, Crimen, Misterio	7.2	0	0";;
"Batman Ninja vs La Liga Yakuza (2025)	Batman Ninja vs. Yakuza League	2025	SÃ³lo un dÃ­a despuÃ©s de regresar del pasado, Batman y sus aliados descubren que el mundo no es exactamente el mismo que dejaron. Toda la isla de JapÃ³n ya no existe y los hÃ©roes de la Liga de la Justicia tampoco. Pero antes de que puedan comprender lo que estÃ¡ pasando, los yakuza empiezan a llover literalmente del cielo. Secuela de la pelÃ­cula anime 3D ""Batman Ninja"".	https://image.tmdb.org/t/p/w500/3hVjnB5FE4gBrR5rqk42qiBFgGe.jpg	AnimaciÃ³n, AcciÃ³n, Ciencia ficciÃ³n	6.727	0	0";;
"Batman vs Dracula [2005][1080p][1.92 Gb]	Batman contra DrÃ¡cula	2005	La oscuridad se ha apoderado de la ciudad de Gotham. La criatura mÃ¡s terrorÃ­fica de la noche, DrÃ¡cula, estÃ¡ aterrorizando a toda la ciudad mientras que Batman, el hombre MurcÃ©lago, hace todo lo posible por detenerle. Pero DrÃ¡cula no es un enemigo corriente";" estÃ¡ dotado de una serie de poderes sobrenaturales que le aportan una increÃ­ble fuerza, velocidad y control mental y, aunque Batman es un super-hÃ©roe, no deja de ser un mortal.	https://image.tmdb.org/t/p/w500/2hh5Ass5xHON0JMil3VuwwV99Jn.jpg	AnimaciÃ³n, AcciÃ³n, FantasÃ­a, Misterio	7.026	0	0";
"Bayonetta - Bloody Fate	Bayonetta: Bloody Fate	2013	La bruja Bayonetta despertÃ³ despÃºes de 500 aÃ±os sin recordar nada. Ahora, debe luchar contra una horda de Ã¡ngeles para recuperar su pasado.	https://image.tmdb.org/t/p/w500/cj16Yj2VXUNLBW23Jxz9FxyPcQF.jpg	AnimaciÃ³n, AcciÃ³n, FantasÃ­a	6.88	0	0";;
"Ben 10	Ben 10: Carrera contrarreloj	2008	En Bellwood, una misteriosa figura se teletrasporta a la ciudad, e inmediatamente empieza a destruirlo todo. Ben Tennyson, en forma de Heatblast, se enfrentarÃ¡ a Ã©l. AdaptaciÃ³n con actores de la serie de animaciÃ³n Ben 10.	https://image.tmdb.org/t/p/w500/65YwMIqIuOV8shxysuJytaHSR8C.jpg	AcciÃ³n, Familia, Ciencia ficciÃ³n, PelÃ­cula de TV	5.844	0	0";;
"Ben 10 - Alien Force	Ben 10: Alien Force	2008 - 2010	Benn Tennyson tiene ahora 15 aÃ±os y busca en convertirse otra vez en un lÃ­der Omnitrix y luchar contra la Highbreed que estÃ¡n destruyendo la Tierra.	https://image.tmdb.org/t/p/w500/8TB9fN9dRaMJ5Zo2ci2rGuF0VBL.jpg	AnimaciÃ³n, Sci-Fi & Fantasy, Action & Adventure	8.3	3	46";;
"Ben 10 - Ultimate Alien	Ben 10: Ultimate Alien	2010 - 2012	El Omnitrix ha sido destruido y Ben ahora debe aprender a dominar los secretos de nuevo Ultimatrix, un dispositivo parecido a un guantelete que no sÃ³lo le permite para transformar en una numerosa variedad de super hÃ©roes, tambiÃ©n le da el poder increÃ­ble y la capacidad de activar una nueva version de sus transformaciones alienÃ­genas. Ã‰l tambiÃ©n puede transformarse en sus antiguos alienÃ­genas de las series anteriores. AdemÃ¡s, un admirador jÃ³ven llamado Jimmy Jones descubre la identidad secreta de Ben y lo revela poco despuÃ©s de la derrota de Vilgax. Contrapuesto al estrellato reciÃ©n descubierto, Ben debe manejar a sus admiradores obsesivos y escÃ©pticos. Con Gwen, Kevin y Abuelo Max todavÃ­a en su lado, Ben sigue combatiendo amenazas alienÃ­genas de la galaxia con un nuevo villano llamado Agreggor.	https://image.tmdb.org/t/p/w500/n4KwrlUKO9S4GvOdZzmnz4zOxx7.jpg	AnimaciÃ³n, Action & Adventure, Sci-Fi & Fantasy, Kids	8.2	2	52";;
"Ben 10 Omniverse	Ben 10: Omniverse	2012		https://image.tmdb.org/t/p/w500/vy772uqx6ghFVbXrWt2ORT9Gmwz.jpg	AcciÃ³n, Ciencia ficciÃ³n, FantasÃ­a, Familia	0.0	0	0";;
"Bernardo y Bianca en Cangurolandia [1990][720p][665 Mb]	Los rescatadores en Cangurolandia	1990	Esta vez, nuestros ratoncitos agentes secretos se encuentran en el corazÃ³n de la indomable selva australiana cuando tienen que acudir en ayuda de Cody, un jovencito que lucha por salvar un Ã¡guila de un despiadado cazador furtivo.	https://image.tmdb.org/t/p/w500/hyuP9jI0Q6bBDEvvsYD8ka27QD0.jpg	AnimaciÃ³n, Familia, Aventura	6.6	0	0";;
"Bichos, Una Aventura En Miniatura [1998][1080p][2.69 Gb]	Bichos, una aventura en miniatura	1998	Un grupo de saltamontes liderados por el malvado Hopper y su estÃºpido hermano Molt asedian la colonia de hormigas todos los veranos para hacerse con la comida almacenada para pasar el invierno. Flik, una hormiga cansada de seguir las reglas del grupo, decide abandonar la colonia en busca de un grupo de mercenarios que los defiendan. Por equivocaciÃ³n, Flik reclutarÃ¡ a una pandilla de artistas de circo.	https://image.tmdb.org/t/p/w500/3zc9gBzw0egrp7lMrE0zqFkNMms.jpg	Aventura, AnimaciÃ³n, Comedia, Familia	6.979	0	0";;
"Bienvenidos a Monster High [2016][720p][700 Mb]	Monster High: Bienvenidos a Monster High	2016	Todo empieza con Draculaura, hija de DrÃ¡cula y su gran sueÃ±o: crear un lugar donde los monstruos puedan sentir que pertenecen y ser ellos mismos. Junto a sus mejores amigas vivirÃ¡ grandes aventuras, viajando alrededor del mundo para rescatar a los monstruos que se encuentran ocultos y asÃ­ reclutar nuevos estudiantes. El instituto se convertirÃ¡ en un monstruoso e increÃ­ble lugar, Â¡nunca antes visto!	https://image.tmdb.org/t/p/w500/jL9YGWBhDPQ6Wv2xtzn5FwZ1ta4.jpg	AnimaciÃ³n, Familia	6.9	0	0";;
"Big Hero 6 [2014][1080p][3.32 Gb]	Big Hero 6	2014	En la metrÃ³polis de San Fransokio (cruce de San Francisco y Tokio), vive Hiro Hamada, quien aprende a sacar provecho de su capacidad gracias a su brillante hermano Tadashi y sus tambiÃ©n brillantes amigos: la buscadora de adrenalina GoGo Tamago, el meticuloso de la limpieza Wasabi-No-Ginger, la genio de la quÃ­mica Honey Lemon y el fanÃ¡tico de los cÃ³mics Fred. Cuando tras un devastador giro de los acontecimientos, se ven envueltos en una peligrosa conspiraciÃ³n que tiene lugar en las calles de San Fransokio, Hiro recurre a su amigo mÃ¡s Ã­ntimo: un robot llamado Baymax, y transforma al grupo en una banda de hÃ©roes de Ãºltima tecnologÃ­a decididos a resolver el misterio.	https://image.tmdb.org/t/p/w500/qVU0ag4i5BCmH5h4o04cdvUo0Zf.jpg	Aventura, Familia, AnimaciÃ³n, AcciÃ³n, Comedia	7.724	0	0";;
"Big Mouth	Big Mouth Goes to the Dentist	1980		https://image.tmdb.org/t/p/w500/nJCPwqxKGlSITbIt5QP7NfmTIqO.jpg		0.0	0	0";;
"Blood of Zeus	Sangre de Zeus	2020 - 2025	HerÃ³n, un plebeyo de la antigua Grecia, descubre que es hijo de Zeus, ademÃ¡s de su verdadero destino: salvar al mundo de un malvado ejÃ©rcito.	https://image.tmdb.org/t/p/w500/9qps2QgCBEXiMUReByG5f2ngczN.jpg	AnimaciÃ³n, Action & Adventure, Sci-Fi & Fantasy	7.748	3	24";;
"Blue Eye Samurai (Samurai de ojos azules)	SamurÃ¡i de ojos azules	2023 - 2023	La convirtieron en una paria en el JapÃ³n del periodo Edo. Ahora, una joven espadachina sedienta de venganza recorre un camino sangriento hacia su destino.	https://image.tmdb.org/t/p/w500/e6SS2QGSXOb4ifmGvTVt27Pt0bd.jpg	Action & Adventure, AnimaciÃ³n, Drama	8.484	2	8";;
"Bluey	Bluey: The Movie	2027		https://image.tmdb.org/t/p/w500/wUiL0OTK3EPRyQfdQkEU4Ma87V2.jpg	Familia, AnimaciÃ³n, Comedia	0.0	0	0";;
"Bob Esponja - Al rescate [2020][720p][950 Mb]	Bob Esponja: Un hÃ©roe al rescate	2020	Cuando desaparece su amigo Gary, Bob Esponja se embarca en una alocada misiÃ³n con Patricio muy lejos de Fondo de Bikini para rescatarlo.	https://image.tmdb.org/t/p/w500/fi2pg2mtAZwhq3qVuAs6PztjnHT.jpg	Aventura, AnimaciÃ³n, Comedia, Familia, FantasÃ­a	7.4	0	0";;
"Bob Esponja - Campamento del Terror [2024][1080p][1.8 Gb]	Bob Esponja: Campamento del Terror	2024		https://image.tmdb.org/t/p/w500/sz3tcbtYjpgBnPEF5uBamlTkrcq.jpg	PelÃ­cula de TV, Familia, Comedia, Terror, AnimaciÃ³n	7.062	0	0";;
"Bob Esponja - La Pelicula [2004][1080p][3.2 Gb]	Bob Esponja: La pelÃ­cula	2004	Hay problemas en Bikini Bottom: la corona del Rey Neptuno ha desaparecido y las sospechas recaen en el Sr. Krabs. Junto a Patrick, su mejor amigo, Bob Esponja marcha a la peligrosa Ciudad de Shell para rescatar la corona de Neptuno y salvar al Sr. Krabs.	https://image.tmdb.org/t/p/w500/CtISczftMz6g7kyk5uLxBben8b.jpg	Aventura, AnimaciÃ³n, Comedia, Familia, FantasÃ­a	7.1	0	0";;
"Bob Esponja - Un heroe fuera del Agua [2015][1080p][2.8 Gb]	Bob Esponja: Un hÃ©roe fuera del agua	2015	Segunda pelÃ­cula sobre el personaje marino mÃ¡s querido por niÃ±os y adultos, Bob Esponja. El argumento gira en torno a Bob Esponja y sus inseparables amigos del mar, como son Patricio y la ardilla Arenita, y otros personajes de la serie en la que se basa, como Calamardo y Don Cangrejo. En esta ocasiÃ³n Bob Esponja y cÃ­a se embarcan en una aventura en la que deberÃ¡n encontrar una receta robada, lo que llevarÃ¡ a los personajes de Fondo Bikini hasta nuestra dimensiÃ³n. Por lo que la pelÃ­cula mezcla animaciÃ³n y escenas de acciÃ³n real. Las escenas de animaciÃ³n estÃ¡n hechas tanto con CGI (imagen generada por ordenador) como en dibujo a mano. En la dimensiÃ³n real se tendrÃ¡n que enfrentar al pirata Alameda Jack, al que da vida Antonio Banderas.	https://image.tmdb.org/t/p/w500/z5aphafm6OEcAq4jwOs5Ml9F384.jpg	Aventura, AnimaciÃ³n, Comedia, Familia, FantasÃ­a	6.1	0	0";;
"Bobâ€™s Burgers	Bob's Burgers: La pelÃ­cula	2022	Bob's Burgers La PelÃ­cula es una comedia de animaciÃ³n para la gran pantalla. La historia arranca cuando la rotura de una tuberÃ­a de agua crea un enorme socavÃ³n justo delante del Bob's Burgers, bloqueando la entrada de forma indefinida a la hamburgueserÃ­a y arruinando los planes que tenÃ­an los Belcher de cara al verano. Mientras Bob y Linda luchan por mantener a flote su negocio, los niÃ±os intentan resolver un misterio que podrÃ­a salvar el restaurante familiar. A medida que aumentan los peligros, todos se apoyan entre ellos con la esperanza de volver a ponerse detrÃ¡s de ese mostrador.	https://image.tmdb.org/t/p/w500/zgzgXYg4mwhZCWiClZD32ZiozA8.jpg	AnimaciÃ³n, Comedia, Crimen, Misterio	6.975	0	0";;
"BoJack Horseman	BoJack Horseman Christmas Special: Sabrina's Christmas Wish	Desconocido		No disponible		0.0	0	0";;
"Brave [2012][1080p][3.16 Gb]	Indomable	2012	MÃ©rida, la indÃ³mita hija del Rey Fergus y de la Reina Elinor, es una hÃ¡bil arquera que decide romper con una antigua costumbre, que es sagrada para los seÃ±ores de la tierra: el gigantesco Lord MacGuffin, el malhumorado Lord Macintosh y el cascarrabias Lord Dingwall. Las acciones de Merida desencadenan el caos y la furia en el reino. AdemÃ¡s, pide ayuda a una sabia anciana que le concede un deseo muy desafortunado. La muchacha tendrÃ¡ que afrontar grandes peligros antes de aprender quÃ© es la autÃ©ntica valentÃ­a.	https://image.tmdb.org/t/p/w500/cTouCa0ObuGD1P2nKOQ7A21wm9p.jpg	Aventura, AnimaciÃ³n, Familia, FantasÃ­a	7.027	0	0";;
"Brother Bear [2003][1080p][2.8 Gb]	Hermano oso	2003	En los bosques del noroeste americano vive un niÃ±o indio llamado Kenai, cuya vida sufre un giro inesperado cuando los Grandes EspÃ­ritus lo transforman en un oso, el animal que mÃ¡s odia. Kenai se hace amigo de un osezno llamado Koda y se propone recuperar su forma humana. Mientras, su hermano (que no sabe que Kenai es ahora un oso) lo persigue para cumplir una misiÃ³n de venganza en la que estÃ¡ en juego el honor familiar.	https://image.tmdb.org/t/p/w500/1XwOQNSby3HZfKMZcY7rtZw4KR.jpg	Aventura, AnimaciÃ³n, Familia	7.275	0	0";;
"Brother Bear 2 [2006][1080p][3.07 Gb]	Hermano oso 2	2006	La trama se centra de nuevo en Kenai (que habÃ­a sido transformado en oso durante la primera parte) y sus aventuras en la pintoresca costa del PacÃ­fico Norte al final de la Edad de Hielo. Kenai sueÃ±a repetidamente con su anterior vida como humano, cuando era niÃ±o y su mejor amiga era Nita, la hija del jefe de la tribu. Ahora ambos revivirÃ¡n este pasado comÃºn cuando se ven obligados a embarcarse en una peligrosa aventura.	https://image.tmdb.org/t/p/w500/tHvNX0SSyCW9MyPeWK5myc9lTLS.jpg	Aventura, AnimaciÃ³n, Familia	6.664	0	0";;
"Buscando a Dory [2016][1080p][3.15 Gb]	Buscando a Dory	2016	Un aÃ±o despuÃ©s de los acontecimientos narrados en ""Buscando a Nemo"", Dory vive apaciblemente con Marlin y su hijo Nemo. Pero durante un viaje para ver cÃ³mo las mantarrayas migran de vuelta a casa, los problemas de memoria de Dory parecen desaparecer durante un segundo: recuerda que tiene una familia e inmediatamente decide emprender viaje para reencontrarse con sus padres, a los que perdiÃ³ hace aÃ±os.	https://image.tmdb.org/t/p/w500/wXBwo2DxTm6wZ8Cbu02t9kzzoK4.jpg	Aventura, AnimaciÃ³n, Familia	7.041	0	0";;
"Carlitos y Snoopy - La Pelicula de Peanuts [2015][1080p][2.36 Gb]	Carlitos y Snoopy: La pelÃ­cula de Peanuts	2015	Snoopy emprende una gran misiÃ³n que lo lleva a surcar los cielos como as de la aviaciÃ³n para enfrentarse a su archienemigo, el BarÃ³n Rojo. Mientras, su mejor amigo Carlitos Brown, inseguro pero perseverante, vivirÃ¡ tambiÃ©n una aventura Ã©pica: se enamora de su nueva vecina. PelÃ­cula basada en los cÃ³mics de Charles Schulz, ""Peanuts"", conocidos fuera de Estados Unidos por algunos de sus personajes: Snoopy o Charlie Brown. (FILMAFFINITY)	https://image.tmdb.org/t/p/w500/2vh5QyyFgWCVNipA6C70BT3cRt0.jpg	Comedia, AnimaciÃ³n, Familia	6.965	0	0";;
"Carmen Sandiego	Carmen Sandiego: To Steal or Not to Steal	2020		https://image.tmdb.org/t/p/w500/vzZxIosViM1H4d7MN93Jmqzwl3h.jpg	AnimaciÃ³n, Aventura, Familia	6.542	0	0";;
"Cars [2006][1080p][3.49 Gb]	Cars	2006	El aspirante a campeÃ³n de carreras Rayo McQueen parece que estÃ¡ a punto de conseguir el Ã©xito, la fama y todo lo que habÃ­a soÃ±ado, hasta que por error toma un desvÃ­o inesperado en la polvorienta y solitaria Ruta 66. Su actitud arrogante se desvanece cuando llega a una pequeÃ±a comunidad olvidada que le enseÃ±a las cosas importantes de la vida que habÃ­a olvidado.	https://image.tmdb.org/t/p/w500/lgBe9KD6DoLyQP28JZ6fSUGK8j0.jpg	AnimaciÃ³n, Aventura, Comedia, Familia	7.031	0	0";;
"Cars 2 [2011][1080p][3.04 Gb]	Cars 2	2011	Rayo McQueen y su amigo, la grÃºa Mate, viajan al extranjero para participar en el primer Campeonato Mundial en el que se decidirÃ¡ cuÃ¡l es el coche mÃ¡s rÃ¡pido del planeta. La primera etapa es Tokio (JapÃ³n), donde Mate tendrÃ¡ que convertirse en un espÃ­a secreto al verse envuelto inesperadamente en un caso de espionaje internacional, que lo llevarÃ¡ a ParÃ­s y a Londres. TambiÃ©n vivirÃ¡n una aventura de proporciones Ã©picas al viajar a Porto Corsa (Italia), para disputar el Campeonato. Sin embargo, los dos tendrÃ¡n que renunciar a los placeres de la Riviera italiana -yates, playas y pasta al pesto- ya que Mate estÃ¡ muy ocupado con su labor de espÃ­a, mientras que McQueen compite contra los mejores coches del mundo.	https://image.tmdb.org/t/p/w500/eQo1LQs5Vo9RHVHYUhNSfMZa3VB.jpg	AnimaciÃ³n, Familia, Aventura, Comedia	6.181	0	0";;
"Cars 3 [2017][1080p][3.34 Gb]	Cars 3	2017	Sorprendido por una nueva generaciÃ³n de corredores ultrarrÃ¡pidos, el legendario Rayo McQueen queda relegado repentinamente del deporte que tanto ama. Para retomar su carrera, va a necesitar la ayuda de una joven mecÃ¡nica de carreras, Cruz RamÃ­rez, que tiene su propio plan para ganar, ademÃ¡s de la inspiraciÃ³n del fallecido Fabuloso Hudson Hornet y un par de giros inesperados. Â¡Y para probar que el nÂº95 no estÃ¡ ni mucho menos acabado, el campeÃ³n tendrÃ¡ que poner a prueba su valÃ­a en el gran circuito de la Copa Piston!	https://image.tmdb.org/t/p/w500/4tp9W3QAbQcpanBtBceZtHD10UT.jpg	AnimaciÃ³n, Drama, Familia	6.86	0	0";;
"Castlevania	Castlevania: Hymn of Blood	2015		https://image.tmdb.org/t/p/w500/3Kmxe9cTsQA7nMo3ahbfCqVEy4w.jpg	Aventura, Terror	10.0	0	0";;
"Castlevania - Nocturno	Castlevania: Nocturno	2023 - 2025	Mientras la revoluciÃ³n arrasa Francia, Richter Belmont lucha para defender el legado de su familia e impedir el ascenso al poder de una vampira despiadada y ambiciosa.	https://image.tmdb.org/t/p/w500/o8NuP8k8Pbgfhb7Su384FrJ38Zj.jpg	AnimaciÃ³n, Sci-Fi & Fantasy, Drama	7.781	2	16";;
"Chicken Run - Dawn of the Nugget [2023][1080p][2.58 Gb]	Chicken Run: Amanecer de los nuggets	2023	Unas gallinas muy valientes hacen piÃ±a para salvar a las de su especie de un nuevo e inquietante peligro: una granja cercana donde ocurre algo muy sospechoso.	https://image.tmdb.org/t/p/w500/xPQeZUdUIsjbbXVjm69owPdSqTG.jpg	Familia, AnimaciÃ³n, Aventura, Comedia	6.938	0	0";;
"CigÃ¼eÃ±as [2016][1080p][1.25 Gb]	CigÃ¼eÃ±as	2016	En MontaÃ±a CigÃ¼eÃ±a, viven las cigÃ¼eÃ±as que hace tiempo enviaban bebÃ©s a los padres de todo el mundo. Ahora distribuyen los paquetes de una compaÃ±Ã­a mundial de Internet. Junior, la mejor cigÃ¼eÃ±a repartidora de la compaÃ±Ã­a, estÃ¡ a punto de conseguir un ascenso, pero accidentalemete activa la MÃ¡quina de ProducciÃ³n de BebÃ©s y el resultado es una adorable niÃ±a ilegal. Para evitar que su jefe se entere, Junior y su amiga Tulip, el Ãºnico ser humano de MontaÃ±a CigÃ¼eÃ±a, se apresuran a entregar el bebÃ© en un viaje salvaje que podrÃ­a afectar a la integridad de mÃ¡s de una familia y restablecer la verdadera misiÃ³n de las cigÃ¼eÃ±as en el mundo. Debut en el largometraje de Doug Sweetland, responsable del corto de Pixar ""Presto"" (2008).	https://image.tmdb.org/t/p/w500/eEyLLrcUAvmAn6OoZwEvzCUG6Z6.jpg	Aventura, AnimaciÃ³n, Comedia, Familia	6.671	0	0";;
"Coco [2017][1080p][4.68 Gb]	Coco	2017	Un joven aspirante a mÃºsico llamado Miguel se embarca en un viaje extraordinario a la mÃ¡gica tierra de sus ancestros. AllÃ­, el encantador embaucador HÃ©ctor se convierte en su inesperado amigo y le ayuda a descubrir los misterios detrÃ¡s de las historias y tradiciones de su familia.	https://image.tmdb.org/t/p/w500/vwsFGblLYxWBNjg9pdWN1Mm5YfW.jpg	Familia, AnimaciÃ³n, MÃºsica, Aventura	8.198	0	0";;
"Constantine - City of Demons The Movie [2018][1080p][1.44 Gb]	Constantine: Ciudad de Demonios	2018	10 aÃ±os despuÃ©s de un trÃ¡gico error, un padre de familia, Chas, y un detective, John Constantine, intentan curar a la hija de Chas, Trish, de un misterioso coma. Con la ayuda de la Enfermera Pesadilla, la influyente Reina de los Ãngeles y el brutal dios azteca Mictlantecuhtli, la pareja tendrÃ¡ que enfrentarse al demonio Beroul para salvar el alma de Trish.	https://image.tmdb.org/t/p/w500/dboNLFpCn4BBFUuFXNvOtf9Ty8J.jpg	FantasÃ­a, AnimaciÃ³n, Terror, AcciÃ³n	7.678	0	0";;
"Constantine - La Casa del Misterio [2022][1080p][1.97 Gb]	Constantine: La Casa de los secretos	2022	Tras los sucesos de Apokolips War... John Constantine se despierta en la espeluznante Casa del Misterio sin recordar cÃ³mo llegÃ³ allÃ­. Afortunadamente, Zatanna y sus amigos estÃ¡n todos allÃ­. Desafortunadamente, tienen la mala costumbre de convertirse en demonios y despedazarlo una y otra vez.	https://image.tmdb.org/t/p/w500/eSC0opO0KwASl0vIRFtJEQwCQps.jpg	AnimaciÃ³n, AcciÃ³n, Aventura, Terror	6.859	0	0";;
"Coraline [2009]	Coraline: The Making of 'Coraline'	2009		https://image.tmdb.org/t/p/w500/1YqJhwqggXOSDrY1z5ox1EySBQq.jpg	Documental, AnimaciÃ³n	5.0	0	0";;
"Corpse Bride [2005][1080p][1.75 Gb]	La novia cadÃ¡ver	2005	Ambientada en un pueblecito europeo en el siglo XIX, esta pelÃ­cula de animaciÃ³n fotograma a fotograma cuenta la historia de Victor, un joven que es llevado de repente al infierno, donde se casa con una misteriosa Novia CadÃ¡ver, mientras que su verdadera novia, Victoria espera en el mundo de los vivos. A pesar de que la tierra de los muertos resulta ser mÃ¡s colorista que su estricta educaciÃ³n victoriana, Victor aprende que no hay nada en este mundo, ni en el siguiente, que pueda separarle de su Ãºnico y verdadero amor.	https://image.tmdb.org/t/p/w500/3ALM0VeZjGUryAqWo6pqohzbLDh.jpg	Romance, FantasÃ­a, AnimaciÃ³n	7.59	0	0";;
"Craig of the Creek	Craig of the Creek Live Action| Last Summer	2026		https://image.tmdb.org/t/p/w500/1TrcUilfDHPOmccwDfutJS4ir0e.jpg	Familia	0.0	0	0";;
"Creature Commandos	Comando Monster	2024 - 2025	En esta serie de animaciÃ³n de DC, un equipo secreto de monstruos son el Ãºltimo resorte para misiones que son demasiado peligrosas para los humanos.	https://image.tmdb.org/t/p/w500/5LJHcVhKbYyNuBMN2d4LAhDsP2P.jpg	AnimaciÃ³n, Sci-Fi & Fantasy, Action & Adventure	7.758	2	8";;
"Cyberpunk - Edgerunners	Cyberpunk: Edgerunners	2022 - 2022	En una distopÃ­a plagada de corrupciÃ³n e implantes cibernÃ©ticos, un chico prodigioso pero temerario trata de convertirse en un mercenario proscrito: un â€˜edgerunnerâ€™.	https://image.tmdb.org/t/p/w500/rNkilVmALgaIb4SenfbaecRStDD.jpg	AnimaciÃ³n, Action & Adventure, Drama, Sci-Fi & Fantasy	8.5	2	10";;
"Daria	Daria	2020		https://image.tmdb.org/t/p/w500/clQfVYD48lUIkfTAwMQxmfM3G3b.jpg	Suspense, Misterio	4.3	0	0";;
"Diary of a Wimpy Kid [2021][1080p][1.16Gb]	El diario de Greg	2021	La exitosÃ­sima y tronchante saga literaria de Jeff Kinney cobra vida en la nueva aventura animada ""El diario de Greg"", que narra las divertidas y desastrosas hazaÃ±as del escuÃ¡lido y ambicioso Greg Heffley en su intento por sobrevivir a una de las experiencias mÃ¡s aterradoras y humillantes en la vida de cualquier preadolescente: el paso al instituto.	https://image.tmdb.org/t/p/w500/w1cmE1bDlFOpYjKsAm15o9A4c4l.jpg	AnimaciÃ³n, Comedia, Familia	6.238	0	0";;
"Diary of a Wimpy Kid Rodrick Rules [2022][1080p][3.14Gb]	El diario de Greg 2: La ley de Rodrick	2022	Un nuevo aÃ±o escolar, su hermano Rodrick se burla de Ã©l una y otra y otra y otra vez. Â¿ConseguirÃ¡ Greg llevarse bien con Ã©l? Â¿O un secreto arruinarÃ¡ todo?	https://image.tmdb.org/t/p/w500/50mgkPMIm0mCmn2F7eHsrdEPZcr.jpg	AnimaciÃ³n, Comedia, Familia	6.794	0	0";;
"Disney Princess Enchanted Tales [2007][720p][700 Mb]	Cuentos encantados: Sigue tus sueÃ±os	2007	Dos aventuras protagonizadas por el par de las mÃ¡s hermosas princesas de Disney. La primera historia es con Aurora, la encantadora heroÃ­na de La bella durmiente. La segunda es con Jasmine, la morena belleza de Aladdin.	https://image.tmdb.org/t/p/w500/beAvTAhMQpTRxmlgGgpfg9F2rc1.jpg	AnimaciÃ³n, Familia, FantasÃ­a	6.48	0	0";;
"Dota - Dragonâ€™s Blood	Dota: Sangre de dragÃ³n	2021 - 2022	Un Caballero DragÃ³n atormentado pero valiente debe usar su poder de dragÃ³n para detener a un demonio letal en esta fantasÃ­a Ã©pica basada en el videojuego en lÃ­nea.	https://image.tmdb.org/t/p/w500/s1wP1YeQS9fgSHiXZ3yJb2ufB2D.jpg	Sci-Fi & Fantasy, Action & Adventure, AnimaciÃ³n	7.723	3	24";;
"Dragon Nest - Warriors' Dawn [2014][720p][932 Mb]	Dragon Nest: Warriors' Dawn	2014	La tierra de Altera ha observado una paz precaria desde hace aÃ±os entre los humanos, elfos y bestias malas que son leales al legendario DragÃ³n Negro. Pero Ã©ste sale de su hibernaciÃ³n, por lo que las bestias que marchan a travÃ©s de Altera. Con una conquista peligrosamente cerca, un pequeÃ±o grupo de humanos y elfos se unen para tratar de encontrar un camino oculto secreto en la cueva del DragÃ³n Negro para destruirlo. Pero el destino de todos ellos puede estar en las manos del joven guerrero Lambert, quien debe reunir la confianza y la habilidad necesaria para enfrentar al propio DragÃ³n justo cuando todo esta a punto de perderse.	https://image.tmdb.org/t/p/w500/g2w3C3qap1btgCvFOJiYki4aNmy.jpg	FantasÃ­a, AnimaciÃ³n	7.588	0	0";;
"Dragonâ€™s Dogma	Dragon's Dogma	2020 - 2020	Un hombre se lanza a aniquilar al dragÃ³n que asesinÃ³ a su esposa embarazada, pero cada demonio al que enfrenta le arrebata un poco mÃ¡s de humanidad.	https://image.tmdb.org/t/p/w500/vj0alCBuOutq55ZhmlLwEkalZpR.jpg	AnimaciÃ³n, Action & Adventure, Sci-Fi & Fantasy	6.903	1	7";;
"Dragones de Berk	Dragones: Hacia nuevos confines	2015 - 2018	Los Vikingos de isla Mema y sus antiguos enemigos, los dragones, viven juntos en paz, pero esta coexistencia no es tan armoniosa como uno puede pensar. Los dragones siendo aÃºn bestias salvajes, sin querer crean algunos problemas en la isla";" y otra vez, dando lugar al mÃ¡s gruÃ±Ã³n entre los vikingos a tomar una excepciÃ³n a su presencia. Y en cada ocasiÃ³n tal, corresponde a Hipo y sus amigos a trabajar en una soluciÃ³n para el problema.	https://image.tmdb.org/t/p/w500/hTSOLJ0lxn8TS2SrW9j1zmiPBqW.jpg	Familia, AnimaciÃ³n, Action & Adventure, Sci-Fi & Fantasy	8.4	6	78";
"Efectos Colaterales	Efectos colaterales del amor	2020	Centra su historia en torno a Henry Page, un estudiante adolescente que se considera un romÃ¡ntico empedernido, pero nunca se ha enamorado. El joven aspira a ser editor del periÃ³dico del instituto y vive feliz centrado en sus estudios para entrar en una buena universidad... hasta que Grace Town entra en su clase. Su nueva compaÃ±era no es precisamente la chica de sus sueÃ±os, pero poco a poco se enamora de ella cuando los dos son elegidos para editar el periÃ³dico del instituto.  Awesomeness Films se encarga de sacar adelante este proyecto inspirado en la novela que lleva el mismo nombre de la escritora australiana Krystal Sutherland.	https://image.tmdb.org/t/p/w500/wuAjv2IFNCEveIVQyZNDxvJhcSB.jpg	Drama, Romance	7.3	0	0";;
"El Chavo	El Chavo del Ocho: Lo Mejor De Don RamÃ³n	2006		https://image.tmdb.org/t/p/w500/oZVC5bPp4tOFKybgaPUeANU2PfU.jpg	Comedia	10.0	0	0";;
"El Dorado [2000][1080p][3.58 Gb]	La ruta hacia El Dorado	2000	Siglo XVI. Dos jÃ³venes estafadores ganan en un juego de dados un mapa a El Dorado pero son descubiertos y perseguidos por los guardias. Logran escapar pero terminan por meterse en el barco del mismisimo HernÃ¡n CortÃ©s. Escapan en un bote del barco y llegan a tierra arrastrados por el mar. AllÃ­ deciden emprender la bÃºsqueda de la ciudad de oro al reconocer indicios que aparecÃ­an en el mapa, pero su aventura no terminarÃ¡ como ellos lo esperan.	https://image.tmdb.org/t/p/w500/yI7KqevlFBOJDpXFTZa0swDQZLU.jpg	Familia, Aventura, AnimaciÃ³n, Comedia, FantasÃ­a	7.289	0	0";;
"El Espanta Tiburones [2004][1080p][3 4 Gb]	El espantatiburones	2004	Oscar es un pececito de verbo raÌpido que suenÌƒa con ser un pez gordo. Pero sus suenÌƒos le meten en agua estancada cuando una gran mentira le convierte en un improbable heÌroe. Al principio los demaÌs peces se tragan el anzuelo de Oscar y le llueve la fama y la fortuna. Todo va con la marea a favor hasta que empieza a quedar claro que la historia que ha propagado Oscar de que es el gran defensor del atoloÌn hace agua por todas partes. El pececito descubre que ser un heÌroe significa que su vida estaÌ de rebajas: su mentira le va a convertir en la pesca del diÌa. Oscar debe aprender a navegar entre dos aguas para volver a encontrar la corriente a su favor.	https://image.tmdb.org/t/p/w500/3vI17Q3mfkIEpvwItomxMy5w1gw.jpg	AnimaciÃ³n, AcciÃ³n, Comedia, Familia	6.041	0	0";;
"El Gigante De Hierro [1999][1080p][4 Gb]	El gigante de hierro	1999	En 1957, en la pequeÃ±a localidad de Rockwell, alguien ha visto cÃ³mo un enorme hombre metÃ¡lico caÃ­a al mar. Un imaginativo niÃ±o descubre que se trata de un robot gigante, cuyo apetito de metal es insaciable. Entre ambos nace una fuerte amistad, pero el gobierno envÃ­a a un agente para investigar los hechos. El niÃ±o esconde a su nuevo compaÃ±ero en la chatarrerÃ­a de un amigo. Pero los habitantes del pueblo comienzan a sentirse aterrados porque creen que es una nueva amenaza en plena Guerra FrÃ­a.	https://image.tmdb.org/t/p/w500/voPAzJFyopCnLEwaBWpoX8uDvGI.jpg	AnimaciÃ³n, Drama, Familia, Ciencia ficciÃ³n	8.0	0	0";;
"El IncreÃ­ble Mundo de Gumball	El asombroso mundo de Gumball	2011 - 2019	Narra las divertidas aventuras de Gumball y su peculiar familia en el idÃ­lico pueblecito de Elmore. Un papÃ¡ conejo rosa de 1,95 metros, una madre que se gana la vida vendiendo arco iris, un gato azul muy torpe y una conejita con un cerebro superdotado componen la familia protagonista. No hay que olvidar a Darwin, un pez rojo que se convirtiÃ³ en miembro del clan el dÃ­a en que le crecieron piernas y pulmones. AsÃ­ es el asombroso mundo de Gumball.	https://image.tmdb.org/t/p/w500/dMYY2XqsQvDEdTtPfykTEOUZngK.jpg	AnimaciÃ³n, Familia, Sci-Fi & Fantasy, Comedia	8.5	6	240";;
"El Jorobado De Notre Dame [1080p]	El jorobado de Notre Dame	1996	Oculto a las miradas de todos los ciudadanos de ParÃ­s, en lo alto del campanario de la catedral de Notre Dame, vive Quasimodo. Su tutor, el juez Frollo, no le permite bajar nunca del Campanario. En compaÃ±Ã­a de tres simpÃ¡ticas gÃ¡rgolas de piedra, Victor, Hugo y Laverne, Quasimodo pasa las horas observando el bullicioso ir y venir de la gente. Hasta que un dÃ­a, decide bajar a escondidas y conoce a la bella Esmeralda, con la que vivirÃ¡ su mayor aventura.	https://image.tmdb.org/t/p/w500/pvnmJckCNgzEbuE5sHXX3tDRQox.jpg	Drama, AnimaciÃ³n, Familia	7.131	0	0";;
"El Jorobado De Notre Dame 2 [1080p]	El jorobado de Notre Dame 2: El secreto de la campana	2002	El campanero Quasimodo ayudado por todos sus amigos se enfrentarÃ¡ en esta aventura a los planes del malvado Sarousch, hechicero y dueÃ±o de un circo. Sarouch pretende robar la famosa campana de la catedral, La Fidele. Para ello se vale de sus poderes de hechicerÃ­a y obliga a la nueva amiga de Quasimodo, Madellaine a convertirse en su cÃ³mplice. El hijo de Esmeralda se interpone en sus planes e intenta detener a Sarousch. Quasimodo, ignorando los recelos de sus divertidas camaradas: las GÃ¡rgolas y guiado por su corazÃ³n, se lanza al rescate de su pequeÃ±o compaÃ±ero y la valiosa campana. Secuela lanzada directamente al mercado de vÃ­deo y DVD. (FILMAFFINITY)	https://image.tmdb.org/t/p/w500/dScUGvZUUsFzQJTUFoRXQdvIXpx.jpg	AnimaciÃ³n, Familia, Comedia, Romance	5.384	0	0";;
"El Libro de la Selva [1967][1080p][2.63 Gb]	El libro de la selva	1967	Tras la muerte de sus padres, Mowgli, un niÃ±o de apenas dos aÃ±os, queda abandonado en la selva y es recogido por una manada de lobos. En el seno de la manada, Mowgli es criado como un lobo mÃ¡s hasta que crece y empieza a desenvolverse por sÃ­ mismo en la selva.	https://image.tmdb.org/t/p/w500/1w8wk8htVPW5cdCYnRU4bt5y5Fw.jpg	Familia, AnimaciÃ³n, Aventura	7.3	0	0";;
"El Libro de la Vida [2014][1080p][2.82 Gb]	El libro de la vida	2014	La pelÃ­cula cuenta el viaje de Manolo, un joven torero que se debate entre cumplir con las expectativas de su familia o seguir su corazÃ³n y dedicarse a su verdadera pasiÃ³n: la mÃºsica. Antes de escoger el camino que seguirÃ¡, emprende una aventura recorriendo tres mundos fantÃ¡sticos, donde tendrÃ¡ que superar sus peores miedos.	https://image.tmdb.org/t/p/w500/k669nOalwu7NKhW7aWNJKN7Nxvi.jpg	AnimaciÃ³n, Familia, FantasÃ­a	7.5	0	0";;
"El Parque MÃ¡gico [2019][1080p][3.43 Gb]	El parque mÃ¡gico	2019	June es una niÃ±a optimista y alegre que un dÃ­a descubre un parque de atracciones llamado ""Wonderland"" escondido en el bosque. AllÃ­ conoce a una serie de divertidos animales que le explican que el parque, su hogar durante muchos aÃ±os, estÃ¡ prÃ¡cticamente en ruinas. SÃ³lo June, con la ayuda de su imaginaciÃ³n y de sus nuevos amigos, podrÃ¡ arreglarlo para salvar asÃ­ a los animales que en Ã©l habitan, llevando de vuelta la magia a un lugar de ensueÃ±o.	https://image.tmdb.org/t/p/w500/dDoGKgriAh6qr25l4NY8dMQhStF.jpg	Comedia, AnimaciÃ³n, Aventura, Familia, FantasÃ­a	6.6	0	0";;
"El Rey LeÃ³n [1994][1080p][3.32 Gb]	El rey leÃ³n	1994	La sabana africana es el escenario en el que tienen lugar las aventuras de Simba, un pequeÃ±o leÃ³n que es el heredero del trono. Sin embargo, se ve forzado a exiliarse al ser injustamente acusado de la muerte de su padre. Durante su destierro, harÃ¡ buenas amistades y, finalmente, regresarÃ¡ para recuperar lo que legÃ­timamente le corresponde.	https://image.tmdb.org/t/p/w500/b0MxU37dNmMwKtoPVYPKOZSIrIn.jpg	AnimaciÃ³n, Familia, Drama	8.254	0	0";;
"El Rey Leon 2 El Reino De Simba [1998][1080p][2.42 Gb]	El rey leÃ³n 2: El tesoro de Simba	1998	Kiara, la hija primogÃ©nita de Simba y heredera de los dominios del clan, va en busca de aventuras por el Serengeti. Escapando de sus cuidadores, TimÃ³n y Pumba, Kiara se adentra en las tierras oscuras, que se sitÃºan fuera de los lÃ­mites establecidos para ella. AllÃ­ conoce a Kovu, un joven cachorro elegido para seguir las huellas de Scar. Alcanzar la paz entre los habitantes de las tierras oscuras y los del territorio de Simba depende de Kiara y Kovu. Pero... Â¿llegarÃ¡ a encontrar el amor una manera de unir dos mundos tan diferentes?	https://image.tmdb.org/t/p/w500/zdD5VcvTD43p048ueswYdgLJZh.jpg	Aventura, AnimaciÃ³n, Drama, Familia, Romance	6.939	0	0";;
"El Rey LeÃ³n 3 [2004][1080p][2.27 Gb]	El rey leÃ³n 3: Hakuna Matata	2004	La diversiÃ³n reina en esta nueva pelÃ­cula en al que TimÃ³n y su simpÃ¡tico amigo Pumba son los grandes hÃ©roes de la Sabana. El Rey LeÃ³n 3 nos traslada al pasado, antes de que comenzase la historia de Simba, e incluso mucho mÃ¡s atrÃ¡s. En esta nueva comedia de aventuras, TimÃ³n y Pumba te descubrirÃ¡n sus orÃ­genes, cuÃ¡ndo se conocieron y cÃ³mo ayudaron a Simba a salvar el Seregeti. Su historia incluye algunos de los grandes momentos de El Rey LeÃ³n, que ahora resultarÃ¡n un poco diferentes desde su punto de vista. Por ejemplo, os sorprenderÃ¡ conocer la verdad sobre cÃ³mo se desarrollÃ³ el trascendental momento en el que Simba fue presentado al reino animal.	https://image.tmdb.org/t/p/w500/x2SAEOXURbKDgKfdHdZ49VhPGrB.jpg	Aventura, AnimaciÃ³n, Comedia, Familia	6.58	0	0";;
"El Zorro Y El Sabueso [1981][1080p][3.21 Gb]	Tod y Toby	1981	La aventura y la diversiÃ³n de este clÃ¡sico de la Disney comienzan cuando una adorable viuda adopta un precioso cachorro de zorro llamado Tod. El travieso zorro pronto se encuentra con Toby, un adorable cachorro de perro de caza. AsÃ­ se hace los dos inseparables amigos... sin saber que por su naturaleza deberÃ­an ser enemigos. Bajo la mirada vigilante de MamÃ¡ BÃºho, Tod y Toby juegan y se divierten en el bosque, inconscientes de que en el futuro tendrÃ¡n que enfrentarse y poner su amistad a prueba.	https://image.tmdb.org/t/p/w500/33jyy4W2usMrY796udOjcbMwput.jpg	Aventura, AnimaciÃ³n, Drama, Familia	7.1	0	0";;
"Elemental (2023)	Elemental	2023	En una ciudad donde los residentes del fuego, el agua, la tierra y el aire viven juntos, una joven apasionada y un chico que se deja llevar por la corriente descubrirÃ¡n algo elemental: cuÃ¡nto tienen en comÃºn.	https://image.tmdb.org/t/p/w500/d79DeKDCgFOM23O8Dr6MELZVooY.jpg	AnimaciÃ³n, Comedia, Familia, FantasÃ­a, Romance	7.579	0	0";;
"Elio [2025][1080p][3.13 Gb]	Elio	2025	Cuenta la historia de Elio, un niÃ±o de 11 aÃ±os, que lucha por encajar hasta que de repente es transportado por extraterrestres y es elegido para ser el embajador galÃ¡ctico de la Tierra.	https://image.tmdb.org/t/p/w500/fqF7z5A8kFIrNtSdpEfjE539fna.jpg	Aventura, AnimaciÃ³n, Comedia, Familia, Ciencia ficciÃ³n	6.919	0	0";;
"En SueÃ±os [2025][1080p][1.8 Gb]	En sueÃ±os	2025	Stevie y su hermano pequeÃ±o Elliot viajan al absurdo mundo de sus sueÃ±os para pedirle a Sandman que les conceda un deseo: la familia perfecta.	https://image.tmdb.org/t/p/w500/z2v3lNAA2ymrZuKof4J2vqFIBdw.jpg	Aventura, AnimaciÃ³n, Comedia, Familia, FantasÃ­a	6.955	0	0";;
"Encanto [2021] [1080p] [Dual Audio] [2,13 Gb]	Encanto	2021	Los Madrigal son una familia extraordinaria que vive en una casa mÃ¡gica de un pueblo vibrante en las montaÃ±as de Colombia, escondidas en un 'Encanto'. La magia ha bendecido a cada niÃ±o de la familia con un don Ãºnico, desde la superfuerza hasta el poder de sanar. A todos, excepto Mirabel, quien desea ser tan especial como el resto de su familia.  Pero cuando la magia que rodea al Encanto estÃ¡ en peligro, Mirabel decide que ella, la Ãºnica Madrigal sin ningÃºn tipo de don Ãºnico, puede ser la Ãºnica esperanza de su excepcional familia.	https://image.tmdb.org/t/p/w500/d0ezQ1Jz0lpNsX1skEmIvqRL7mN.jpg	AnimaciÃ³n, Comedia, Familia, FantasÃ­a	7.569	0	0";;
"Enredados (Tangled) [2010][1080p][4.52 Gb]	Enredados	2010	Flynn Rider, el mÃ¡s buscado -y encantador- bandido del reino, se esconde en una misteriosa torre y allÃ­ se encuentra con Rapunzel, una bella y avispada adolescente con una cabellera dorada de 21 metros de largo, que vive encerrada allÃ­ desde hace aÃ±os. Ambos sellan un pacto y a partir de ese momento la pareja vivirÃ¡ emocionantes aventuras en compaÃ±Ã­a de un caballo superpolicÃ­a, un camaleÃ³n sobreprotector y una ruda pandilla de matones	https://image.tmdb.org/t/p/w500/z5kvXWek4smCyeWBDJQkT5sLc9T.jpg	AnimaciÃ³n, Familia, Aventura	7.613	0	0";;
"Entergalactic [2022][1080p][3.57 Gb]	Entergalactic	2022	Sigue la historia de dos jÃ³venes artistas que navegan por los giros y vueltas de encontrar el amor en la ciudad de Nueva York.	https://image.tmdb.org/t/p/w500/oMU3JpuKuasjAWIbUQgCaT6pco1.jpg	AnimaciÃ³n, Romance, MÃºsica	7.687	0	0";;
"Erase una vez la vida	Ã‰rase una vez... El cuerpo humano	1987 - 1988	Erase una vez el Cuerpo Humano explica, de forma simple y amena a travÃ©s de personajes animados, diferentes aspectos sobre anatomÃ­a y funcionamiento de nuestro cuerpo.	https://image.tmdb.org/t/p/w500/r3xqYvfNEAr5xnG5tsbe7J3WSGm.jpg	AnimaciÃ³n, Kids, Documental, Familia	7.816	1	26";;
"Ferdinand [2017][1080p][4.10 Gb]	Ferdinand	2017	Ferdinand es un novillo muy tranquilo que prefiere sentarse bajo un Ã¡rbol a oler las flores que saltar, resoplar y embestirse con otros toros. A medida que va creciendo y haciÃ©ndose fuerte, su temperamento no cambia y sigue siendo un toro manso. Un dÃ­a, unos hombres vienen buscando al toro mÃ¡s grande, rÃ¡pido y bravo... y Ferdinand es elegido equivocadamente para las corridas de toros de Madrid.	https://image.tmdb.org/t/p/w500/hC5FyR149ZOnXUuXdIHQN5LAozW.jpg	AnimaciÃ³n, Familia, Aventura, Comedia	7.211	0	0";;
"Finding Nemo [2003][1080p][1.55 Gb]	Buscando a Nemo	2003	Nemo, un pececillo, hijo Ãºnico muy querido y protegido por su padre, ha sido capturado en un arrecife australiano y ahora vive en una pecera en la oficina de un dentista de Sidney. El tÃ­mido padre de Nemo se embarcarÃ¡ en una peligrosa aventura para rescatar a su hijo. Pero Nemo y sus nuevos amigos tienen tambiÃ©n un astuto plan para escapar de la pecera y volver al mar.	https://image.tmdb.org/t/p/w500/jPhak722pNGxQIXSEfeWIUqBrO5.jpg	AnimaciÃ³n, Familia, Aventura	7.819	0	0";;
"Frankenweenie [2012][1080p][4.54 Gb]	Frankenweenie	2012	De la mente del director Tim Burton ('Alicia en el paÃ­s de las maravillas', 'La leyenda de Sleepy Hollow'), surge 'Frankenweenie', la tierna historia de un chico y su mascota. Cuando el pequeÃ±o perro Sparky fallece, VÃ­ctor (su amo y amigo) trata de usar diversas tÃ©cnicas cientÃ­ficas para intentar revivir al animal, y traerlo de vuelta al mundo de los vivos, todo ello mediante algunos ajustes corporales. Aunque el chico intenta que nadie vea a su ""monstruo"", el perro Sparky consigue escapar, los amigos del colegio del niÃ±o, sus profesores e incluso todos sus vecinos sabrÃ¡n que construir una nueva vida puede llegar a ser algo terrible y escalofriante.	https://image.tmdb.org/t/p/w500/4WZaUjHswR2mak767GEXgiWYxeq.jpg	AnimaciÃ³n, Comedia, Familia	7.0	0	0";;
"Frozen [2013][720p][1.29 Gb]	Frozen: El reino del hielo	2013	Cuando una profecÃ­a condena a un reino a un invierno eterno, Anna, una joven optimista se une a un temerario montaÃ±ero llamado Kristoff y a su compinche el reno Sven. Juntos emprenden un viaje Ã©pico en busca de Elsa, hermana de Anna y reina de Las Nieves para poner fin al gÃ©lido hechizo.	https://image.tmdb.org/t/p/w500/sGNuWC4BwqOB4l0tkbKwLy70tXC.jpg	AnimaciÃ³n, Familia, Aventura, FantasÃ­a	7.249	0	0";;
"Frozen 2 [2019][720p][970 Mb]	Frozen 2	2019	Â¿Por quÃ© naciÃ³ Elsa con poderes mÃ¡gicos? La respuesta le estÃ¡ llamando y amenaza su reino. Junto con Anna, Kristoff, Olaf y Sven emprenderÃ¡ un viaje peligroso e inolvidable. En 'Frozen: El Reino del Hielo', Elsa temÃ­a que sus poderes fueran demasiado para el mundo. En 'Frozen 2', desearÃ¡ que sean suficientes.	https://image.tmdb.org/t/p/w500/jnFCk7qGGWop2DgfnJXeKLZFuBq.jpg	Familia, AnimaciÃ³n, Aventura, Comedia, FantasÃ­a	7.232	0	0";;
"Futurama	Futurama: El gran golpe de Bender	2007	La trama gira principalmente en torno a la conquista del planeta Tierrra por parte de una raza de estafadores. En ella aparecen los principales personajes de la serie, asÃ­ como una enorme cantidad de personajes secundarios. La pelÃ­cula aborda tambien la relacion Leela-Fry y la continuidad temporal durante los primeros aÃ±os del siglo XXI.	https://image.tmdb.org/t/p/w500/aChIdHavSgTgiYbzZFKR7iMFgu3.jpg	AnimaciÃ³n, Comedia, Ciencia ficciÃ³n	7.371	0	0";;
"Ga'Hoole La Leyenda de los Guardianes [2010][1080p][2.71 Gb]	Ga'Hoole: La leyenda de los guardianes	2010	Soren es un joven bÃºho que tendrÃ¡ que luchar heroicamente para salvar a su pueblo de las fuerzas del Mal. Vive en el bosque Tyto, donde siempre ha reinado la paz entre las lechuzas. En su lucha contra el Mal, emprende un largo y angustioso viaje para buscar el Gran Ãrbol Ga'Hoole. Cuando lo encuentra, Ã©l y sus amigos tendrÃ¡n que someterse a pruebas y afrontar desafÃ­os inimaginables. Si son capaces de aprender de sus jefes y unos de otros, pronto se convertirÃ¡n en verdaderas lechuzas de Ga'Hoole: honradas y valientes, sabias y sinceras.	https://image.tmdb.org/t/p/w500/dsOfwuOYnXUzOORTwYr9aKiKqtL.jpg	AnimaciÃ³n, Aventura, Familia, FantasÃ­a	6.831	0	0";;
"Garfield - Fuera de Casa [2024][1080p][3.15 Gb]	Garfield: La pelÃ­cula	2024	El mundialmente famoso Garfield, el gato casero que odia los lunes y que adora la lasaÃ±a, estÃ¡ a punto de vivir una aventura Â¡en el salvaje mundo exterior! Tras una inesperada reuniÃ³n con su largamente perdido padre â€“ el desaliÃ±ado gato callejero Vic â€“ Garfield y su amigo canino Odie se ven forzados a abandonar sus perfectas y consentidas vidas al unirse a Vic en un hilarante y muy arriesgado atraco.	https://image.tmdb.org/t/p/w500/tkdc73JiPVvzngSpbLEIfFNjll1.jpg	Aventura, AnimaciÃ³n, Comedia, Familia	7.0	0	0";;
"Garfield en la Vida Real	Garfield en la vida real	2007	Intentando escapar del tedio de la vida de papel, Garfield no tarda en darse cuenta de que los gatos de carne y hueso no disfrutan de las mismas ventajas que los micifuces de papel... y es que en cada esquina le esperan chihuahuas sedientos de sangre y cÃ¡nidos culturistas. Pero gracias a la ayuda de unos nuevos amigos un tanto extravagantes y de algunos de sus viejos colegas, Garfield aprende con sus locas aventuras que la realidad no estÃ¡ sÃ³lo en el mundo real, sino allÃ­ donde se encuentra el corazÃ³n.	https://image.tmdb.org/t/p/w500/cRlJEevXbt183BYBhUw3cvldp7C.jpg	Familia, Comedia, AnimaciÃ³n	4.993	0	0";;
"Gnomeo y Julieta [2011][720p][530 Mb]	Gnomeo y Julieta	2011	La obra de Shakespeare experimenta una transformaciÃ³n disparatada: la gran historia de amor es protagonizada por enanos de jardÃ­n. Gnomeo y Juliet, al igual que sus cuasi homÃ³nimos, tienen que superar un sinfÃ­n de obstÃ¡culos, pero en este caso no se deben al odio que enfrenta a sus familias, sino a una disputa entre vecinos. Â¿PodrÃ¡ este pareja vivir feliz para siempre entre flamencos rosas de plÃ¡stico y demenciales carreras de cortadoras de cÃ©sped?. Los dos enanos intentarÃ¡n que su destino fatal no se cumpla. LucharÃ¡n para que su historia de amor tenga un final feliz. Cuenta con canciones clÃ¡sicas y tambiÃ©n originales de Elton John.	https://image.tmdb.org/t/p/w500/qPbBWRwGvYoOJbEBFkLs8KWUcnP.jpg	AnimaciÃ³n, Familia	5.904	0	0";;
"Gravity Falls	Gravity Falls: Between the Pines	2016		https://image.tmdb.org/t/p/w500/ijAvJgPw2zf2LYy56fbFkPiZQDa.jpg	AnimaciÃ³n, Comedia, Documental, Familia, PelÃ­cula de TV	9.0	0	0";;
"Green Snake [2021][1080p][4.27 Gb]	La serpiente verde	2021	Mientras intenta liberar a su hermana de las garras de Fahai, Xiao Qing acaba en una ciudad distÃ³pica y conoce a un misterioso hombre que no recuerda su pasado.	https://image.tmdb.org/t/p/w500/wpDfbawubKtY6JteqNv7wbNsSZx.jpg	AnimaciÃ³n, FantasÃ­a, AcciÃ³n, Aventura	8.1	0	0";;
"Haunted Hotel	Haunted Hotel: A Melodrama in Augmented Reality	2022		https://image.tmdb.org/t/p/w500/iMQ2YksYRMVpksZxNnXBfhwoPYe.jpg		0.0	0	0";;
"Helluva Boss	Helluva Boss	2020 - 2024	En el infierno, el diablillo BlitzÃ¸ (la 'o' es silenciosa) dirige un negocio de asesinos que apunta al mundo de los vivos, utilizando un libro de hechizos prestado de un prÃ­ncipe del inframundo. Con los empleados Moxxie, Millie y Loona, intentan sobrevivir el uno al otro mientras mantienen el negocio a flote.	https://image.tmdb.org/t/p/w500/dgtuBsG2F4cGiumtHBKDru7PW9j.jpg	AnimaciÃ³n, Comedia, Drama, Sci-Fi & Fantasy	7.634	3	20";;
"Hercules [1997][1080p][3.82 Gb]	Hercules (Sony Wonder)	1997	Cuenta la historia de Hercules, hijo de dioses	https://image.tmdb.org/t/p/w500/ncUSZtKYnhZ9S3wqpccpPQ5KXxf.jpg	Familia, AnimaciÃ³n, Aventura	6.4	0	0";;
"Home [2015][1080p][3.62 Gb]	Home: Hogar dulce hogar	2015	Un grupo de pacÃ­ficos alienÃ­genas se encuentran huyendo de sus enemigos, y deciden esconderse de ellos en la Tierra. Sin embargo, uno de estos humildes extraterrestres accidentalmente notifica a sus perseguidores cuÃ¡l es su ubicaciÃ³n, y no le queda mÃ¡s remedio que huir junto con una chica adolescente.	https://image.tmdb.org/t/p/w500/d4s4JbRnCepEnMSzN9t9RXdKfXc.jpg	FantasÃ­a, Comedia, AnimaciÃ³n, Ciencia ficciÃ³n, Familia	6.787	0	0";;
"Hora de Aventura	Hora de Aventuras	2007		https://image.tmdb.org/t/p/w500/2K0TUPjiSZSy7tS9IlE7H06WyPM.jpg	Aventura, AnimaciÃ³n, Comedia, FantasÃ­a, Misterio, Familia, Drama	8.6	0	0";;
"Hora de Aventura - Tierras Lejanas	Hora de Aventuras: Tierras Lejanas	2020 - 2021	Hora de Aventuras tiene una secuela con nuevas aventuras en otros mundos.	https://image.tmdb.org/t/p/w500/3If6yATaYZ2uXxBaPL6S70UrlcE.jpg	AnimaciÃ³n, Action & Adventure, Comedia, Sci-Fi & Fantasy, Familia	8.158	1	4";;
"Hora de Aventura con Fionna & Cake	Hora de aventuras: Fionna y Cake	2023 - 2025	Fionna y Cake, con la ayuda del anterior Rey del Hielo, se embarcan en una aventura multiversal y en un viaje de autodescubrimiento.	https://image.tmdb.org/t/p/w500/2tgXQ9NU48mNgpsEWfyVzTb2Ho8.jpg	AnimaciÃ³n, Action & Adventure, Comedia, Sci-Fi & Fantasy	8.642	2	20";;
"Horton y el Mundo de los Quien [2008][1080p][725 Mb]	Horton	2008	Horton no es sÃ³lo un bondadoso y torpÃ³n elefante, sino tambÃ­en es el Ãºnico animal capaz de oir a una microscÃ³pica comunidad aislada en una mota de polvo, lo que provocarÃ¡ que sus vecinos le tomen por loco e intenten destruir la mota de polvo en la que el pueblo de Villaquien vive en pacÃ­fica armonÃ­a. Horton estÃ¡ dispuesto a ayudar a los habitantes de VillaquiÃ©n cuya frÃ¡gil existencia pende de un hilo.	https://image.tmdb.org/t/p/w500/fU3Yqieroalzt3iIIT0oTjQpFsS.jpg	AnimaciÃ³n, Comedia, Familia, Aventura, FantasÃ­a	6.52	0	0";;
"Hotel Hazbin	Hazbin Hotel: Live on Broadway	2025		https://image.tmdb.org/t/p/w500/5GkJfdtw1aNh67Iunv8F6B3MR6K.jpg	MÃºsica	8.3	0	0";;
"Hotel Transylvania [2012][1080p][1.81 Gb]	Hotel Transilvania	2012	DrÃ¡cula regenta un hotel en el que se alojan personajes como Frankenstein, la Momia, el Hombre Invisible, hombres-lobo... El problema del conde es que tiene una hija de espÃ­ritu aventurero a la que le resulta difÃ­cil controlar. El conflicto surge cuando se aloja en el hotel un ser humano que se siente atraÃ­do por la hija del dueÃ±o.	https://image.tmdb.org/t/p/w500/zvWlwBGQWuJ0wog65q1uS37BApC.jpg	AnimaciÃ³n, Comedia, Familia, FantasÃ­a	6.964	0	0";;
"Hotel Transylvania 2 [2015][1080p][3.6 Gb]	Hotel Transilvania 2	2015	Todo parece mejorar en el Hotel Transilvania. La rÃ­gida norma establecida por DrÃ¡cula de â€œsÃ³lo para monstruosâ€ se ha suprimido y se aceptan tambiÃ©n huÃ©spedes humanos. Lo que preocupa al conde es que que su adorable nieto Dennis, medio humano y medio vampiro, no dÃ© seÃ±al alguna de vampirismo. Aprovechando que Mavis ha ido a visitar a sus suegros humanos, DrÃ¡cula recluta a sus amigos Frank, Murray, Wayne y Griffin para hacer que Dennis pase por un campamento de â€œentrenamiento de monstruosâ€. Lo que ignoran es que Vlad, el gruÃ±Ã³n padre de DrÃ¡cula, estÃ¡ a punto de llegar al hotel. Y cuando descubra que su bisnieto no es de sangre pura y que los humanos pueden frecuentar el establecimiento las cosas se complicarÃ¡n.	https://image.tmdb.org/t/p/w500/ndYVcm1k3h81MRDhzZCI4SxDzGp.jpg	AnimaciÃ³n, Comedia, Familia, FantasÃ­a	6.764	0	0";;
"Hotel Transylvania 3 - Unas vacaciones monstruosas [2018][1080p][3.75 Gb]	Hotel Transilvania 3: Unas vacaciones monstruosas	2018	Nuestra familia de monstruos favorita se embarca en un crucero de lujo para que por fin Drac pueda tomarse un descanso de proveer de vacaciones al resto en el hotel. Es una navegaciÃ³n tranquila para la pandilla de Drac, ya que los monstruos se entregan a toda la diversiÃ³n a bordo que ofrece el crucero, desde el voleibol de monstruos y las excursiones exÃ³ticas, a ponerse al dÃ­a con sus bronceados de luna. Pero las vacaciones de ensueÃ±o se convierten en una pesadilla cuando Mavis se da cuenta de que Drac se ha enamorado de la misteriosa capitana de la nave, Ericka, quien esconde un peligroso secreto que podrÃ­a destruir a todos los monstruos.	https://image.tmdb.org/t/p/w500/p5eBnMRoFWjSua4DYdiKjmHP3H5.jpg	AnimaciÃ³n, Comedia, Familia, FantasÃ­a	6.852	0	0";;
"Hotel Transylvania 4 - Transformania [2022][1080p][3.22 Gb]	Hotel Transilvania: TransformanÃ­a	2022	Drac y la pandilla vuelven, como nunca los habÃ­as visto antes en Hotel Transilvania: TransformanÃ­a. Volveremos a encontrarnos con nuestros monstruos favoritos en una aventura completamente nueva en la que Drac se enfrentarÃ¡ a una de las situaciones mÃ¡s aterradoras vividas hasta el momento. Cuando el misterioso invento de Van Helsing, el ""Rayo Monstrificador"", se vuelve totalmente fuera de control, Drac y sus monstruosos amigos se transforman en humanos, Â¡y Johnny se convierte en un monstruo!	https://image.tmdb.org/t/p/w500/xNF8AxJc966FWk4SYqXxGHaZLHZ.jpg	AnimaciÃ³n, Comedia, Familia, Aventura, FantasÃ­a	7.035	0	0";;
"How to Train Your Dragon [2010][1080p][3.82 Gb]	How to Train Your Dragon: Legends	2010		https://image.tmdb.org/t/p/w500/4kEVqHV5egVoSl8OhDMImJozSaj.jpg	Familia, AnimaciÃ³n, Aventura	7.825	0	0";;
"How to Train Your Dragon 2 [2014][1080p][3.97 Gb]	CÃ³mo entrenar a tu dragÃ³n 2	2014	Han pasado cinco aÃ±os desde que Hipo empezÃ³ a entrenar a su dragÃ³n, rompiendo la tradiciÃ³n vikinga de cazarlos. Astrid y el resto de la pandilla han conseguido difundir en la isla un nuevo deporte: las carreras de dragones. Mientras realizan una carrera, atraviesan los cielos llegando a territorios inhÃ³spitos, donde nadie antes ha estado. Durante un viaje descubren una cueva cubierta de hielo que resulta ser el refugio de cientos de dragones salvajes, a los que cuida un misterioso guardiÃ¡n. Hipo y los suyos se unen al guardiÃ¡n para proteger a los dragones de las fuerzas malignas que quieren acabar con ellos.	https://image.tmdb.org/t/p/w500/bXcRw7FL8QzUZOvY2fZdwDv5ymQ.jpg	FantasÃ­a, AcciÃ³n, Aventura, AnimaciÃ³n, Familia	7.682	0	0";;
"How To Train Your Dragon 3 - The Hidden World [2019][1080p][4.55 Gb]	CÃ³mo entrenar a tu dragÃ³n 3	2019	Lo que comenzÃ³ como la inesperada amistad entre un joven vikingo y un temible dragÃ³n, Furia Nocturna,  se ha convertido en una Ã©pica trilogÃ­a que ha recorrido sus vidas. En esta nueva entrega, Hipo y Desdentao descubrirÃ¡n finalmente su verdadero destino: para uno, gobernar Isla Mema junto a Astrid";" para el otro, ser el lÃ­der de su especie. Pero, por el camino, deberÃ¡n poner a prueba los lazos que los unen, plantando cara a la mayor amenaza que jamÃ¡s haya afrontado... y a la apariciÃ³n de una Furia Nocturna hembra.	https://image.tmdb.org/t/p/w500/rhnoAReqO3Xoe6GbJhT3409lnq8.jpg	AnimaciÃ³n, Familia, Aventura	7.751	0	0";
"I Am Frankelda [2025][1080p][3 Gb]	Soy Frankelda	2025	Frankelda, una decidida escritora mexicana del siglo XIX, viaja a su subconsciente para enfrentarse a los monstruos sobre los que ha escrito. Guiada por un prÃ­ncipe atormentado, deberÃ¡ restablecer el equilibrio entre ficciÃ³n y realidad antes de que sea demasiado tarde.	https://image.tmdb.org/t/p/w500/bp7TxHXrUlTfCIiA0z2pdkX9X56.jpg	AnimaciÃ³n, Familia, FantasÃ­a, Terror, Aventura	8.377	0	0";;
"Ice Age [2002][1080p][2.61 Gb]	Ice Age: La edad de hielo	2002	Hace muchos, muchos aÃ±os, tantos como 20.000, una pequeÃ±a ardirata de nombre Scrat querÃ­a esconder una bellota en el hielo. Pero lo que hace es provocar una semicatÃ¡strofe que provoca que todos los animales migren hacia el sur, hacia tierras mÃ¡s cÃ¡lidas. Bueno, lo que se dice todos, todos, no. Porque hay uno que lleva la contraria: se trata del mamut Manfred, un autÃ©ntico lobo solitario vagabundo y soberbio que va hacia el norte sÃ³lo porque los demÃ¡s estÃ¡n yendo hacia el sur.	https://image.tmdb.org/t/p/w500/9rpdhn7p7mDZW2rUXsINf9c6sR5.jpg	AnimaciÃ³n, Comedia, Familia, Aventura	7.376	0	0";;
"Ice Age 2 [2006][1080p][2.65 Gb]	Ice Age 2: El deshielo	2006	Â¡Tus hÃ©roes favoritos han vuelto con otra magnÃ­fica aventura en esta gÃ©lida secuela del magnÃ­fico Ã©xito mundial Ice Age! Y esta vez la cosa se calienta como la temperatura ambiente para Manny, Sid, Diego y Scrat, que abandonan su valle para escapar a una autÃ©ntica inundaciÃ³n de problemas y emprenden un divertidÃ­simo viaje por un paisaje en pleno deshielo durante el cual conocen a Ellie.	https://image.tmdb.org/t/p/w500/q3D7vBGrJVrVrZSJjVQN8lN0e6c.jpg	AnimaciÃ³n, Familia, Comedia, Aventura	6.719	0	0";;
"Ice Age 3 [2009][1080p][2.75 Gb]	Ice Age 3: El origen de los dinosaurios	2009	Tercera parte de las aventuras de Diego, Scrat y compaÃ±Ã­a. En esta ocasiÃ³n, les tocarÃ¡ lidiar con varios dinosaurios. Scrat sigue intentando apoderarse de la muy escurridiza bellota"; Manny y Ellie esperan el nacimiento de su mini-mamut;" Sid, el perezoso, se mete en un buen lÃ­o al formar de repente una familia propia tras encontrarse unos huevos de dinosaurio.	https://image.tmdb.org/t/p/w500/zufHIdp8szvgkt8VCnJEF2fo1tN.jpg	AnimaciÃ³n, Comedia, Familia, Aventura	6.767	0	0"
"Ice Age 4 [2012][1080p][2.89 Gb]	Ice Age 4: La formaciÃ³n de los continentes	2012	La loca persecuciÃ³n de Scrat por su escurridiza bellota desde el principio de los tiempos, tiene consecuencias que cambiarÃ¡n el mundo: un cataclismo continental que desencadenarÃ¡ la mayor de las aventuras para Manny, Diego y Sid. En medio de estas agitaciones, Sid se reencuentra con su Abuelita GruÃ±ona y la manada tropieza con una extraÃ±a cuadrilla de piratas de altamar decididos a impedirles su regreso a casa.	https://image.tmdb.org/t/p/w500/qYiZOCXkOYtYfolUUdJKoZ8xPsL.jpg	AnimaciÃ³n, Comedia, Aventura, Familia	6.386	0	0";;
"Ice Age 5 [2016][1080p][2.97 Gb]	Ice Age: El gran cataclismo	2016	En la nueva historia veremos a Scrat y su mÃ­tica bellota en el espacio, donde accidentalmente desencadenarÃ¡ una serie de acontecimientos que amenazarÃ¡n la Edad de Hielo. Para salvarse, Sid, Manny, Diego y el resto de la manada deberÃ¡n salir de su hogar y embarcarse en una aventura llena de comedia y aventuras, viajando por tierras exÃ³ticas donde se encontrarÃ¡n con nuevos y peculiares personajes.	https://image.tmdb.org/t/p/w500/vgxlqI40AUXmpBzcwlLsYZI5EcR.jpg	Aventura, AnimaciÃ³n, Familia, Comedia, Ciencia ficciÃ³n	6.113	0	0";;
"Igor [2008][720p][730 Mb]	Igor	2008	Igor, el ayudante del Dr. Glickenstein decide realizar su propio experimento, buscando ganar la feria de ciencia maligna, y de esa forma convertirse en un cientÃ­fico loco por derecho propio.	https://image.tmdb.org/t/p/w500/mI4SPs0bZQm7bGVZKToC8KUsTd.jpg	AnimaciÃ³n, Comedia, Familia, FantasÃ­a, Terror	5.9	0	0";;
"Injustice [2021][1080p][2.4 Gb]	Injustice	2021	Cuando Lois Lane muere, un Superman desquiciado decide tomar el control de la Tierra. Decidido a detenerlo, Batman crea un equipo de hÃ©roes que luchan por la libertad. Pero cuando los superhÃ©roes van a la guerra, Â¿podrÃ¡ sobrevivir el mundo?	https://image.tmdb.org/t/p/w500/kgHNxYZc6vXzb9i91Y3cie6fDFi.jpg	AnimaciÃ³n, Ciencia ficciÃ³n, FantasÃ­a, AcciÃ³n	7.3	0	0";;
"Inside Job	Inside Job	2010	Documental no sÃ³lo sobre las causas, sino tambiÃ©n sobre los responsables de la crisis econÃ³mica mundial de 2008, que signÃ­ficÃ³ la ruina de millones de personas que perdieron sus hogares y empleos, y, ademÃ¡s, puso en peligro la estabilidad econÃ³mica de los paÃ­ses desarrollados. A travÃ©s de una extensa investigaciÃ³n y de entrevistas a financieros, polÃ­ticos y periodistas, se muestra el auge de empresarios sin escrÃºpulos y la degradaciÃ³n de la polÃ­tica y la educaciÃ³n.	https://image.tmdb.org/t/p/w500/iQNan0jUyZIkfMmhytPeGCCAfJI.jpg	Documental, Crimen	7.704	0	0";;
"Inside out [2015][1080p][1.33 Gb]	Del revÃ©s (Inside Out)	2015	Riley es una chica que disfruta o padece toda clase de sentimientos. Aunque su vida ha estado marcada por la AlegrÃ­a, tambiÃ©n se ve afectada por otro tipo de emociones. Lo que Riley no entiende muy bien es por quÃ© motivo tiene que existir la Tristeza en su vida. Una serie de acontecimientos hacen que AlegrÃ­a y Tristeza se mezclen en una peligrosa aventura que darÃ¡ un vuelco al mundo de Riley.	https://image.tmdb.org/t/p/w500/sG3bHZWCMOZwhUq71WbPG9Vrrwc.jpg	AnimaciÃ³n, Familia, Aventura, Drama, Comedia	7.909	0	0";;
"Inside Out 2 [2024][1080p][3.41 Gb]	Del revÃ©s 2 (Inside Out 2)	2024	Riley entra en la adolescencia y el Cuartel General de su cabeza sufre una repentina reforma para hacerle hueco a algo totalmente inesperado propio de la pubertad: Â¡nuevas emociones! AlegrÃ­a, Tristeza, Ira, Miedo y Asco, con aÃ±os de impecable gestiÃ³n a sus espaldas (segÃºn ellos...) no saben muy bien quÃ© sentir cuando aparece con enorme Ã­mpetu Ansiedad. Y no viene sola: le acompaÃ±an envidia, vergÃ¼enza y aburrimiento.	https://image.tmdb.org/t/p/w500/lE3DCRI7bQgHSiIuEPcFiXpiuGV.jpg	AnimaciÃ³n, Aventura, Comedia, Familia	7.5	0	0";;
"Invencible	Invencible (Unbroken)	2014	Narra la historia real de Louis Zamperini, un joven que, tras participar en los Juegos OlÃ­mpicos de 1936, se alistÃ³ en las Fuerzas AÃ©reas de los Estados Unidos para luchar en la Segunda Guerra Mundial (1939-1945). Cuando el bombardero en el que combatÃ­a se estrellÃ³ en medio del PacÃ­fico, navegÃ³ a la deriva hasta que fue capturado por los japoneses.	https://image.tmdb.org/t/p/w500/s4i7KnVQQnXM6LvBAlGYFUwJIeh.jpg	Drama, BÃ©lica	7.4	0	0";;
"Jack y la Mecanica del Corazon [2014][720p][1 1 Gb]	La mecÃ¡nica del corazÃ³n	2014	Edimburgo, aÃ±o 1874. Jack es un chico no muy normal. NaciÃ³ en la noche mÃ¡s frÃ­a de la historia y como consecuencia tiene el corazÃ³n congelado. Sin embargo, para que funcione, Madeleine, la comadrona, le instala un mecanismo especial que depende de un delicado reloj. Aunque su corazÃ³n funcione a la perfecciÃ³n, Jack debe seguir tres reglas que, si alguna vez incumpliera, su corazÃ³n dejarÃ­a de funcionar. Estas reglas son: no tocar nunca las agujas del mecanismo, dominar su ira, y sobre todo, no enamorarse jamÃ¡s.  Todo va bien hasta que Jack conoce a Miss Acacia, una pequeÃ±a cantante que ve actuar en la calle. Jack, poniendo en riesgo su corazÃ³n, decide seguir a Miss Acacia, embarcÃ¡ndose en un viaje por toda Europa, lleno de aventuras y fantasÃ­a, en el que Jack aprenderÃ¡ a descubrir a los demÃ¡s, pero tambiÃ©n a sÃ­ mismo.	https://image.tmdb.org/t/p/w500/1FxgKRI2eIfgxGQfSej211wjl4O.jpg	AnimaciÃ³n, Romance, Aventura, Drama, FantasÃ­a	7.221	0	0";;
"Jentry Chau Contra el Inframundo	Jentry Chau contra el inframundo	2024 - 2024	A punto de cumplir 16 aÃ±os, una joven redescubre sus poderes de fuego â€”que habÃ­a reprimido durante aÃ±osâ€” y tiene que enfrentarse a sus demoniosâ€¦ en todos los sentidos.	https://image.tmdb.org/t/p/w500/wz9bpOMLXJemaC6qVL9tyDtSBxp.jpg	AnimaciÃ³n, Action & Adventure, Sci-Fi & Fantasy, Comedia	8.159	1	13";;
"Joseph - King of Dreams (2000)	Joseph: Rey de los SueÃ±os	2000	Con su don de la interpretaciÃ³n de los sueÃ±os y su abrigo de colores brillantes, JosÃ© inspira celos en sus hermanos y es vendido como esclavo. Esta narraciÃ³n animada de la historia del libro de GÃ©nesis de la Biblia cuenta con animaciÃ³n de primera clase y un trabajo de voz excelente, con Ben Affleck, Mark Hamill y Jody Benson. Sano y sin sermonear, JosÃ©: Rey de los sueÃ±os harÃ¡ las delicias de toda la familia.	https://image.tmdb.org/t/p/w500/A4Xa0kKzsGE8Tl6X2QARdhsAtUg.jpg	Familia, AnimaciÃ³n, Drama	6.906	0	0";;
"Justice League - Crisis on Infinite Earths â€“ Part One [2024][1080p][2.9 Gb]	Liga de la Justicia: Crisis en Tierras Infinitas - Parte 1	2024	El Antimonitor (la contrapartida malvada del Monitor) es liberado en el Multiverso DC y comienza a destruir las diferentes Tierras que lo componen. El Monitor intenta reclutar hÃ©roes de todo el Multiverso, pero es asesinado. AdaptaciÃ³n animada de La Liga de la Justicia: Crisis en Tierras Infinitas.	https://image.tmdb.org/t/p/w500/kr36D6FiF8mNrsPz4fL6OUAvrrJ.jpg	AnimaciÃ³n, Ciencia ficciÃ³n, AcciÃ³n	7.3	0	0";;
"Justice League - Crisis on Infinite Earths â€“ Part Three [2024][1080p][3 Gb]	Liga de la Justicia: Crisis en Tierras Infinitas - Parte 1	2024	El Antimonitor (la contrapartida malvada del Monitor) es liberado en el Multiverso DC y comienza a destruir las diferentes Tierras que lo componen. El Monitor intenta reclutar hÃ©roes de todo el Multiverso, pero es asesinado. AdaptaciÃ³n animada de La Liga de la Justicia: Crisis en Tierras Infinitas.	https://image.tmdb.org/t/p/w500/kr36D6FiF8mNrsPz4fL6OUAvrrJ.jpg	AnimaciÃ³n, Ciencia ficciÃ³n, AcciÃ³n	7.3	0	0";;
"Justice League - Crisis on Infinite Earths â€“ Part Two [2024][1080p][2.9 Gb]	Liga de la Justicia: Crisis en Tierras Infinitas - Parte 1	2024	El Antimonitor (la contrapartida malvada del Monitor) es liberado en el Multiverso DC y comienza a destruir las diferentes Tierras que lo componen. El Monitor intenta reclutar hÃ©roes de todo el Multiverso, pero es asesinado. AdaptaciÃ³n animada de La Liga de la Justicia: Crisis en Tierras Infinitas.	https://image.tmdb.org/t/p/w500/kr36D6FiF8mNrsPz4fL6OUAvrrJ.jpg	AnimaciÃ³n, Ciencia ficciÃ³n, AcciÃ³n	7.3	0	0";;
"Justice League Dark [2017][1080p][1.16 Gb]	La Liga de la Justicia Oscura	2017	Cuando un grupo de demonios crean una serie de alucinaciones entre la poblaciÃ³n que les lleva a cometer crÃ­menes violentos, Batman y el resto de la Liga de la Justicia se ve en la necesidad de formar un nuevo grupo de superhÃ©roes con capacidades mÃ¡gicas, liderado por Constantine, para salvar a la humanidad.	https://image.tmdb.org/t/p/w500/axfmTcHRK3TTXrCLXD9HtchMuwG.jpg	AnimaciÃ³n, AcciÃ³n, Aventura, FantasÃ­a, Ciencia ficciÃ³n, Terror	7.298	0	0";;
"Justice League Dark Apokolips War [2020][1080p][1.44 Gb]	Liga de la Justicia Oscura: La Guerra Apokolips	2020	Culminando seis aÃ±os de una aventura que comenzÃ³ con el lanzamiento de Justice League: War en 2014, Justice League Dark: Apokolips War presenta un planeta Tierra totalmente devastado por el tirano intergalÃ¡ctico Darkseid en el que los superhÃ©roes apenas han podido hacer frente a la guerra. Los Ãºltimos bastiones de guerreros que aÃºn quedan en pie deben reagruparse para crear una estrategia que les permita enfrentarse a Darkseid con el propÃ³sito de salvar al planeta y a sus pocos supervivientes. Esta es la guerra que acabarÃ¡ con todas las guerras.	https://image.tmdb.org/t/p/w500/osrf7VTgAwTLIr38dxJl2Y7q35H.jpg	AnimaciÃ³n, AcciÃ³n, Aventura, FantasÃ­a	8.198	0	0";;
"Justice League Throne of Atlantis [2015][1080p][2.62 Gb]	La Liga de la Justicia: El trono de Atlantis	2015	Los Villanos Orm y Manta negra hacen su jugada contra el mundo de la superficie despuÃ©s de la batalla con las fuerzas de Apokolips de Darkseid en La Aventura Anterior, tuvieron consecuencias mortales para Atlantis, Mera, la reina de la civilizaciÃ³n submarina perdida busca su otro hijo, al hemanastro de Orm, Arthur Curry. Ahora vive en el mundo de la superficie con misteriosos poderes que no entiende, siguiendo los pasos de Arthur en su destino como el verdadero Rey de Atlantis como Aquaman, ahora el, asociÃ¡ndose con la Liga de la justicia para salvar y unir a todas las personas del mundo, y de Detener los Planes de Orm y Manta Negra, Para Siempre..	https://image.tmdb.org/t/p/w500/hKHWoabqFg7QVS4Xqu5Q84PmuAo.jpg	Ciencia ficciÃ³n, AcciÃ³n, AnimaciÃ³n, Aventura	6.983	0	0";;
"Justice League Warworld [2023]	Justice League: Warworld	2023	Hasta ahora, la Liga de la Justicia ha sido una asociaciÃ³n informal de personas con superpoderes. Pero cuando son arrastrados a Warworld, un lugar de interminables y brutales combates de gladiadores, Batman, Superman, Wonder Woman y los demÃ¡s deben unirse de alguna manera para formar una resistencia imbatible capaz de llevar a todo un planeta a la libertad.	https://image.tmdb.org/t/p/w500/OKeu0tqBBdcnKVABplvLYhOEZT.jpg	AnimaciÃ³n, AcciÃ³n, Ciencia ficciÃ³n, Aventura	6.754	0	0";;
"Justicia Joven	La Liga de la Justicia contra los JÃ³venes Titanes	2016	Cuando las tendencias agresivas de Damian casi destruyen una misiÃ³n de la Liga de la Justicia, es enviado para aprender el trabajo en equipo y ser entrenado junto a los Teen Titans. Sin embargo, el ajuste de la actitud de Damian resulta ser el menor de los problemas de los â€˜Teen Titansâ€™ cuando el satÃ¡nico padre de Raven, Trigon, trama un plan para escapar de su prisiÃ³n interdimensional. Para completar su regreso, Trigon debe tener la asistencia de Raven â€“ y para lograr su objetivo, extenderÃ¡ sus fuerzas demonÃ­acas por todo el mundo infiltrÃ¡ndose en las mentes y los cuerpos de la Liga de la Justicia para hacer su voluntad. Para salvar el universo y evitar que la tierra se convierta literalmente en el infierno, los Teen Titans deben rescatar o derrotar a la Liga de la Justicia, y mantener encerrado a Trigon por toda la eternidad.	https://image.tmdb.org/t/p/w500/6cUDnsWQSeknDeasWpq59WNjWjd.jpg	Ciencia ficciÃ³n, AcciÃ³n, AnimaciÃ³n	7.275	0	0";;
"Kim Possible	Kim Possible	2019	Kim Possible es una chica normal y corriente que se dedica a salvar al mundo en su tiempo libre. Con la ayuda de su mejor amigo, Ron Imparable, pelea contra villanos y hace frente a un sinfÃ­n de amenazas.	https://image.tmdb.org/t/p/w500/2iCzzBa7VfaWC3ihw1H1d6Ft8Wq.jpg	Familia, AcciÃ³n, Aventura, Comedia, PelÃ­cula de TV	5.5	0	0";;
"King of the Hill	King of the Hill: A 70th Anniversary Retrospective of Cincinnatiâ€™s King Records	2014		https://image.tmdb.org/t/p/w500/6FpWaLetzr46QT9ktLEcOyLZwab.jpg	MÃºsica, Documental, Historia	4.6	0	0";;
"Kizazi Moto Generation Fire	Kizazi moto: GeneraciÃ³n Fuego	2023 - 2023	Esta antologÃ­a de ciencia ficciÃ³n animada cargada de acciÃ³n presenta diez visiones futuristas de Ãfrica que se inspiran en diferentes historias y culturas del continente. Con la producciÃ³n del director y ganador de un Ã“scar, Peter Ramsey, estos diez cortos son obra de una nueva generaciÃ³n de animadores e imaginan desde una mirada africana nuevos mundos llenos de avances tecnolÃ³gicos, extraterrestres, espÃ­ritus y monstruos";" Ãfrica como nunca antes la has visto.	https://image.tmdb.org/t/p/w500/vB147fvjZQsjDkmM0sPBoU59Ivq.jpg	AnimaciÃ³n, Action & Adventure, Sci-Fi & Fantasy	6.2	1	10";
"Klaus [2019][1080p][2.87 Gb]	Klaus	2019	Un cartero egoÃ­sta y un juguetero huraÃ±o forjan una amistad muy especial, que sembrarÃ¡ la alegrÃ­a en un pueblo frÃ­o y oscuro.	https://image.tmdb.org/t/p/w500/aLniylyJlbXEdxvaGSuQkRACWUx.jpg	AnimaciÃ³n, Familia, Comedia	8.222	0	0";;
"Kung Fu Panda - El guerrero dragÃ³n	Kung Fu Panda: El caballero del dragÃ³n	2022 - 2023	Durante una merecida gira gastronÃ³mica por China, acusan injustamente a Po de hacer un uso indebido de un arma mÃ¡gica. Para recuperar su reputaciÃ³n, Po recurre a la ayuda de una guerrera inglesa impaciente y juntos emprenden una bÃºsqueda Ã©pica.	https://image.tmdb.org/t/p/w500/8wIb3Oy4fKkre9kAt7mCwWd4kaS.jpg	AnimaciÃ³n, Action & Adventure, Comedia, Kids, Sci-Fi & Fantasy	7.492	3	42";;
"Kung Fu Panda - The Paws of Destiny	Kung Fu Panda: The Paws of Destiny	2018 - 2019	Aunque Po ha superado toda clase de retos a lo largo de su vida, nadie le ha preparado para asumir el mÃ¡s grande y peligroso de todos al que tendrÃ¡ que hacer frente como profesor de Kung Fu junto a un grupo de niÃ±os en el Pueblo Panda. Tanto Ã©l como sus pupilos se embarcan en una aventura en la que viven increÃ­bles historias, pelean en feroces batallas y van camino de convertirse en autÃ©nticas leyendas vivas.	https://image.tmdb.org/t/p/w500/74uZKQGQNJXhd362CvWp1vGF4f1.jpg	AnimaciÃ³n, Kids, Familia, Action & Adventure, Comedia	7.245	2	26";;
"Kung Fu Panda 1 [2008][1080p][2.66Gb]	Kung Fu Panda	2008	El protagonista es un oso panda llamado Po, el mÃ¡s vago de todas las criaturas del Valle de la Paz. Con poderosos enemigos acercÃ¡ndose, la esperanza es depositada en una antigua profecÃ­a que dice que un hÃ©roe se alzarÃ¡ para salvarles. Voces originales de Jack Black, Angelina Jolie, Dustin Hoffman, Lucy Liu & Jackie Chan.	https://image.tmdb.org/t/p/w500/zcORJ8s9zsBjvKxP0k4FASQSjpf.jpg	AcciÃ³n, AnimaciÃ³n, Comedia, Familia	7.323	0	0";;
"Kung Fu Panda 2 [2011][1080p][2.71Gb]	Kung Fu Panda 2	2011	Po estÃ¡ ahora viviendo su sueÃ±o como el Guerrero del DragÃ³n, protegiendo el Valle de la Paz junto a sus amigos y sus compaÃ±eros maestros del kung fu. Los Cinco Furiosos. Pero su nueva e impresionante vida se encuentra amenazada por la apariciÃ³n de un villano formidable, que planea usar un arma secreta imparable para conquistar China y destruir el kung fu. Po debe volver la vista a su pasado para descubrir los secretos de su misterioso origen";" solo entonces podrÃ¡ adquirir la fuerza que necesita para vencer.	https://image.tmdb.org/t/p/w500/aNji9U9SPTecmoqGippQUBEyouy.jpg	AnimaciÃ³n, Familia, Comedia, AcciÃ³n	7.066	0	0";
"Kung Fu Panda 3 [2016][1080p][3.66 Gb]	Kung Fu Panda 3	2016	Cuando el durante mucho tiempo perdido padre de Po aparece de repente, el dÃºo ya reunido viaja a un paraÃ­so secreto de pandas para conocer a montones de nuevos e hilarantes osos. Pero cuando el villano sobrenatural Kai comienza a recorrer toda China venciendo a todos los maestros de kung fu, Po deberÃ¡ hacer lo imposible: aprender a entrenar a una comunidad repleta de divertidos y torpes hermanos para formar el equipo definitivo de Kung Fu Pandas.	https://image.tmdb.org/t/p/w500/t11f8palNbICK9Ip5QLrUfhLJYq.jpg	AnimaciÃ³n, AcciÃ³n, Aventura, Comedia, Familia	6.927	0	0";;
"Kung Fu Panda 4 [2024][1080p][2.96 Gb]	Kung Fu Panda 4	2024	Po se prepara para ser el lÃ­der espiritual del Valle de la Paz, buscando un sucesor como Guerrero DragÃ³n. Mientras entrena a un nuevo practicante de kung fu, enfrenta al villano llamado ""el CamaleÃ³n"", que evoca villanos del pasado, desafiando todo lo que Po y sus amigos han aprendido.	https://image.tmdb.org/t/p/w500/2xgGWjM3a38E4KTLapvC53RnpN1.jpg	AcciÃ³n, Aventura, AnimaciÃ³n, Comedia, Familia, FantasÃ­a	7.002	0	0";;
"La Bella Y La Bestia [1991][1080p][2.4 Gb]	La bella y la bestia	1991	Una hermosa joven llamada Bella acepta alojarse en un castillo con una bestia a cambio de la libertad de su padre. La bestia es, en realidad, un prÃ­ncipe encantado. Para romper el hechizo, deberÃ¡ ganarse el amor de una preciosa dama antes de que caiga el Ãºltimo pÃ©talo de una rosa encantada.	https://image.tmdb.org/t/p/w500/1FxMtEUc6DP1MXsTBftOFaoCVVO.jpg	Romance, Familia, AnimaciÃ³n, FantasÃ­a	7.728	0	0";;
"La Bella Y La Bestia 2 - Una Navidad Encantada [1997][1080p][2.4 Gb]	La bella y la bestia 2: Una navidad encantada	1997	Es vÃ­spera de Navidad y Bella planea animar y decorar el sombrÃ­o castillo de Bestia con alegrÃ­a y muchos adornos, aÃºn sabiendo que Bestia odia la Navidad. Antes de que empiece la fiesta, Bella, junto a todos los personajes que encandilaron al mundo, descubren que el Maestro Fortes, un malvado Ã³rgano de tubos y su fiel y divertido compaÃ±ero PÃ­fano estÃ¡n tratando de sabotear el evento. Ni siquiera bajo esta terrible amenaza, Bella desiste de enseÃ±ar a Bestia el verdadero significado de la Navidad. Con una animaciÃ³n exquisita, esta pelÃ­cula brilla con nuevos y sorprendentes personajes, mÃºsica envolvente y magia.	https://image.tmdb.org/t/p/w500/xY0MXOXPfUIif5RkzpobTMvCtma.jpg	AnimaciÃ³n, FantasÃ­a, Familia, Romance	6.233	0	0";;
"La Cancion Del Mar [2014][1080p][3.49 Gb]	La canciÃ³n del mar	2014	Ben y Saoirse son dos hermanos que viven en un faro de una isla junto a su padre que, para protegerlos de los peligros del mar, los envÃ­a con su abuela a la ciudad. AllÃ­ Ben descubre que su hermana pequeÃ±a es una Selkie, un hada del mar, una niÃ±a-foca que cantando puede liberar a los Seres MÃ¡gicos del sortilegio que les hizo la Bruja de los BÃºhos. Juntos emprenderÃ¡n un viaje fantÃ¡stico.	https://image.tmdb.org/t/p/w500/5JuW5B0UnD1ihhRXJdZbuvfrgcS.jpg	Familia, AnimaciÃ³n, FantasÃ­a	7.996	0	0";;
"La Casa Buho	Casa BÃºho	2020 - 2023	Luz, una adolescente humana muy segura de sÃ­ misma, tropieza con un portal a un nuevo mundo mÃ¡gico donde se hace amiga de una bruja rebelde, Eda, y de un adorable y diminuto guerrero, Rey. A pesar de no saber hacer magia, Luz persigue su sueÃ±o de convertirse en bruja aprendiendo de Eda en la Casa BÃºho, y acaba por encontrar una nueva familia en un entorno extraÃ±o.	https://image.tmdb.org/t/p/w500/lE5OYF0axjCVtrxLMetA8i8QpZ8.jpg	AnimaciÃ³n, Action & Adventure, Comedia, Sci-Fi & Fantasy, Familia	8.666	3	43";;
"La Cenicienta [1950][1080p][2.52 Gb]	La Cenicienta	1950	Cenicienta vive con su madrastra y las dos hijas de Ã©sta. Las tres le hacen la vida imposible y la tienen trabajando sin parar en las labores del hogar. Pero ella establece amistad con los animales de la casa, que le ayudarÃ¡n a asistir al baile Real al que su madre no le permite ir.	https://image.tmdb.org/t/p/w500/vqzeSm5Agvio7DahhKXaySUbUUW.jpg	Familia, FantasÃ­a, AnimaciÃ³n, Romance	7.049	0	0";;
"La Cenicienta 2 - Un SueÃ±o Hecho Realidad [2002][1080p][984 Mb]	La Cenicienta II: Â¡La magia no termina a media noche!	2002	ReciÃ©n coronada como princesa, Cenicienta aprende rÃ¡pidamente que la vida en palacio y sus responsabilidades reales son mÃ¡s complicadas de lo que habÃ­a imaginado. En tres conmovedoras historias, Cenicienta pide a sus amigos los animales y a su Hada Madrina que la ayuden a desempeÃ±ar su papel real, y descubre que ser fiel a uno mismo es la mejor manera de hacer sus sueÃ±os realidad.	https://image.tmdb.org/t/p/w500/eUoQl8Bhd4s5woTc35lHFijhLcW.jpg	Familia, AnimaciÃ³n, Romance, FantasÃ­a	6.123	0	0";;
"La Cenicienta 3 - Un Giro en el Tiempo [2007][1080p][991 Mb]	La Cenicienta III: QuÃ© pasarÃ­a siâ€¦	2007	La madrastra de Cenicienta se apodera de la varita mÃ¡gica del Hada Madrina para viajar atrÃ¡s en el tiempo y lograr cambiar el curso de los acontecimientos mediante un malÃ©fico hechizo.	https://image.tmdb.org/t/p/w500/hnu7CGMc1zQejwjUIEGcSikdhmV.jpg	AnimaciÃ³n, Romance, Familia, FantasÃ­a	6.5	0	0";;
"La Cumbre de los Dioses [2021][1080p][3 Gb]	La cumbre de los dioses	2021	Â¿George Mallory muriÃ³ subiendo o bajando por la cima del Everest, el 8 de junio de 1924? Setenta aÃ±os despuÃ©s, cuando Fukamachi, un joven reportero, compra una vieja cÃ¡mara Kodak en un mercado de KatmandÃº, cree que puede encontrar la respuesta. Este descubrimiento lo lleva al mundo de los montaÃ±eros ansiosos que persiguen conquistas imposibles, donde el amor y los fantasmas se entrelazan.	https://image.tmdb.org/t/p/w500/xHJAunNc8wyC4hOprU1Vur7dgSs.jpg	AnimaciÃ³n, Aventura, Misterio	7.8	0	0";;
"La Dama Y El Vagabundo [1955][1080p][3.5 Gb]	La dama y el vagabundo	1955	Reina es una preciosa perrita de pura raza que vive feliz en su hogar. Jaimito y Linda, la miman mucho y ella corresponde feliz a sus cuidados. Sin embargo, el dÃ­a en que sus dueÃ±os deciden hacer un viaje, la vida de Reina se ve alterada";" la llegada de la tÃ­a Sara con sus gatos no provoca mÃ¡s que sobresaltos. Menos mal que conoce a Golfo, un perro vagabundo muy simpÃ¡tico	https://image.tmdb.org/t/p/w500/vHbizQYlkL8MwtOdsdWaPuR5N5w.jpg	AnimaciÃ³n, Familia, Romance, Aventura, Comedia	7.124	0	0";
"La Dama Y El Vagabundo 2 [2001][1080p][2.7 Gb]	La dama y el vagabundo 2: Las aventuras de Golfillo	2001	Los encantadores perritos Reina y Golfo han sido padres de cuatro cachorros: Anette, Colette, Daniela y Golfillo. Este Ãºltimo es el mÃ¡s travieso de todos y se ve atraÃ­do por la libertad del mundo exterior lejos de las normas domÃ©sticas. Una noche escapa de casa y conoce a Ãngela, una preciosa perrita huÃ©rfana que vive en las calles. Junto a ella y un grupo de nuevos amigos descubrirÃ¡ un mundo desconocido para Ã©l. Â¿EncontrarÃ¡ Golfillo la aventura de su vida en las calles, o aprenderÃ¡ a valorar el amor que le brinda la familia que dejÃ³ atrÃ¡s?	https://image.tmdb.org/t/p/w500/wHVa5xmRD4r2RT4peQMSQqz1hNs.jpg	AnimaciÃ³n, Familia, Romance, Aventura	6.343	0	0";;
"La Fiesta de las Salchichas - Comidatopia	La fiesta de las salchichas: FrutopÃ­a	2024 - 2025	Tras acabar con la humanidad, la comida intenta crear su propia utopÃ­a.	https://image.tmdb.org/t/p/w500/vauSduQlUarPFPPq5MIhSvmdSw7.jpg	AnimaciÃ³n, Comedia, Action & Adventure, Sci-Fi & Fantasy	6.842	2	16";;
"La Fiesta de las Salchichas [2016][1080p][3.81 Gb]	La fiesta de las salchichas	2016	La trama sigue el drama de una salchicha y sus amigos, otros productos de supermercado, cuando descubren que serÃ¡n brutalmente asesinados al llegar a casa de sus compradores. Es entonces que necesitan encontrar una manera de regresar al supermercado y avisar a sus amigos de lo que realmente sucede con la comida.	https://image.tmdb.org/t/p/w500/4YiHAxavhMLaBqOzx7ZirmOwNkD.jpg	Aventura, AnimaciÃ³n, Comedia, FantasÃ­a	5.752	0	0";;
"La Gallina Turuleca [2019][1080p][2.92 Gb]	La Gallina Turuleca	2020	Turuleca es una gallina singular. Su peculiar aspecto desata las burlas del resto del gallinero, hasta que un dÃ­a Isabel, una ex-profesora de mÃºsica, la lleva a vivir a su granja. AllÃ­, feliz y en armonÃ­a, la gallina descubre su gran talento oculto con la ayuda de Isabel: Â¡Turuleca no sÃ³lo puede hablar, sino que canta como jamÃ¡s has oÃ­do cantar a una gallina!	https://image.tmdb.org/t/p/w500/cTZb36ZHSGWX12GZj6mIE3TAXfe.jpg	Familia, AnimaciÃ³n, MÃºsica, Aventura	7.1	0	0";;
"La Gran Aventura de Winnie the Pooh [1997][1080p][1.08 Gb]	La gran aventura de Winnie the Pooh	1997	De la espesura del Bosque de los Cien Acres llega una nueva y encantadora pelÃ­cula protagonizada por el mÃ¡s querido de los osos. Es el Ãºltimo dÃ­a de verano, y Christopher Robin no se atreve a decirle a Pooh que se marcha para ir al colegio. AsÃ­ que decide escribirle una nota, que Pooh y el resto de sus amigos malinterpretan. Creyendo que su querido amiguito se ha perdido y tiene problemas, Pooh, Piglet, Igor y Conejo se embarcan en la que serÃ¡ la mayor aventura de sus vidas: Â¡la bÃºsqueda de Christopher Robin! Cinco deliciosas nuevas canciones que realzan el mensaje que transmite la historia: aunque estÃ©n separados por la distancia, los amigos siempre permanecen unidos en el corazÃ³n. Una preciosa historia que cautivarÃ¡ al pÃºblico de todas las edades.	https://image.tmdb.org/t/p/w500/qa419JCL94R6GzS6WWiLKf4pTzi.jpg	AnimaciÃ³n, Familia, Aventura	7.148	0	0";;
"La Granja [2007][1080p][1.44 Gb]	La granja maldita	1970	Una joven pareja hereda una granja. Deciden irse a vivir al campo y reconstruirla. Una vez dentro de ella, unas fuerzas sobrenaturales comenzarÃ¡n a manifestarse.	https://image.tmdb.org/t/p/w500/h3JF9ntnWhpqba1caOLNEh6bEri.jpg	Terror, PelÃ­cula de TV	6.08	0	0";;
"La Leyenda de Vox Machina	La leyenda de Vox Machina	2022 - 2026	Son un hatajo de pendencieros inadaptados reconvertidos en mercenarios. A Vox Machina le interesa mÃ¡s el dinero fÃ¡cil y la cerveza barata que proteger el reino. Pero cuando este se ve amenazado por algo maligno, esta bulliciosa panda se da cuenta de que nadie mÃ¡s puede restablecer la justicia.	https://image.tmdb.org/t/p/w500/zaupUro1dIxKE4GyikKDyxNU6Tu.jpg	AnimaciÃ³n, Sci-Fi & Fantasy, Action & Adventure	8.201	4	48";;
"La leyenda del Charro Negro (2018)	La Leyenda del Charro Negro	2018	Conoce la historia del Charro Negro, el hombre que pasa las noches a caballo buscando a sus vÃ­ctimas.  DespuÃ©s de liberar al Chupacabras, Leo San Juan, decide que es el momento de regresar junto con su hermano Nando a casa de su abuela. A mitad del camino, el Charro Negro logra confundir a Leo y por su culpa, una niÃ±a inocente es arrastrada al inframundo. Leo se ve obligado a reparar el daÃ±o. Sus amigos acudirÃ¡n para intentar ayudarle y poder salir de allÃ­ cuanto antes. Pero no es casualidad que el Charro haya elegido involucrar a Leo, sus intenciones van mÃ¡s allÃ¡ de conseguir un alma nueva.	https://image.tmdb.org/t/p/w500/fDLJ5vIeRL68cIHlob11w2pBzH0.jpg	AnimaciÃ³n, FantasÃ­a, AcciÃ³n, Familia, Terror	8.136	0	0";;
"La Leyenda del Rey Mono El Regreso del Heroe [2015][720p][700 Mb]	La Leyenda del Rey Mono: El Regreso del HÃ©roe	2015	El todopoderoso Rey Mono una vez vagÃ³ libremente entre el Cielo y la Tierra, pero despuÃ©s de enfadar a los Dioses, fue encarcelado dentro de una jaula de hielo en las profundidades de las montaÃ±as. 500 aÃ±os despuÃ©s, los monstruos atacan una pequeÃ±a aldea y un niÃ±o huye a las montaÃ±as. Sin saberlo, el niÃ±o libera al Rey Mono de su maldiciÃ³n. Con la ayuda y el Ã¡nimo de este niÃ±o especial, el Rey Mono intentarÃ¡ salvar al pueblo de los malvados monstruos.	https://image.tmdb.org/t/p/w500/gYYtHnUw2UyADX1WVXIuA4G8M9j.jpg	FantasÃ­a, AnimaciÃ³n, Comedia	6.923	0	0";;
"La PelÃ­cula de Tigger [2000][1080p][4.2 Gb]	La pelÃ­cula de Tigger	2000	Tigger y Rito hacen una minuciosa bÃºsqueda en el Bosque de los Cien Acres reuniendo pistas sobre la familia de Tigger.	https://image.tmdb.org/t/p/w500/zMEky5WS29EjnmeSXvSm4YATV2R.jpg	AnimaciÃ³n, Familia, Comedia	6.625	0	0";;
"La Princesa y El Sapo [2009][1080p][2.89 Gb]	Tiana y el sapo	2009	Tiana, una muchacha de origen humilde que vive en Nueva Orleans, trabaja como camarera y cocinera para conseguir realizar el sueÃ±o que compartio con su padre, conseguir abrir su propio restaurante.Pero todo cambia cuando el PrÃ­ncipe Naveen, heredero de la corona de Maldonia, llega a la ciudad. En su camino se cruza el Doctor Facilier, un brujo vudÃº que engaÃ±a al prÃ­ncipe y lo convierte en una rana. Atrapado en su nueva forma, Naveen intentarÃ¡ romper el encantamiento utilizando la forma clÃ¡sica de los cuentos, es decir, con el beso de una princesa. Convence a Tiana para que le bese pero, las cosas no son tan sencillas.	https://image.tmdb.org/t/p/w500/lSNqVycC40mujo0tiRZvp6Ef5qQ.jpg	AnimaciÃ³n, Romance, FantasÃ­a, Familia	7.224	0	0";;
"La Sirenita [1989][1080p][2.83 Gb]	La sirenita	1989	Ariel es una sirena adolescente, hija de TritÃ³n, el rey del mar. Desobedeciendo a su padre, visita la superficie y se enamora del prÃ­ncipe Eric. Con la esperanza de encontrar a su amado, la sirenita cae inocentemente bajo los encantos de Ãšrsula, la bruja del mar, que la transforma en un ser humano. Pero la bruja tiene planes terribles para Ariel y su padre.	https://image.tmdb.org/t/p/w500/Vc0KvO7z2OzEbRs6nyZs9xD81s.jpg	AnimaciÃ³n, Familia, FantasÃ­a	7.351	0	0";;
"La Sirenita 2 - Regreso al Mar [2000][1080p][3.37 Gb]	La sirenita 2: Regreso al mar	2000	Ariel y el PrÃ­ncipe Eric viven felices desde que por fin consiguieron casarse, superando todos los obstÃ¡culos a los que se enfrentaron en â€La Sirenitaâ€, y ambos son padres de una preciosa niÃ±a, Melody. Ahora que la malvada Ãšrsula ya no existe, la vida sonrÃ­e a Ariel y al resto de la familia. Sin embargo, la llegada de la hermana de Ãšrsula, Morgana, pone en peligro el futuro de la pequeÃ±a. Para proteger a su hija, Ariel y Eric deciden no hablarle del pasado de Ariel como sirena, y construyen una enorme muralla para mantener el castillo aislado del mar...	https://image.tmdb.org/t/p/w500/1m6JsSmBa4X1Kp35YW3QPbMpByF.jpg	AnimaciÃ³n, Aventura, Familia, Comedia	6.4	0	0";;
"La Sirenita 3 - Los Comienzos de Ariel [2008][1080p][2.27 Gb]	La Sirenita III: El comienzo de Ariel	2008	Mucho antes de conocer al prÃ­ncipe Eric y poner los pies en la tierra, Ariel era una de las siete hijas queridas del poderoso rey TritÃ³n. Pero los tiempos estaban cambiando en el reino submarino, y la mÃºsica estaba prohibida. En esta aventura, Ariel, sus hermanas y sus amigos los leales SebastiÃ¡n y Flounder, se esfuerzan por devolver la mÃºsica y la amistad al reino de AtlÃ¡ntica.	https://image.tmdb.org/t/p/w500/oP09KA2lP5SluKVf8AmRsf38X7q.jpg	Familia, AnimaciÃ³n	6.7	0	0";;
"La Vida Secreta De Tus Mascotas [2016][1080p][3.5 Gb]	Mascotas	2016	Comedia acerca de la vida que llevan nuestras mascotas cuando cerramos la puerta detrÃ¡s de nosotros camino del trabajo o del colegio.	https://image.tmdb.org/t/p/w500/ubv09HE6hcxrhvoWxyTwQSMj8W6.jpg	AnimaciÃ³n, Comedia, Familia, Aventura	6.319	0	0";;
"La Vida Secreta De Tus Mascotas 2 [2019][1080p][3.8 Gb]	Mascotas 2	2019	Los perros Duque y Max se acostumbran al nuevo miembro de la familia y a la vida en el campo mientras sus amigos sortean varias crisis en la ciudad.	https://image.tmdb.org/t/p/w500/dqGsG2uNV9JGgrfODbTafPUukci.jpg	AnimaciÃ³n, Comedia, Familia, Aventura	6.9	0	0";;
"Las Aventuras De Winnie Pooh [1977][1080p][3 Gb]	Lo mejor de Winnie the Pooh	1977	El osito Pooh es el mejor amigo que puedes dar a tus hijos. Con Ã©l aprenderÃ¡n valores como la amistad, el compaÃ±erismo y la generosidad. Ideal para niÃ±os de 2 a 7 aÃ±os. Siguiendo la tradiciÃ³n de las grandes obras maestras de Disney como Cenicienta y Peter Pan, llega el ClÃ¡sico animado nÂº 22 de Walt Disney inspirado en las fantÃ¡sticas historias de A.A. Milne. En este vÃ­deo encontrarÃ¡s una recopilaciÃ³n de las mejores aventuras de Winnie The Pooh, creadas por el propio Walt Disney. Contiene: Winnie The Pooh y el Arbol de la Miel, Winnie The Pooh y el Bosque Encantado, ganadora de un Oscar Â© al Mejor Corto Animado y ""Winnie The Pooh... Â¡ Y Tigger TambiÃ©n!. Disfruta con Pooh y sus amigos de las mÃ¡s intrÃ©pidas aventuras en el bosque de los Cien Acres.	https://image.tmdb.org/t/p/w500/nxYMMFrFiqfj4YLbOHAidRZBI3f.jpg	AnimaciÃ³n, Familia, Aventura	7.235	0	0";;
"Las Chicas Superpoderosas	Las Supernenas: la pelÃ­cula	2002	Creadas con azucar... especias... muchas cosas bonitas... y una enorme dosis de la potente y misteriosa sustancia conocida como ingrediente X, PÃ©talo, Burbuja y Cactus -las Supernenas- comienzan la increible aventura de cÃ³mo se convirtieron en las protectoras de la ciudad de Townsville. Si bien tienen poderes tan increÃ­bles como ojos de rayos lÃ¡ser, una fuerza sobrehumana y la capacidad de volar a la velocidad de la luz, las Chicas sÃ³lo estÃ¡n en pÃ¡rvulos. Aunque no quieren hacer daÃ±o a nadie, sus ganas de jugar unidas a sus superpoderes, casi destruyen su querida ciudad y ahora los hombres, mujeres y niÃ±os de Townsville las ven como una amenaza. Las Supernenas, abatidas, acuden al misterioso genio Mojo Jojo en busca de ayuda... pero el malvado Mojo Jojo tiene sus propios planes perversos, Â¡cÃ³mo liderar un ejÃ©rcito de monos para destruir el mundo! Â¿ConseguirÃ¡n Las Supernenas saber la verdad sobre Mojo Jojo y salvar Townsville y el mundo por primera vez... antes de irse a dormir?	https://image.tmdb.org/t/p/w500/yAFalW8UtdJg1z1gPjXx8C1sXZq.jpg	AnimaciÃ³n, AcciÃ³n, Familia	6.781	0	0";;
"Las Guerreras K-pop [2025][1080p][4.32 Gb]	Las guerreras k-pop	2025	Cuando no estÃ¡n llenando estadios, las superestrellas del K-pop Rumi, Mira y Zoey usan sus poderes secretos para proteger a sus fans de una amenaza sobrenatural.	https://image.tmdb.org/t/p/w500/6EQMqEmdG5HoGe2zT1WwWUMvVhv.jpg	FantasÃ­a, MÃºsica, Comedia, AnimaciÃ³n	8.025	0	0";;
"Las Locuras Del Emperador [2000][1080p][2.95 Gb]	El emperador y sus locuras	2000	El arrogante y egoÃ­sta emperador Cuzco es traicionado y convertido en llama por la ambiciosa Yzma y su guardaespaldas Kronk. El emperador, que una vez lo tuvo todo, se verÃ¡ abocado a confiar en un llano y simpÃ¡tico campesino llamado Pacha, para encontrarse a sÃ­ mismo.	https://image.tmdb.org/t/p/w500/X9jChoAotaGU81lEraUVi8RHOe.jpg	Aventura, AnimaciÃ³n, Comedia, Familia, FantasÃ­a	7.561	0	0";;
"Lazarus	Lazarus: Apocalypse	2014		https://image.tmdb.org/t/p/w500/8OIdlTc4kEpjdjE9Br3b8Zi8Kkf.jpg	Terror	3.6	0	0";;
"Leo [2023][1080p][4.04 Gb]	Leo	2023	Leo (Sandler) es un lagarto de 74 aÃ±os que lleva atrapado en el mismo aula de Florida durante dÃ©cadas con su compaÃ±era de terrario, una tortuga (Bill Burr). Cuando se entera de que solo le queda un aÃ±o de vida, Leo planea escapar para experimentar la vida en el exterior, pero entonces comienzan sus problemas.	https://image.tmdb.org/t/p/w500/bx3nuzVSyDSrSj0HqE2SFvZEeKT.jpg	AnimaciÃ³n, Comedia, Familia	7.4	0	0";;
"Leroy & Stitch [2006][1080p][3 Gb]	Leroy y Stitch	2006	Como recompensa por recuperar los 625 experimentos, Lilo, Stitch, Jumba y Peakley han sido enviados a los distintos lugares de la galaxia donde cada uno cree pertenecer, pero sus vidas pronto se ven altreradas cuando el malÃ©volo Dr. Hamsterviel escapa de prisiÃ³n y obliga a Jumba a crear un nuevo experimento: Leroy, el malvado gemelo de Stitch. Todo empeora ademÃ¡s cuando Hamsterviel clona a esta nueva criatura para crear su propio ejÃ©rcito. La tarea de Lilo consistirÃ¡ en reunir a Stitch y al resto de la pandilla para combatir al malvado ejÃ©rcito de Leroys... Cuando las cosas se ponen feas, nuestros amigos decubrirÃ¡n que el lugar al que realmente pertenecen es aquel en el que estÃ¡n todos juntos...	https://image.tmdb.org/t/p/w500/1LCfRArffse3PnqkACooOHkWcry.jpg	AnimaciÃ³n, Comedia, Familia, Ciencia ficciÃ³n	6.5	0	0";;
"Liga de la Justicia Ilimitada	Liga de la Justicia Ilimitada	2004 - 2006		https://image.tmdb.org/t/p/w500/vRRvCUREeqqnp3hHdqep83eQjdP.jpg	AnimaciÃ³n, Action & Adventure, Sci-Fi & Fantasy	8.293	3	39";;
"Lilo and Stitch [2002][1080p][2.2 Gb]	Lilo & Stitch	2002	Lilo es una niÃ±a hawaiana que se siente sola y decide adoptar un ""perro"" muy feo al que llama Stitch. Stitch serÃ­a la mascota perfecta... si no fuera en realidad un experimento genÃ©tico que ha escapado de un planeta alienÃ­gena y que ha aterrizado por casualidad en la tierra.	https://image.tmdb.org/t/p/w500/dTYyAszU6NWbmWGvhqLZpZTdS5T.jpg	AnimaciÃ³n, Familia, Comedia, Ciencia ficciÃ³n	7.56	0	0";;
"Lilo and Stitch 2 [2005][1080p][1.8 Gb]	Lilo & Stitch 2: El efecto del defecto	2005	Un adorable alienÃ­gena se adapta a la vida en HawÃ¡i, y todo va como la seda hasta que se le ""cruzan los cables"" y todo se vuelve un caos. Ahora todos tienen que ayudar para salvar a su divertido amigo.	https://image.tmdb.org/t/p/w500/l71VXcph19ZwJr2ZtEFuZA6ZzK5.jpg	AnimaciÃ³n, Familia, Comedia, Ciencia ficciÃ³n	6.7	0	0";;
"Lilo y Stitch - La Serie	Lilo y Stitch	2003 - 2006	Stitch, alias ''Experimento 626'', vive en la Tierra con sus amigos Lilo, Nani y los alienÃ­genas Jumba y Pleakley. Por culpa de una serie de problemas inesperados, los seres resultantes de los otros 625 experimentos van a parar a Hawai. El problema es que algunos de ellos son criaturas especialmente peligrosas. La misiÃ³n de Gantu, que trabaja para el malvado doctor Jacques Von Hamsterviel, es encontrar a los 625 alienÃ­genas, que el doctor quiere utilizar para llevar a cabo sus terrorÃ­ficos planes.	https://image.tmdb.org/t/p/w500/jP84yEbvIxWXIKGFYpfyfQhfMWZ.jpg	AnimaciÃ³n, Familia, Comedia, Action & Adventure, Sci-Fi & Fantasy, Kids	7.422	2	67";;
"Lluvia de Hamburguesas [2009][1080p][3.9 Gb]	Lluvia de albÃ³ndigas	2009	AdaptaciÃ³n del libro homÃ³nimo de Judi Barrett, una parodia animada de los films de catÃ¡strofes, como Armageddon, Twister o Independence Day. El protagonista es Flint, un joven cientÃ­fico que sueÃ±a con inventar algo que le mejore la vida a todos sus vecinos. Tras muchos intentos consigue crear algo que realmente funciona: una mÃ¡quina que hace caer comida del cielo.	https://image.tmdb.org/t/p/w500/cMs3pxK1xjse7fJooGZsWAlrk6Q.jpg	AnimaciÃ³n, Comedia, Familia	6.658	0	0";;
"Lluvia de Hamburguesas 2 - La Venganza de las Sobras [2013][1080p][4.2 Gb]	Lluvia de albÃ³ndigas 2	2013	Flint ya ha conseguido lo que perseguÃ­a desde siempre: ser un reconocido investigador admirado por todos. DespuÃ©s de crear su mÃ¡quina que creaba comida a partir de agua ('Lluvia de albÃ³ndigas 1'), el director de la prestigiosa compaÃ±Ã­a The Live Corp Company y gran investigador, Chester V, ha contratado a Flint para que forme parte de su equipo, formado por los mejores investigadores del mundo. El protagonista estÃ¡ lleno de alegrÃ­a, pero muy a su pesar descubrirÃ¡ que el invento que creÃ³ estÃ¡ dando resultados inesperados y altamente peligrosos. A partir de los restos de comida que caÃ­an del cielo se han creado bestias mutantes de todo tipo (cocodrilos, araÃ±as, chimpacÃ©sâ€¦) que ponen en peligro la seguridad de los humanos. Flint contarÃ¡ con la ayuda de todos sus amigos para poner fin a esta pesadilla.	https://image.tmdb.org/t/p/w500/wLnAUHnQXacLZs1PJnkq0ns0u2y.jpg	AnimaciÃ³n, Familia, Comedia	6.452	0	0";;
"Locos por las Nueces [2014][1080p][2.3 Gb]	OperaciÃ³n Cacahuete	2014	Comedia repleta de acciÃ³n establecida a finales de los aÃ±os 50's en una ficticia Oakton, donde veremos las andanzas de una traviesa ardilla y su compinche rata, quienes planean un atraco a un almacÃ©n de nueces que se les acabarÃ¡ yendo de las manos.	https://image.tmdb.org/t/p/w500/jIXmFMnAGpW5nA1czbtIhSrB9Ey.jpg	AnimaciÃ³n, Comedia, Familia, Aventura	5.864	0	0";;
"Looney Tunes Back in Action [2003][1080p]	Looney Tunes: De nuevo en acciÃ³n	2003	Cansado de que toda la atenciÃ³n vaya a parar a Bugs Bunny, el pato Daffy abandona Hollywood y se une al especialista en doblaje recientemente despedido Bobby Delmont para embarcarse juntos en una aventura. Su misiÃ³n: encontrar un diamante azul desaparecido del padre de Bobby, y permanecer un paso por delante de Bugs Bunny y una ejecutiva del estudio que van tras su pista... Mezcla de personajes de animaciÃ³n de la Warner Bros. -los creados por Chuck Jones- y actores reales, escrita por uno de los responsables de la serie ""Los Simpsons"". (FILMAFFINITY)	https://image.tmdb.org/t/p/w500/6QIy1WUEX4piBh2mXkJAZ6zEU6r.jpg	AnimaciÃ³n, Comedia, Familia	6.363	0	0";;
"LÃ³rax - En Busca de la TrÃºfula [2012][1080p][2 Gb]	Lorax. En busca de la trÃºfula perdida	2012	Un chico se propone conquistar el afecto de la chica de sus sueÃ±os. Para conseguirlo, debe averiguar la historia del Lorax, una encantadora aunque gruÃ±ona criatura que lucha por proteger un mundo en vÃ­as de extinciÃ³n.	https://image.tmdb.org/t/p/w500/b7FMtquHglzxIi938cHIgVQuPx5.jpg	AnimaciÃ³n, Familia	6.527	0	0";;
"Los Pinguinos de Madagascar	Los Pinguinos de Madagascar: Nuevo en el Zoo	2010	En una situaciÃ³n en gran medida independiente de la pelÃ­cula Madagascar, la serie sigue las aventuras de cuatro pingÃ¼inos, Skipper (el lÃ­der del grupo), Kowalski (el inteligente), Private/Cabo (el menor y adorable) y Rico (el experto en armas), en la Ciudad de Nueva York en el ZoolÃ³gico de Central Park. Los pingÃ¼inos llevan sus misiones en su hÃ¡bitat en el Parque Central. Participan Julien, el rey de los lÃ©mures, y sus sÃºbditos Maurice y Mort, sus nuevos vecinos, que constituyen la exhibiciÃ³n de lÃ©mures en el zoolÃ³gico. Ahora los pingÃ¼inos deben mantener las cosas bajo control, a menudo a pesar de las payasadas de los lÃ©mures.	https://image.tmdb.org/t/p/w500/dPuexEohzIiylofuq6y5UwqHZDK.jpg	Familia, AnimaciÃ³n, Comedia, Aventura	7.2	0	0";;
"Los PingÃ¼inos de Madagascar [2014][1080p][3.45 Gb]	Los pingÃ¼inos de Madagascar	2014	Skypper, Kowalsky, Rico y Cabo, los superagentes pingÃ¼inos, tienen que salvar el mundo en una misiÃ³n para la que llevan prepÃ¡randose toda la vida. Dicha misiÃ³n tendrÃ¡n que realizarla junto al denominado equipo ""Viento del norte"", un comando de Ã©lite especializado en salvar animales que no pueden defenderse por si solos.	https://image.tmdb.org/t/p/w500/lEnUxCpQUyntm2eLBzCTv3bfplV.jpg	Familia, AnimaciÃ³n, Aventura, Comedia	6.534	0	0";;
"Los Pitufos	Los pitufos	2011	Gargamel descubre la aldea mÃ¡gica de los Pitufos y provoca con sus malas artes que la abandonen y se dispersen por el bosque. Por desgracia, TontÃ­n se equivoca de camino y, junto con otros pitufos, entrarÃ¡ en una ruta prohibida. La luna azul y un portal mÃ¡gico los transportarÃ¡n a Central Park, en Nueva York. Sin embargo, Gargamel sigue persiguiÃ©ndolos, por lo que los Pitufos buscarÃ¡n refugio en casa de un matrimonio...	https://image.tmdb.org/t/p/w500/ufpzGicM1hZQMzRzTRHAcIQXjXi.jpg	AnimaciÃ³n, Familia, Aventura, Comedia, FantasÃ­a	5.756	0	0";;
"Los Pitufos [2025][1080p][4.6 Gb]	Los pitufos	2011	Gargamel descubre la aldea mÃ¡gica de los Pitufos y provoca con sus malas artes que la abandonen y se dispersen por el bosque. Por desgracia, TontÃ­n se equivoca de camino y, junto con otros pitufos, entrarÃ¡ en una ruta prohibida. La luna azul y un portal mÃ¡gico los transportarÃ¡n a Central Park, en Nueva York. Sin embargo, Gargamel sigue persiguiÃ©ndolos, por lo que los Pitufos buscarÃ¡n refugio en casa de un matrimonio...	https://image.tmdb.org/t/p/w500/ufpzGicM1hZQMzRzTRHAcIQXjXi.jpg	AnimaciÃ³n, Familia, Aventura, Comedia, FantasÃ­a	5.756	0	0";;
"Los Simpson - La pelÃ­cula [2007][1080p][1.4 Gb]	Los Simpson: La pelÃ­cula	2007	Homer debe salvar al mundo de una catÃ¡strofe que Ã©l mismo ha provocado. Todo comienza con Homer, su nueva mascota, un cerdo, y un silo lleno de excrementos que tiene una fuga, una combinaciÃ³n que desencadena un desastre distinto a todo lo que Springfield haya experimentado jamÃ¡s. Mientras Marge estÃ¡ indignada por la monumental metedura de pata de su patÃ¡n marido, una turba vengativa cae sobre el hogar de los Simpson...	https://image.tmdb.org/t/p/w500/d9wHkwF9ttnNKuOoEIStve32jEk.jpg	AnimaciÃ³n, Comedia, Familia	7.023	0	0";;
"Los Simpson - Santa Homero [2024][1080p][1.4 Gb]	(Ho Ho Ho) Santa Homer	2024	Las cosas se tuercen cuando el famoso mentalista britÃ¡nico Derren Brown llega a Springfield, Homer es hipnotizado y se cree Santa Claus, lo que desata una festiva reacciÃ³n en cadena.	https://image.tmdb.org/t/p/w500/q4nny4lnjnLYzN10EvBBRsJComp.jpg	AnimaciÃ³n, Comedia	6.9	0	0";;
"Los Simpsons	Los Simpson: La pelÃ­cula	2007	Homer debe salvar al mundo de una catÃ¡strofe que Ã©l mismo ha provocado. Todo comienza con Homer, su nueva mascota, un cerdo, y un silo lleno de excrementos que tiene una fuga, una combinaciÃ³n que desencadena un desastre distinto a todo lo que Springfield haya experimentado jamÃ¡s. Mientras Marge estÃ¡ indignada por la monumental metedura de pata de su patÃ¡n marido, una turba vengativa cae sobre el hogar de los Simpson...	https://image.tmdb.org/t/p/w500/d9wHkwF9ttnNKuOoEIStve32jEk.jpg	AnimaciÃ³n, Comedia, Familia	7.023	0	0";;
"Love, Death and Robots	Love, Death & Robots	2019 - 2025	Seres terrorÃ­ficos, sorpresas retorcidas y humor negro convergen en esta antologÃ­a de relatos animados para adultos presentada por Tim Miller y David Fincher.	https://image.tmdb.org/t/p/w500/vL5BQvXH96cJzmNK5n7QliQxy90.jpg	AnimaciÃ³n, Sci-Fi & Fantasy	8.209	4	45";;
"Luca [2021][1080p][1.98 Gb]	Luca	2021	Ambientada en un precioso pueblo costero de la Riviera italiana, narra la historia sobre el paso a la edad adulta de un chico que vive un verano inolvidable lleno de helados, pasta e infinitos paseos en scooter. Luca comparte estas aventuras con su nuevo mejor amigo, pero toda la diversiÃ³n se ve amenazada por un secreto muy profundo: Ã©l es un monstruo marino de un mundo que yace bajo la superficie del agua.	https://image.tmdb.org/t/p/w500/pr06RihHOGE3waZQx5fs2WYUdwr.jpg	AnimaciÃ³n, Comedia, Drama, Familia, FantasÃ­a	7.781	0	0";;
"Luck [2022][1080p][3.3 Gb]	Luck	2022	Sam Greenfield es la persona con menos suerte del mundo. Cuando de repente se encuentra en la desconocida Tierra de la Suerte, debe aliarse con los seres mÃ¡gicos que la habitan para que su suerte cambie.	https://image.tmdb.org/t/p/w500/bwlHp4KsAyuEIAtbYs4mxCkrgyx.jpg	AnimaciÃ³n, Aventura, Comedia, FantasÃ­a, Familia	7.716	0	0";;
"Madagascar [2005][1080p][3.03 Gb]	Madagascar	2005	Cuenta la historia de cuatro divertidos animales del zoo de Central Park, Nueva York, (Alex el leÃ³n, Marty la cebra, Gloria la hipopÃ³tamo y Melman la jirafa). Llevan toda su vida encerrados en cautividad sin poder experiemtnar el sabor de la libertad y se han propuesto idear un plan para salir de allÃ­ juntos. Un dÃ­a, una serie de casualidades les llevan a lograr lo que tanto ansiaban y huyen de aquel lugar. Terminan en plena naturaleza, concretamente en la idÃ­lica isla de Madagascar. AllÃ­ descubrirÃ¡n, a base de apasionantes aventuras, que la vida salvaje es muy diferente a lo que ellos pensaban y que vivir en libertad no es tan fÃ¡cil como imaginaban.	https://image.tmdb.org/t/p/w500/zrV5GnfCcLWzyjrFgYTpjQPRMfl.jpg	Aventura, AnimaciÃ³n, Comedia, Familia	6.923	0	0";;
"Madagascar 2 [2008][1080p][3.14 Gb]	Madagascar 2	2008	Abandonados en las lejanas costas de Madagascar, los neoyorquinos han ideado un plan tan loco que hasta podrÃ­a funcionar. Con precisiÃ³n militar, los pingÃ¼inos han reparado un viejo aviÃ³n estrellado. Una vez a bordo, esta improbable tripulaciÃ³n permanece en el aire el tiempo suficiente para aterrizar en el lugar mÃ¡s salvaje de todos: las vastas llanuras de la propia Ãfrica, donde la tripulaciÃ³n se encuentra por primera vez con seres de su propia especie.	https://image.tmdb.org/t/p/w500/zYbvSjajQrb2jU9rUo5Mt06stPd.jpg	Aventura, AnimaciÃ³n, Comedia, Familia	6.529	0	0";;
"Madagascar 3 - Los Fugitivos [2012][1080p][3.49 Gb]	Madagascar 3: De marcha por Europa	2012	Alex el leÃ³n, Marty la cebra, Melman la jirafa y Gloria la hipopÃ³tamo estÃ¡n decididos a regresar como sea al Zoo de Central Park en Nueva York. Tras abandonar Ãfrica, toman un desvÃ­o y emergen, literalmente, en Europa, persiguiendo a los pingÃ¼inos y chimpancÃ©s que se las han arreglado para hacer saltar la banca de un casino de Montecarlo. Pronto, los animales son descubiertos por la capitana Chantel DuBois, una testaruda francesa encargada del control de animales, y a la que no le gusta nada que unos animales del zoo anden sueltos por su ciudad.	https://image.tmdb.org/t/p/w500/8fKTIecTVNURB6CRFjYMypggRL2.jpg	AnimaciÃ³n, Familia, Comedia, Aventura	6.636	0	0";;
"Marvel Zombies	Marvel Zombies: The Movie	2008		https://image.tmdb.org/t/p/w500/vpVE2jeIJRTCCDqjnEugiMw4LOD.jpg	Terror, Aventura	5.0	0	0";;
"Marvelâ€™s Spider-Man	Stan Lee's Mutants, Monsters & Marvels	2002		https://image.tmdb.org/t/p/w500/6rMBWh7iZxmWmLvXt5dW8farQJx.jpg	Documental	6.885	0	0";;
"Megalobox	Megalo Box	2018 - 2021	En una tierra desolada donde la pobreza aguarda en cada esquina, una moto recorre los caminos a toda velocidad dejando tras de sÃ­ una nube de polvo. Sobre ella viaja nuestro protagonista, un hombre sin nombre, sin futuro y sin pasado. Lo Ãºnico que tiene este hombre es su nombre sobre el ring, ""Perro Chatarrero"", y se gana la vida amaÃ±ando combates de MEGALOBOX con su compaÃ±ero.	https://image.tmdb.org/t/p/w500/jJNt35kX7Ovxm3zZqt0eaSzwFxO.jpg	AnimaciÃ³n, Action & Adventure, Drama, Sci-Fi & Fantasy	7.915	2	26";;
"Mi Villano Favorito [2010][1080p][2.21 Gb]	Mi villano favorito presenta: La locura de los minions	2010	Vuelve a visitar ""el mayor villano del mundo"" y su malicioso equipo en Mi villano favorito presenta: la locura de los minions. InÃ©ditas en los cines, estas tres minipelÃ­culas reproducen las siguientes aventuras de los queridos y divertidÃ­simos minions. EntÃ©rate de lo que pasa el ""DÃ­a de OrientaciÃ³n"", cuando los nuevos trabajadores de Gru inician su formaciÃ³n. MÃ¡s tarde todo es un caos en ""Maquillaje Casero"", cuando Margo, Edith y Agnes contratan a los minions para hacer su casa mÃ¡s acogedora para la familia. Finalmente, lo que comienza como un almuerzo normal, se convierte en una batalla campal en ""PlÃ¡tano"". Para que toda tu familia se divierta, Â¡solo necesitas un poco de Locura de los minions!	https://image.tmdb.org/t/p/w500/smQcYI4DiF15HKt9RRpLywoWhnK.jpg	Familia, Aventura, AnimaciÃ³n, Comedia	6.949	0	0";;
"Mi Villano Favorito 2 [2013][1080p][2.60 Gb]	Gru 2. Mi villano favorito	2013	La pelÃ­cula de animaciÃ³n de los estudios Universal, giraba en torno a una apacible y colorida poblaciÃ³n en la que vivÃ­a el malvado Gru. Ayudado por su batallÃ³n de Minions, unos pequeÃ±os seres de color amarillo, intentaron robar la Luna, aunque no todo acabÃ³ como esperaban. Tres niÃ±as curiosas y algo traviesas se cruzaron en su camino, entorpeciÃ©ndole todos sus planes y conviertiendo su objetivo en una alocada hazaÃ±a interestelar.  Ahora, 'Gru, mi villano favorito 2', narra una nueva aventura en la que Gru volverÃ¡ a estar acompaÃ±ado de simpÃ¡ticos humanoides.	https://image.tmdb.org/t/p/w500/hhksXOBVJ6Mu2BwAFgPJwZxNisd.jpg	AnimaciÃ³n, Comedia, Familia	6.946	0	0";;
"Mi Villano Favorito 3 [2017][1080p][3.15 Gb]	Gru 3. Mi villano favorito	2017	A Gru lo han despedido. Se ha quedado sin trabajo porque ha dejado escapar al supervillano Balthazar Bratt, estrella infantil de los aÃ±os 80 que con la llegada de la pubertad lo perdiÃ³ todo y ha estado creando el caos en todo el planeta.  AdemÃ¡s, Gru va a conocer a su hermano gemelo Dru y tendrÃ¡ que decidir si estÃ¡ listo para continuar la tradiciÃ³n familiar de dedicarse al crimen, y unirse a el para llevar a cabo un Ãºltimo golpe. Aunque ha dejado esa vida atrÃ¡sâ€¦ Â¿volverÃ¡ a convertirse Gru en un villano?	https://image.tmdb.org/t/p/w500/mz3zTmsnySgFWGc3ZsBbCQbalut.jpg	AcciÃ³n, AnimaciÃ³n, Comedia, Familia, Aventura	6.468	0	0";;
"Mi villano favorito 4 [2024][1080p][2 83 Gb]	Gru 4. Mi villano favorito	2024	Gru, Lucy y las niÃ±as -Margo, Edith y Agnes- dan la bienvenida a un nuevo miembro en la familia: Gru Junior, que parece llegar con el propÃ³sito de ser un suplicio para su padre. Gru tendrÃ¡ que enfrentarse en esta ocasiÃ³n a su nueva nÃ©mesis Maxime Le Mal y su sofisticada y malÃ©vola novia Valentina, lo que obligarÃ¡ a la familia a tener que darse a la fuga. Cuarta entrega de 'Gru, mi villano favorito'.	https://image.tmdb.org/t/p/w500/b6JX0fBne5yPFNBtdp4Imi3CpiE.jpg	AcciÃ³n, AnimaciÃ³n, Comedia, Familia, Ciencia ficciÃ³n	6.987	0	0";;
"Mickey, Donald y Goofy- Los Tres Mosqueteros [2004][720p][500 Mb]	Mickey, Donald y Goofy: Los tres mosqueteros	2004	Mickey, Donald y Goofy, son unos humildes limpiadores que sueÃ±an con llegar a ser mosqueteros. Sus vidas darÃ¡n un vuelco cuando Pete Pata Palo, capitÃ¡n de los mosqueteros, y su siniestro lugarteniente Clarabelle les utilizan en una malvada conspiraciÃ³n para destronar a la Princesa Minnie. Pero Mickey y sus amigos tienen preparada una sorpresa para Pete. AprenderÃ¡n, ademÃ¡s, que el trabajo en equipo y la amistad pueden conseguirlo todo.	https://image.tmdb.org/t/p/w500/5Ksryc9HHjSikRJNaX4LvBThROS.jpg	Aventura, AnimaciÃ³n, Comedia, Familia	6.73	0	0";;
"Migration [2023][1080p][2.36 Gb]	Migration	2023		https://image.tmdb.org/t/p/w500/lmbAvzkIyC595wKiCwkIqshc2jG.jpg	AnimaciÃ³n	0.0	0	0";;
"Mike Judgeâ€™s Beavis and Butt-Head	Mike Judge's Beavis and Butt-Head	2022 - 2025	Dos fanÃ¡ticos adolescentes de la mÃºsica heavy metal ocasionalmente hacen cosas idiotas porque estÃ¡n aburridos. Para ellos, todo es ""cool"" o ""apesta"".	https://image.tmdb.org/t/p/w500/75am8jsmRHHcpIPkm4RyrMn851A.jpg	AnimaciÃ³n, Comedia	7.9	3	71";;
"Minions - The Rise of Gru [2022][1080p][1.86 Gb]	Minions: El origen de Gru	2022	En los aÃ±os 70, Gru crece siendo un gran admirador de ""Los salvajes seis"", un supergrupo de villanos. Para demostrarles que puede ser malvado, diseÃ±a un plan con la esperanza de formar parte de la banda.	https://image.tmdb.org/t/p/w500/fzwG3cukayxKpCK0lqS1jkSBqJk.jpg	Comedia, Crimen, Ciencia ficciÃ³n, AnimaciÃ³n, Familia	7.267	0	0";;
"Minions [2015][1080p][3.43 Gb]	Minions: Cro Minion	2015	Dos Minions deben cuidar a un bebe Neardental	https://image.tmdb.org/t/p/w500/4anQDTxSgXmKddSRLNEJs9IMoFV.jpg	AnimaciÃ³n, Familia	7.079	0	0";;
"Miraculous - Tales of Ladybug and Cat Noir	Miraculous : Les Aventures de Ladybug et Chat Noir	2025		https://image.tmdb.org/t/p/w500/odXGnbvJXnzK3LckgvqQOjDLvRr.jpg	AnimaciÃ³n, AcciÃ³n, Aventura	5.2	0	0";;
"Miraculous World - New York, United HeroeZ [2020][1080p][1.3 Gb]	Mundo Prodigiosa: Las aventuras de Ladybug en Nueva York	2020	Ladybug al lado de sus amigos, son enviados a la universidad de Nueva York con una finalidad, celebrar la Semana de la Amistad Franco-Americana, pero no cuentan con que se toparÃ¡n con superhÃ©roes estadounidenses que les cambiarÃ¡n la estadÃ­a.	https://image.tmdb.org/t/p/w500/mFoxoluhrUYHJNIfE1j1ZikdLeo.jpg	AnimaciÃ³n, Familia, AcciÃ³n, Aventura, PelÃ­cula de TV	8.089	0	0";;
"Miraculous World Shanghai The Legend of Ladydragon (2021)	Miraculous World:  ShanghÃ¡i, la leyenda de Ladydragon	2021	Para unirse a Adrien en Shanghai, Marinette va a visitar a su tÃ­o Wang, quien celebra su cumpleaÃ±os. Pero tan pronto como llega a China, Â¡le roban su bolso con Tikki!, lo que no le permite convertirse en una Ladybug en secreto! Privada y sola en la gran ciudad, Marinette acepta la ayuda de una joven muy ingeniosa, Fei. Las dos chicas se harÃ¡n amigas y descubrirÃ¡n la existencia de una nueva joya mÃ¡gica, los Prodigios, que Hawk Moth, tambiÃ©n presente en Shanghai, ha estado buscando durante mucho tiempo...	https://image.tmdb.org/t/p/w500/r6zthVPVoq1urTOsLgofPGel89d.jpg	AnimaciÃ³n, Familia, AcciÃ³n, Aventura, FantasÃ­a	7.913	0	0";;
"Moana - Un Mar De Aventuras [2016][1080p][3.57 Gb]	Vaiana	2016	Una gran aventura acerca de una enÃ©rgica adolescente que se embarca en una misiÃ³n audaz para salvar a su pueblo de una antigua y misteriosa amenaza, en un viaje de autodescubrimiento. La acompaÃ±arÃ¡ el arrogante semidiÃ³s Maui, quien la guiarÃ¡ en su travesÃ­a por el ocÃ©ano en un viaje lleno de acciÃ³n, plagado de temibles criaturas e imposibles desafÃ­os para restaurar el orden perdido.	https://image.tmdb.org/t/p/w500/y6wkgEH1gTWAafH9Bc7cNNut0Kf.jpg	Aventura, Comedia, Familia, AnimaciÃ³n	7.566	0	0";;
"Moana 2 [2024][1080p][3.60 Gb]	Vaiana 2	2024	Tras recibir una inesperada llamada de sus antepasados, Vaiana debe viajar a los lejanos mares de OceanÃ­a y adentrarse en peligrosas aguas perdidas para vivir una aventura sin precedentes.	https://image.tmdb.org/t/p/w500/bit1B5F7IQydiWqdwAAD8f9TkXs.jpg	Aventura, AnimaciÃ³n, Comedia, Familia, FantasÃ­a	7.0	0	0";;
"Monster High - Guerra de colmillos [2011][720p][400 Mb]	Monster High: Â¡Guerra de Colmillos!	2011	Â¡Mira lo que pasa cuando la directora de Monster High decide aceptar como alumnos a los vampiros del Instituto MurciÃ©lago y a los hombres lobo del Instituto Luna Nueva!	https://image.tmdb.org/t/p/w500/2rDjqiJwqNd4NpnkUTpHfYQbu85.jpg	Familia, AnimaciÃ³n, FantasÃ­a	6.7	0	0";;
"Monster High Escape De La Isla Calavera [2012][720p][640 Mb]	Monster High: Espantada de Isla Calavera	2012	Las chicas y Gil, deciden ir a tomar unas divertidas vacaciones en la Gran barrera de Coral, pero las cosas empeoran cuando el Kraken rompe su yate y son salvados por el malvado Sr. Farnoom, quien las lleva a la isla Calavera, con la intenciÃ³n de atrapar a una mÃ­tica Bestia que ronda por esa isla.	https://image.tmdb.org/t/p/w500/54vyM2EUz0iCTcMPhISBjxKx2K6.jpg	AnimaciÃ³n, Familia, FantasÃ­a	7.716	0	0";;
"Monster High Fantasmagoricas [2015][1080p][3.40 Gb]	Monster High: FantasmagÃ³ricas	2015	Esta vez las monstruitas se transforman en fantasmas para descubrir por quÃ© Monster High estÃ¡ embrujado. Cuando las monstruitas viajan junto a su monstruo-amiga fantasma Spectra Vondergeist al Instituto FantasmagÃ³rico, descubren el mundo paralelo de los fantasmas y se dan cuenta de que la aterradora Directora MasallÃ¡ ha castigado y encadenado a sus alumnos. Â¿PodrÃ¡n las monstruitas desenterrar los misterios del embrujo de Monster High y del Instituto FantasmagÃ³rico?	https://image.tmdb.org/t/p/w500/mOzpgvJ9Wo3Vczwh4b29JNylXZl.jpg	AnimaciÃ³n, Familia, FantasÃ­a	7.465	0	0";;
"Monster High Freaky Fusion [2014][720p][600 Mb]	Monster High: FusiÃ³n monstruosa	2014	Al intentar ayudar a Frankie a aprender mÃ¡s acerca de su legado electrizante, las monstruo-amigas viajan en el tiempo hasta el primer dÃ­a de Monster High hace doscientos aÃ±os. AllÃ­ conocen a Sparky, un adolescente de miedo con una obsesiÃ³n por la creaciÃ³n de vida.	https://image.tmdb.org/t/p/w500/iM0fJpiYF8Ph29ccUOCjpN32YeX.jpg	AnimaciÃ³n	7.738	0	0";;
"Monster High Friday Night Frights [2012][720p][700 Mb]	Monster High: Viernes de patinaje terrorÃ­fico	2012	Todos en el insti estÃ¡n como locos con la participaciÃ³n de Monster High en el campeonato mÃ¡s monstruoso de todos. Cuando Clawd y Deuce se lesionan misteriosamente, Frankie convence a las monstruoamigas para que representen al insti en la competiciÃ³n.	https://image.tmdb.org/t/p/w500/zkZ2uB1KfYIcAn8dEL44WId9x7x.jpg	AnimaciÃ³n, Familia	7.771	0	0";;
"Monster High Frights Camera Action [2014][720p][810 MB]	Monster High: Â¡Monstruos! Â¡CÃ¡mara! Â¡AcciÃ³n!	2014	Cuando Draculaura recibe la noticia de que es la legÃ­tima heredera del trono vampÃ­rico, ella y sus fantasmales amigas hacen una escapada de muerte a Transilvania para la coronaciÃ³n real. Pero pronto descubren que la bÃºsqueda de la reina aÃºn no ha acabado. Las monstruitas han de encontrar un antiguo objeto conocido como el CorazÃ³n del Vampiro para descubrir la identidad de la verdadera Reina de los Vampiros. Se trata de una mordedora aventura que las llevarÃ¡ de la Torre de Londorrores, a un barco encantado de Nueva Ogrorleans y finalmente a los elegantes estudios Zombiwood. Â¿PodrÃ­a ser este el momento en que Draculaura finalmente recibiera sus poderes vampÃ­ricos y descubriera que las pesadillas en verdad pueden convertirse en reales?	https://image.tmdb.org/t/p/w500/5cO6rfT9n2DsyTJ0RFlSaHe9E80.jpg	Familia, AnimaciÃ³n, FantasÃ­a	7.497	0	0";;
"Monster High Ghouls Rule [2012][720p][620 Mb]	Monster High: Una fiesta divina de la muerte	2012	Monster High: Una Fiesta Divina de la Muerte desentierra un antiguo conflicto entre normis y monstruos... Â¡y las cosas se ponen terrorÃ­fi cas! Durante aÃ±os, a los alumnos de Monster High se les ha advertido de que en la noche de Halloween hay que quedarse en casa y evitar problemas a toda costa. Pero Frankie y sus amigos descubren que, hace tiempo, a los monstruos y a los normis les encantaba divertirse juntos la noche de Halloween, asÃ­ que deciden dar marcha a trÃ¡s alreloj y dedicar la noche a celebrar su individualidad y demostrar que ser ellos mismos es lo mejor que pueden hacer.	https://image.tmdb.org/t/p/w500/VE66M4P4tSUO1cTzqvF0Nm7B5K.jpg	AnimaciÃ³n, Familia	6.892	0	0";;
"Monster High Scaris, City of Frights [2013][1080p][450 Mb]	Monster High: Scaris, Â¡un viaje monstruosamente ""fashion""!	2013	En Scaris, un viaje monstruosamente fashion, Clawdeen Wolf tiene la oportunidad de ganar un concurso para ser aprendiz de la famosÃ­sima diseÃ±adora de moda Moanatela Ghostier. Pero no quiere ser la Ãºnica en disfrutar de la ciudad mÃ¡s mostruosamente fashion del mundo, asÃ­ que se va con sus amigas hacia Scaris.  Durante el viaje hacen dos nuevas amigas: Skelita Calaveras y Jinafire Long, quienes, gracias a su asombroso estilo, pronto conectan con las chicas de Monster High. Una vez en Scaris, descubrirÃ¡n que no todo es tan fashion como lo pintanâ€¦	https://image.tmdb.org/t/p/w500/g2MKbvuNsUGYBiJNZKLohY8wDTS.jpg	AnimaciÃ³n, FantasÃ­a	7.829	0	0";;
"Monster High Why Do Ghouls Fall in Love [2011][720p][650 Mb]	Monster High: Un romance monstruoso	2012	Primer especial en 3D, relata la historia de los Dulces 1600 aÃ±os de Draculaura, as cosas empeoran cuando recibe la visita de Su ex-novio ValentÃ­n, un vampiro de mala sangre, que viene con la intenciÃ³n de robarle su corazÃ³n. La lÃ­nea ""Dulces 1600"" estÃ¡ ligada a esta pelÃ­cula.	https://image.tmdb.org/t/p/w500/hpK8Vvp90BA6gRliBbO59lSENS5.jpg	FantasÃ­a, AnimaciÃ³n	8.0	0	0";;
"Monster Hunter Legends of the Guild	Monster Hunter: Leyendas del gremio	2021	En un mundo en el que los humanos y unos temibles monstruos conviven en un tenso equilibrio, el joven cazador Aiden lucha para salvar a su aldea del ataque de un dragÃ³n.	https://image.tmdb.org/t/p/w500/78FhiPAQCO3MnA3fxFzqTd3vU1U.jpg	AnimaciÃ³n, Aventura, AcciÃ³n, FantasÃ­a	5.7	0	0";;
"Monsters at Work	Monstruos a la obra	2021 - 2024	Tylor Tuskmon se ha graduado en Monstruos University como mejor alumno de su promociÃ³n y se incorpora a Monstruos S. A. para cumplir su sueÃ±o de trabajar como asustador... o no. En su primer dÃ­a allÃ­, se entera de que ya no buscan asustadores, sino bromistas, y lo reasignan temporalmente al departamento de Mantenimiento de Instalaciones Fijas y Temporales. Este cambio da al traste con los planes de Tylor, pero Ã©l se fija una nueva meta: convertirse en bromista.	https://image.tmdb.org/t/p/w500/gbV7pBAhyf1Z2YDHBR2kwYrFiQV.jpg	Familia, Comedia, AnimaciÃ³n	7.2	2	20";;
"Monsters University [2013][1080p][2.04 Gb]	Monstruos University	2013	Desde que era pequeÃ±o, Mike Wazowski ha soÃ±ado con ser asustador y sabe que los mejores asustadores estudian en Monstruos University (MU). Pero durante su primer semestre en MU, los planes de Mike se desmoronan cuando se cruza con el listillo de James P. Sullivan, un asustador nato. El descontrolado espÃ­ritu competitivo de la pareja hace que los dos sean expulsados del programa de asustadores de la Universidad. Entonces se dan cuenta de que si quieren cumplir sus sueÃ±os, tienen que trabajar en equipo junto con un grupo de monstruos marginados.	https://image.tmdb.org/t/p/w500/jbqWAQOFo1LZTIG6rzlRFkZlIH5.jpg	AnimaciÃ³n, Familia	7.051	0	0";;
"Monsters, Inc [2001][1080p][2.20 Gb]	Monstruos, S.A.	2001	Monsters Inc. es la mayor empresa de miedo del mundo, y James P. Sullivan es uno de sus mejores empleados. Asustar a los niÃ±os no es un trabajo fÃ¡cil, ya que todos creen que los niÃ±os son tÃ³xicos y no pueden tener contacto con ellos. Pero un dÃ­a una niÃ±a se cuela sin querer en la empresa, provocando el caos.	https://image.tmdb.org/t/p/w500/g3SgHEb5ej2MioGfYLrZVshF909.jpg	AnimaciÃ³n, Comedia, Familia, FantasÃ­a	7.851	0	0";;
"Mortal Kombat Legends - Cage Match	Mortal Kombat Legends - Demonios y Ãngeles	2023	En el Hollywood de la dÃ©cada de 1980, el actor de artes marciales Johnny Cage busca a su coprotagonista desaparecido en medio de un Los Ãngeles lleno de luchadores sedientos de sangre.	https://image.tmdb.org/t/p/w500/4rcPUwkY51UL4f2JAzcKV1Ny8Oy.jpg	AnimaciÃ³n, AcciÃ³n, FantasÃ­a	6.776	0	0";;
"Mr Peabody and Sherman [2014][720p][1.35 Gb]	Las aventuras de Peabody y Sherman	2014	Los personajes de la serie animada de los 60 The Rocky &amp";" Bullwinkle Show, Mr. Peabody y Sherman, se cuelan en la gran pantalla adquiriendo una nueva dimensiÃ³n 3D.  En esta ocasiÃ³n el perro parlante mÃ¡s inteligente del mundo, Mr. Peabody y su mascota Sherman, un enÃ©rgico niÃ±o bastante ingenuo, se adentrarÃ¡n en nueva una aventura determinante en el curso de la historia universal. Cuando Sherman desastrosamente averÃ­a la mÃ¡quina del tiempo, la peculiar pareja se ve obligada a recomponer los hechos y arreglar la mÃ¡quina antes de que sea demasiado tarde y el continuo espacio-tiempo se destruya afectando irreparablemente a nuestra existencia.	https://image.tmdb.org/t/p/w500/jslyF6EUJcU47cGhY2zc1S8TmLx.jpg	AnimaciÃ³n, Ciencia ficciÃ³n, Comedia, Aventura, Familia	6.73	0	0";
"Mulan [1998][1080p][1.83 Gb]	Mulan	1998		https://image.tmdb.org/t/p/w500/jHnwgGWfNs8QqK0fWoRgaidn2nI.jpg	AnimaciÃ³n, Familia, Aventura, BÃ©lica	7.5	0	0";;
"Mulan 2 [2004][1080p][1.69 Gb]	MulÃ¡n 2	2004	La leyenda de MulÃ¡n continÃºa en esta nueva aventura. La bella y valiente heroÃ­na MulÃ¡n, siempre acompaÃ±ada por su dragÃ³n guardiÃ¡n, Mushu y sus nuevos amigos, recibe la noticia mÃ¡s emocionante de su vida cuando el General Shang pide su mano en matrimonio, pero las sorpresas acaban de comenzar... El travieso Mushu intentarÃ¡ separar a la feliz pareja durante el tiempo que sea posible para mantener asÃ­ su trabajo como dragÃ³n guardiÃ¡n. AdemÃ¡s Mulan y Shang tendrÃ¡n que escoltar por toda China a tres princesas que se dirigen a celebrar sus respectivos matrimonios, previamente concertados. Cuando Mulan descubre que ninguna de ellas desea estos matrimonios tomarÃ¡ una decisiÃ³n que cambiarÃ¡ el curso de la historia.	https://image.tmdb.org/t/p/w500/lQbZiWh4ZDSd2co0FMz8U3LGvL7.jpg	AnimaciÃ³n, Comedia, Familia, AcciÃ³n	6.525	0	0";;
"Mundo Miraculous ParÃ­s, las aventuras de Shadybug y Claw Noir (2023)	Miraculous World: ParÃ­s, las aventuras de Shadybug y Claw Noir	2023	En esta intrigante trama, los superhÃ©roes Ladybug y Cat Noir se enfrentan a un sorprendente descubrimiento: la existencia de un universo paralelo donde la realidad que conocen se ve invertida. En este mundo alternativo, los portadores de los Prodigios de la mariquita y el gato, normalmente hÃ©roes, son los villanos. Por otro lado, el portador del Prodigio de la mariposa, usualmente un antagonista en su mundo, emerge como el hÃ©roe. Este descubrimiento lleva a Ladybug y Cat Noir a una serie de aventuras y desafÃ­os mientras navegan por esta realidad distorsionada, cuestionando sus identidades y roles como superhÃ©roes y enfrentÃ¡ndose a la complejidad de bien y mal en un contexto completamente nuevo.	https://image.tmdb.org/t/p/w500/A7YDBDf9z1jvORT3omeD01Ez47S.jpg	AnimaciÃ³n, Familia, AcciÃ³n, Aventura, FantasÃ­a	7.3	0	0";;
"Ne Zha [2019][1080p][2.5 Gb]	Ne Zha	2019	Nezha, nacido de una perla celestial con poderes Ãºnicos, pronto se encontrarÃ¡ exiliado, odiado y temido por la gente que cree en una profecÃ­a que indica que Ã©l traerÃ¡ la destrucciÃ³n del mundo. LlegarÃ¡ el momento en el que deberÃ¡ decidir entre el bien y el mal con el propÃ³sito de romper los grilletes del destino y convertirse en un hÃ©roe. PelÃ­cula inspirada muy libremente en ""Fengshen Yanyi"" (""La Investidura de los Dioses""), una de las grandes novelas chinas escritas en la DinastÃ­a Ming cuya autorÃ­a se atribuye a Xu Zhonglin o Lu Xixing.	https://image.tmdb.org/t/p/w500/8TpbaMAjrYm2iFB3LCTcVInwhdS.jpg	AnimaciÃ³n, FantasÃ­a, Aventura	7.9	0	0";;
"Ne Zha 2 [2025][1080p][3.5 Gb]	Ne Zha 2	2025	Cuando los cuerpos de los dos amigos, Aobing y Nezha, estÃ¡n a punto de ser destruidos, se les permite que sus almas sigan existiendo. Su maestro, Taiyi Zhenren, restaura sus cuerpos con la ayuda de una flor de loto. DespuÃ©s de esto, Nezha parte en busca de enfrentar al Rey DragÃ³n del Mar del Este, Ao Guang.	https://image.tmdb.org/t/p/w500/jz5sGlPGf0cWZ0uJPDc8cSjjFcZ.jpg	AnimaciÃ³n, AcciÃ³n, FantasÃ­a, Aventura	8.168	0	0";;
"Next Avengers - Heroes of Tomorrow [2008][1080p][2.8 Gb]	Nuevos Vengadores: Heroes del maÃ±ana	2008	Cada vez que las fuerzas del mal amenazaron a la Humanidad, los mayores hÃ©roes de la Tierra, Los Vengadores, estaban allÃ­ para pararles, hasta que realizaron el sacrificio definitivo en su lucha final contra el robot indestructible Ultron. Pero todo no estaba perdido para Tony Stark (Iron Man), quien mantuvo a salvo a los hijos de Los Vengadores y los educÃ³ para convertirse en los hÃ©roes adolescentes del maÃ±ana.	https://image.tmdb.org/t/p/w500/1y4J9HZJoTIMdt77wCq80uXaQJ.jpg	AnimaciÃ³n, Familia, AcciÃ³n, Aventura, Ciencia ficciÃ³n	7.0	0	0";;
"Nezha - El renacer de un dios [2021][1080p][3.4 Gb]	Nezha: El renacer de un dios	2021	La historia tiene lugar tres mil aÃ±os despuÃ©s de ""Nezha nao hai"". Nezha nace de nuevo Â¿QuÃ© desafÃ­os enfrentarÃ¡ en esta vida? Un nuevo superhÃ©roe estÃ¡ naciendo en silencio...	https://image.tmdb.org/t/p/w500/bPj2YRLOnYtY7dQCZl3hHef9PZA.jpg	AnimaciÃ³n, FantasÃ­a, AcciÃ³n	8.063	0	0";;
"Nimona (2023) [1080p]	Nimona	2023	Un caballero acusado de un trÃ¡gico crimen se alÃ­a con una peleona joven metamorfa para demostrar su inocencia. Pero Â¿podrÃ­a ser ella el monstruo al que jurÃ³ destruir?	https://image.tmdb.org/t/p/w500/oWRY8HRXI1DVWB7rNvpmFWwSnCC.jpg	AnimaciÃ³n, Familia, FantasÃ­a, Aventura, Ciencia ficciÃ³n, AcciÃ³n	7.85	0	0";;
"Number 9 [2009][1080p][2.56 Gb]	NÃºmero 9	2009	Aventura post-apocalÃ­ptica protagonizada por nueve muÃ±ecos de trapo que deberÃ¡n enfrentarse a unas mÃ¡quinas gigantes si quieren preservar el futuro de la civilizaciÃ³n. La historia transcurre en un futuro muy prÃ³ximo. El invento conocido como la Gran MÃ¡quina activa y aporta energÃ­a a las mÃ¡quinas que se han alzado contra la raza humana, diezmando a la poblaciÃ³n, antes de empezar a apagarse. El mundo pronto quedarÃ¡ destruido, pero un grupo de pequeÃ±os seres intenta salvar lo poco que queda de la civilizaciÃ³n.	https://image.tmdb.org/t/p/w500/hRzsKmr3NxRIbKwr4myGKylMaXB.jpg	AcciÃ³n, Aventura, AnimaciÃ³n, Ciencia ficciÃ³n, Suspense	6.954	0	0";;
"Onward [2020][1080p][1.63 Gb]	Onward	2020	Ambientado en un mundo de fantasÃ­a suburbana, dos hermanos elfos adolescentes, Ian y Barley Lightfood, se embarcan en una aventura en la que se proponen descubrir si existe aÃºn algo de magia en el mundo que les permita pasar un Ãºltimo dÃ­a con su padre, que falleciÃ³ cuando ellos eran aÃºn muy pequeÃ±os como para poder recordarlo.	https://image.tmdb.org/t/p/w500/tHWeWBBOlkPYdlZcjSKeToQvgZg.jpg	Aventura, AnimaciÃ³n, Comedia, Familia, FantasÃ­a	7.6	0	0";;
"Ooops! Noah is Gone [2015][1080p][3.3 Gb]	Â¡Upsss! Â¿DÃ³nde estÃ¡ NoÃ©...?	2015	Es el fin del mundo. Un diluvio llega. Por suerte para Dave y su hijo Finny, un par de torpes Nestrians, se ha construido un Arca para salvar a todos los animales. Pero resulta que no se admiten Nestrians. Abordan furtivamente con la ayuda involuntaria de Hazel y su hija Leah, dos Grymps, creen que estÃ¡n a salvo. Finny y Leah tienen que intentar sobrevivir a la inundaciÃ³n y a los depredadores hambrientos y tratar de llegar a la cima de una montaÃ±a , mientras que Dave y Hazel deben dejar de lado sus diferencias.	https://image.tmdb.org/t/p/w500/thXBQpTEW24Zk98kURviovBMROJ.jpg	AnimaciÃ³n, Aventura, Comedia, Familia	6.402	0	0";;
"Ooops! The Adventure Continues [2020][1080p][3.2 Gb]	Â¡Upsss! 2 Â¿Y ahora dÃ³nde estÃ¡ NoÃ©?	2020	La luna de miel ha terminado ... Â¡CÃ³mo disfrutamos la fiesta cuando nuestros anfibios amigos Nestria descubrieron su increÃ­ble agilidad reciÃ©n descubierta bajo el agua! Pero, cuando volvemos a visitar a nuestros curiosos y adorables amigos, la supervivencia de todo el reino animal vuelve a estar en juego. En medio de la perspectiva de una nueva tierra en la que vivir y prosperar, sin mencionar los recursos alimenticios en constante disminuciÃ³n, el estado de Ã¡nimo a bordo del Arca estÃ¡ cargado de tensiones crecientes, que regularmente se desbordan en la ira del Arca. La frÃ¡gil paz se rompe con frecuencia con el consiguiente caos general. Â¿CÃ³mo pueden ayudar nuestros hÃ©roes inverosÃ­miles? Â¿Y quÃ© hay debajo de Finny en un ocÃ©ano de posibilidades cuando literalmente cae en una nueva compaÃ±Ã­a bastante sorprendente?	https://image.tmdb.org/t/p/w500/87YGfUYwM4mI2ITWzsHxxBDbOiy.jpg	AnimaciÃ³n, Aventura, Comedia, Familia	7.6	0	0";;
"Open Season 1 - Amigos Salvajes [2006][1080p][2.6 Gb]	Colegas en el bosque	2006	Boog, un oso pardo nada habilidoso, vive en un mundo perfecto en el tranquilo pueblo de Timberline hasta que conoce a Elliot, un flacucho, salvaje y parlanchÃ­n ciervo. A pesar de su mejor juicio, Boog libera a Elliot del cazador Shaw y Boog es convencido por este ciervo de salir de su cÃ³moda vida para conocer el bosque. AsÃ­ regresan los dos busca-problemas a la vida salvaje justo 3 dÃ­as antes de la temporada de caza. Con la temporada de caza y Shaw sobre ellos, Boog y Elliot deberÃ¡n aprender a trabajar juntos y unir a las criaturas del bosque para librar una ruda batalla y cazar a los cazadores.	https://image.tmdb.org/t/p/w500/q4xkxD6wcybrwn4dDS2cTczCcBA.jpg	AnimaciÃ³n, Familia, Aventura, Comedia	6.193	0	0";;
"Open Season 2 - Amigos Salvajes 2 [2008][1080p][2.5 Gb]	Colegas en el bosque 2	2008	Tras enamorarse de la cabeza a los pies de Giselle, el camino de Elliot hacia el altar toma un ligero cambio de rumbo cuando Mr. Weenie es secuestrado por un grupo de mascotas que tienen la idea de devolverlo a sus dueÃ±os. Boog, Elliot, McSquizzy, Buddy  y el resto de las criaturas del bosque se aventuran en una misiÃ³n de rescate del perro salchicha y pronto se encontrarÃ¡n en campo enemigo: el mundo de las mascotas. Liderados por un poodle llamado Fifi, las mascotas no piensan dejar a Mr. Weenie irse sin pelea.	https://image.tmdb.org/t/p/w500/nbppDvunl6Mn8NAxYSHMPp3qkNo.jpg	Aventura, AnimaciÃ³n, Comedia, Familia	5.876	0	0";;
"Open Season 3 - MÃ¡s Salvajes que Nunca [2010][1080p][2.36 Gb]	Colegas en el bosque 3	2010	Boog, Elliot y todos sus amigos del bosque viven una nueva aventura";" la mÃ¡s divertida y peluda de todas las aventuras y esta vez, Â¡en un circo! Como sus amigos no pueden ir al viaje anual ""sÃ³lo para chicos"", Boog decide viajar por su cuenta. Y al encontrarse con un circo itinerante, Boog se hace pasar por un oso pardo que se le parece mucho y le sustituye en su actuaciÃ³n circense. Pero cuando el circo decide volver a Rusia, Elliot, McSquizzy, Mr. Weenie y el resto de la pandilla se embarcan en una carrera contrarreloj para rescatar a Boog Â¡antes de que sea demasiado tarde! Tercera entrega de la saga Colegas en el bosque, que como la segunda serÃ¡ lanzada directamente al mercado domÃ©stico.	https://image.tmdb.org/t/p/w500/dsyE1tkdMO5Pcncj4jxS1CqX8Af.jpg	Aventura, AnimaciÃ³n, Familia, Comedia, PelÃ­cula de TV	5.68	0	0";
"Orion and the Dark [2024][1080p][2.07 Gb]	OriÃ³n y la oscuridad	2024	Un niÃ±o muy imaginativo se enfrenta a sus miedos en un viaje inolvidable por la noche con su nuevo amigo Oscuridad, un ser enorme y sonriente.	https://image.tmdb.org/t/p/w500/6cpb2IP2c8gEbS2E2VfLKfx04cP.jpg	AnimaciÃ³n, Familia, Comedia, FantasÃ­a, Aventura	6.526	0	0";;
"Over the Moon [2020][1080p][4.47 Gb]	MÃ¡s allÃ¡ de la Luna	2020	Fei Fei, inspirÃ¡ndose en los recuerdos de su madre, decide construir un cohete para viajar a la Luna y demostrar la existencia de una diosa legendaria que vive allÃ­.	https://image.tmdb.org/t/p/w500/u7wYZzjhBzhfS6QsvrjVKi7v0MO.jpg	AnimaciÃ³n, Aventura, Familia, FantasÃ­a	7.179	0	0";;
"Padre de Familia	Padre de familia presenta: Stewie Griffin. La historia jamÃ¡s contada	2005	La pelÃ­cula empieza con el estreno de la misma pelÃ­cula, una noticia contada por Tom Tucker y Diane Siemmons (periodistas de los noticieros habituales de Quahog), y con la visita de todos los ""actores"" de la pelÃ­cula, la familia Griffin. La historia se centra en Stewie, que al ver en la televisiÃ³n un hombre parecido a Ã©l, a quien apoda ""mi otro yo"", quien en principio supone que es su padre real, rechazando a Peter. Stewie decide ir a buscar a este seÃ±or, y emprende la bÃºsqueda junto a Brian.	https://image.tmdb.org/t/p/w500/pgbMydwYuHlGcaASQMA963qpSH3.jpg	Aventura, AnimaciÃ³n, Comedia	6.9	0	0";;
"Patti y la furia de PoseidÃ³n [2022][1080p][4.75 Gb]	Patti y la furia de PoseidÃ³n	2023	La vida transcurre en paz en Yolcos, una hermosa y prÃ³spera ciudad portuaria de la antigua Grecia, cuando la poblaciÃ³n se ve amenazada por la ira de PoseidÃ³n. Una ratoncita y el gato que la adoptÃ³ ayudarÃ¡n sin darse cuenta al viejo Jason y sus Argonautas en su plan para salvar la ciudad. Pero la operaciÃ³n les llevarÃ¡ a enfrentarse a las criaturas mÃ¡s peligrosas de la mitologÃ­a.	https://image.tmdb.org/t/p/w500/f3QemFwJ21q7N25qJXiB96sWQ5s.jpg	AnimaciÃ³n, Aventura, FantasÃ­a, Familia, Comedia	6.8	0	0";;
"PAW Patrol - La sÃºper pelÃ­cula [2023][1080p][2.17 Gb]	La Patrulla Canina: La superpelÃ­cula	2023	Cuando un meteorito mÃ¡gico se estrella en Ciudad Aventura, los cachorros de la Patrulla Canina consiguen unos superpoderes que los transforman en Â¡Los PODEROSOS CACHORROS! Para Skye, la mÃ¡s pequeÃ±a del equipo, sus nuevos poderes son un sueÃ±o hecho realidad. Pero las cosas se complican cuando Humdinger, el archienemigo de los cachorros que acaba de fugarse de la cÃ¡rcel, se une a Victoria Vance, una desquiciada cientÃ­fica obsesionada con los meteoritos, y forman una alianza para robar los superpoderes y convertirse en supervillanos. Con el destino de Ciudad Aventura al filo del abismo, los Poderosos Cachorros tendrÃ¡n que detener a los supervillanos antes de que sea demasiado tarde, y Skye descubrirÃ¡ que hasta la mÃ¡s pequeÃ±a del equipo puede ser la que determine el resultado.	https://image.tmdb.org/t/p/w500/74UljzdgFuYo0BqzuEO2s2azObe.jpg	Aventura, AnimaciÃ³n, Comedia, Familia, Ciencia ficciÃ³n	6.929	0	0";;
"Peter Pan [1953][1080p][2.74 Gb]	Peter Pan	1953	Uno de los grandes clÃ¡sicos de la factorÃ­a Walt Disney, que relata las aventuras en el PaÃ­s de Nunca JamÃ¡s de Peter Pan, su compaÃ±era Campanilla, su amiga Wendy y los NiÃ±os Perdidos, en su lucha contra el malvado CapitÃ¡n Garfio.	https://image.tmdb.org/t/p/w500/tDvGRWSdqT31ADijJf9OhbTbQ77.jpg	AnimaciÃ³n, Familia, Aventura, FantasÃ­a	7.2	0	0";;
"Peter Pan en regreso al paÃ­s de Nunca JamÃ¡s [2002][1080p][2.71 Gb]	Peter Pan en Regreso al PaÃ­s de Nunca JamÃ¡s	2002	Peter Pan sigue siendo el lÃ­der de los NiÃ±os Perdidos y librando batallas con el malvado CapitÃ¡n Garfio, con la ayuda de Campanilla. Pero aunque Peter Pan nunca creciÃ³, todo a su alrededor ha cambiado: Wendy es ahora madre de una niÃ±a llamada Jane. Jane ya no cree en cuentos de hadas, y Â¡mucho menos en volar!. Pero cuando el CapitÃ¡n Garfio la secuestra y la lleva al PaÃ­s de Nunca JamÃ¡s, Peter Pan conseguirÃ¡ que su imaginaciÃ³n vuele otra vez.	https://image.tmdb.org/t/p/w500/kkFeLiMeih9jgXatztoloOyGSbc.jpg	Aventura, FantasÃ­a, AnimaciÃ³n, Familia	6.475	0	0";;
"Peter Rabbit [2018][1080p][2 Gb]	Peter Rabbit	2018	Peter Rabbit no es un conejo cualquiera. Es un rebelde travieso y aventurero que viste camisa azul y no lleva pantalones. Peter vive junto a su familia y amigos, un grupo variopinto de animales que incluye incluso a un zorro. Todos ellos harÃ¡n de las suyas en la granja de los McGregor, lugar en cuyo jardÃ­n disponen de deliciosos vegetales. Pero la disputa de Peter con el Sr. McGregor se intensificarÃ¡ mÃ¡s que nunca ya que ambos compiten por el afecto de Bea, una amante de los animales de buen corazÃ³n. La fiesta animal ha empezado, y esto es solo el principio.	https://image.tmdb.org/t/p/w500/bRDgMEikWMK3AJUJw0qqSJsWRAd.jpg	AnimaciÃ³n, Aventura, Familia	6.699	0	0";;
"Pinocho [1940][1080p][2.39 Gb]	Pinocho	1940	Un anciano llamado Geppetto fabrica una marioneta de madera a la que llama Pinocho, con la esperanza de que se convierta en un niÃ±o de verdad. El Hada Azul hace realidad su deseo y da vida a Pinocho, pero conserva su cuerpo de madera. Pepito Grillo, la conciencia de Pinocho, tendrÃ¡ que aconsejarlo para que se aleje de las situaciones difÃ­ciles o peligrosas hasta conseguir que el muÃ±eco se convierta en un niÃ±o de carne y hueso.	https://image.tmdb.org/t/p/w500/sAluF7lNc4Mv3qxx1mmOgsfbr0C.jpg	AnimaciÃ³n, Familia, FantasÃ­a	7.111	0	0";;
"Planeta de Recolectores	Planeta de recolectores	2023 - 2023	Cuando un carguero del espacio profundo es daÃ±ado por una llamarada solar, su tripulaciÃ³n sobreviviente queda varada en un planeta hermoso e implacable. Comienzan a entender la verdadera naturaleza de este planeta mientras intentan sobrevivir el tiempo suficiente para escapar o ser rescatados.	https://image.tmdb.org/t/p/w500/iMGhp7CG8pwt3o5VdeVjUEvhzfT.jpg	Sci-Fi & Fantasy, Drama, AnimaciÃ³n, Action & Adventure	8.49	1	12";;
"Pocahontas [1995][1080p][2.58 Gb]	Pocahontas	1995	Pocahontas, la hija del Jefe Powhatan, vigila la llegada de un gran grupo de colonos ingleses, guiados por el ambicioso gobernador Radcliff y el valiente capitÃ¡n John Smith. Con su juguetÃ³n compaÃ±ero Meeko, un travieso mapache, y con Flit, un alegre pÃ¡jaro, Pocahontas entabla una fuerte amistad con el CapitÃ¡n Smith. Pero cuando empiezan a surgir tensiones entre las dos culturas, Pocahontas recurre a la sabidurÃ­a de la Abuela Sauce para encontrar una manera de lograr la paz entre su pueblo y los conquistadores.	https://image.tmdb.org/t/p/w500/o8QGvm0zDrJ8aONM8G5dW4BNawG.jpg	Aventura, AnimaciÃ³n, Familia, Romance	6.9	0	0";;
"Pocahontas 2[1998][1080p][2.39 Gb]	Pocahontas 2: Viaje a un nuevo mundo	1998	Pocahontas vive el mayor reto de su vida en su viaje a Inglaterra. Con la ayuda del apuesto John Rolfe, buscarÃ¡ la paz de su pueblo. Mientra se prepara para el baile de la Caceria, abre poco a poco su corazÃ³n a Rolfe. Pero la misteriosa apariciÃ³n de John Smith sumerge a Pocahontas en un dilema... elegir entre dos amores y dos maneras de vivir.	https://image.tmdb.org/t/p/w500/ttjEx1Wo3QOxsgKDhDCB2GzHdWk.jpg	AnimaciÃ³n, Familia, Aventura, Romance	5.543	0	0";;
"Predator - Killer of Killers [2025][1080p][3 Gb]	Predator: Asesino de asesinos	2025	Esta antologÃ­a original de animaciÃ³n narra las aventuras de tres de los guerreros mÃ¡s fieros de la historia de la humanidad: una saqueadora vikinga que guÃ­a a su hijo en su sangrienta bÃºsqueda de la venganza, un ninja del JapÃ³n feudal que se enfrenta a su hermano samurÃ¡i en una brutal batalla por la sucesiÃ³n y un piloto de la Segunda Guerra Mundial que surca los cielos para investigar una amenaza extraterrestre contra los Aliados.	https://image.tmdb.org/t/p/w500/8upWJ1KTR1bAPqXCHAuVOhfuiAZ.jpg	AnimaciÃ³n, AcciÃ³n, Ciencia ficciÃ³n, Suspense	7.797	0	0";;
"Puss in Boots [2011][1080p][2 Gb]	Puss in Boots: A Furry Tail	2011		https://image.tmdb.org/t/p/w500/txQCDHoC437MVJl22GpPcFxsFS7.jpg	Familia, AnimaciÃ³n	3.4	0	0";;
"Puss in Boots The Last Wish	El Gato con Botas: El Ãºltimo deseo	2022	El Gato con Botas se embarca en un viaje Ã©pico para encontrar al mÃ­tico Ãšltimo Deseo y recuperar sus nueve vidas.	https://image.tmdb.org/t/p/w500/b5Jb7GoQaqIXy4VEdnQa0UrQZI.jpg	AnimaciÃ³n, Aventura, FantasÃ­a, Comedia, Familia	8.206	0	0";;
"Ralph 2 - Breaks the Internet [2018][1080p][3.7 Gb]	Ralph rompe Internet	2018	Ralph sale de los recreativos, y se adentra en el mundo inexplorado, expansivo y emocionante de Internet. Ralph y su compaÃ±era Vanellope tendrÃ¡n que jugÃ¡rselo todo viajando por las redes en busca de una pieza de repuesto que salve Sugar Rush, el videojuego de Vanellope. Y para complicar mÃ¡s las cosas, ambos dependen de los ciudadanos de Internet, los llamados â€˜ciudanetsâ€™ para que les ayuden a desenvolverse en ese peligroso mundo. Entre ellos estÃ¡ un empresario de Internet llamado Yesss, que es el algoritmo estrella y el alma de â€œBuzzTubeâ€, la pÃ¡gina web de moda del momento.	https://image.tmdb.org/t/p/w500/wfff5XoLdGQzCt2Nb4ZF6WYNLAq.jpg	AcciÃ³n, Aventura, AnimaciÃ³n, Comedia, Familia, Ciencia ficciÃ³n	7.2	0	0";;
"Ralph, el Demoledor [2012][1080p][2.7 Gb]	Â¡Rompe Ralph!	2012	Durante dÃ©cadas, Ralph ha vivido a la sombra de Repara-FÃ©lix Jr., el chico bueno de su videojuego. Cansado de ser el malo de la historia, Ralph decide tomar el asunto por sus propias y gigantes manos, y se lanza en un viaje a travÃ©s de los distintos mundos y generaciones de videojuegos para demostrarle al mundo que Ã©l tambiÃ©n puede ser un hÃ©roe.	https://image.tmdb.org/t/p/w500/lTpE4JQ2C09NicqvDhwi70IRz62.jpg	Familia, AnimaciÃ³n, Comedia, Aventura	7.357	0	0";;
"Rango [2011][1080p][3 Gb]	Rango	2011	El actor Rango es un solitario camaleÃ³n que vive en la inmensidad del desierto Mojave. Quiere ser un representante de la ley en un sediento pueblo llamado Dirt, pero enseguida se da cuenta de que hay una gran diferencia entre actuar y vivir la vida real, asÃ­ que no tiene mÃ¡s remedio que enfrentarse a algunos aspectos de su identidad y aprender el significado y el valor de la amistad. Su misiÃ³n consistirÃ¡ en descubrir la conspiraciÃ³n que estÃ¡ detrÃ¡s de la desapariciÃ³n del agua en el pueblo. Film de animaciÃ³n del director de ""Piratas del Caribe"", con las voces originales de Johnny Depp (Rango), Abigail Breslin, Isla Fisher y Bill Nighy.	https://image.tmdb.org/t/p/w500/99Dpm7Ep8OelbNyEVBlln50EHGj.jpg	AnimaciÃ³n, Comedia, Familia, Western, Aventura	6.9	0	0";;
"Ratatouille [2007][1080p][2.52 Gb]	Ratatouille	2007	Remy es una simpÃ¡tica rata que sueÃ±a con convertirse en un gran chef francÃ©s a pesar de la oposiciÃ³n de su familia y del problema evidente que supone ser una rata en una profesiÃ³n que detesta a los roedores. El destino lleva entonces a Remy a las alcantarillas de ParÃ­s, pero su situaciÃ³n no podrÃ­a ser mejor, ya que se encuentra justo debajo de un restaurante que se ha hecho famoso gracias a Auguste Gusteau, una estrella de la cuisine. A pesar del peligro que representa ser un visitante poco comÃºn (y desde luego nada deseado) en los fogones de un exquisito restaurante francÃ©s, la pasiÃ³n de Remy por la cocina pone patas arriba el mundo culinario parisino en una trepidante y emocionante aventura.	https://image.tmdb.org/t/p/w500/nGUelOVetiRpY2wTBMHTbrTIGYC.jpg	AnimaciÃ³n, Comedia, Familia, FantasÃ­a	7.842	0	0";;
"Raya and the Last Dragon	Raya y el Ãºltimo dragÃ³n	2021	Raya, una niÃ±a de gran espÃ­ritu aventurero,  se embarca en la bÃºsqueda del Ãºltimo dragÃ³n del mundo con el objetivo de devolver el equilibrio a Kumandra, un lejano y recÃ³ndito territorio habitado por una civilizaciÃ³n milenaria.	https://image.tmdb.org/t/p/w500/hbjOtofNpvFvhzBUUoZGAjkjjsl.jpg	AnimaciÃ³n, AcciÃ³n, Aventura, FantasÃ­a, Familia	7.802	0	0";;
"Rick and Morty	Untitled Rick and Morty Film	Desconocido		No disponible	AnimaciÃ³n, Comedia, Ciencia ficciÃ³n, Aventura	0.0	0	0";;
"Rio [2011][1080p][3.25 Gb]	RÃ­o	2011	Blu es un guacamayo que ha crecido en un pequeÃ±o pueblo de Minnesota en EEUU, un buen dÃ­a se entera que es el Ãºltimo espÃ©cimen macho de su especie. Es entonces cuando Blu y su dueÃ±a, compaÃ±era y protectora Linda, deciden tomar rumbo a Rio de Janeiro para conocer a Tulio, un excÃ©ntrico experto en pÃ¡jaros, y a Perla, quien es la Ãºltima hembra de su especie. Juntos se embarcan en una serie de aventuras para sobrevivir junto a otros amigos que conocen a medida que se desarrolla la historia	https://image.tmdb.org/t/p/w500/ydExhIrbFvPedN9tSIHzzniU1Dd.jpg	AnimaciÃ³n, Aventura, Comedia, Familia	6.8	0	0";;
"Rio 2 [2014][1080p][3.6 Gb]	RÃ­o 2	2014	Secuela de la pelÃ­cula ""RÃ­o"" (2010) dirigida por Carlos Saldanha, encargado tambiÃ©n de esta segunda parte.. Blu, Perla y sus pequeÃ±os disfrutan de una vida cÃ³moda, alegre y perfecta en la ciudad de RÃ­o de Janeiro, Brasil. Pero Perla tiene muy claro que sus hijos deben aprender a vivir como los pÃ¡jaros libres y salvajes que son, y para ello estÃ¡ convencida de que lo mejor es trasladarse al Amazonas. Una vez allÃ­, Blu tendrÃ¡ que enfrentarse a sus nuevos vecinos y a la idea terrible de perder a Perla y a sus hijos porque decidan vivir en la naturaleza salvaje para siempre.	https://image.tmdb.org/t/p/w500/n52k2FD0ub5I3goqnj5qr98ROk4.jpg	AnimaciÃ³n, Aventura, Comedia, Familia	6.521	0	0";;
"Robot Dreams [2023][1080p][2 27 Gb]	Robot Dreams	2023	DOG es un perro solitario que vive en Manhattan. Un dÃ­a decide construirse un robot, un amigo. Su amistad crece, hasta hacerse inseparables, al ritmo del Nueva York de los ochenta. Una noche de verano, Dog con gran pena, se ve obligado a abandonar a ROBOT en la playa. Â¿VolverÃ¡n a encontrarse?	https://image.tmdb.org/t/p/w500/qLtK6DFeuJNuB3THGVDklirhQ8u.jpg	AnimaciÃ³n, Drama, Comedia, Ciencia ficciÃ³n	8.0	0	0";;
"Scooby Doo y el fantasma de la bruja [1999][720p][383 Mb]	Scooby-Doo y el fantasma de la bruja	1999	La pandilla viaja a Nueva Inglaterra al Gran Festival de la Vendimia, invitados por Ben, un famoso escritor de novelas de terror. Todo va bien hasta que descubren que el lugar estÃ¡ embrujado por Sarah, un mujer que perteneciÃ³ a la familia de Ben en el pasado. Hay que revelar el misterio de si Sarah era una mujer de buen corazÃ³n o una bruja...	https://image.tmdb.org/t/p/w500/aVS9CqFgfkypqLoljg1VDHSvMmB.jpg	Comedia, Misterio, Familia, FantasÃ­a, AnimaciÃ³n	7.4	0	0";;
"Scooby Doo y la MÃ¡scara del halcÃ³n azul [2012][1080p][2.53 Gb]	Scooby-doo: La mÃ¡scara del HalcÃ³n azul	2012	Los Herculoides, Frankenstein Jr. y el Fantasma del Espacio son algunos de los aclamados protagonistas del mundo del comic presentes en esta convenciÃ³n nada corriente, que acompaÃ±arÃ¡n a Scooby-Doo y Shaggy en el estreno de esta pelÃ­cula protagonizada por sus superhÃ©roes favoritos, Â¡HalcÃ³n azul igrosas y monstruosas bestias sobre las celebraciones, serÃ¡ el momento de Misterios S.A. para investigar las pistas y cazar a los monstruos. Pero serÃ¡ el inseparable y poderoso equipo de Shaggy y Scooby-Doo, quienes tendrÃ¡n que sacar sus superhÃ©roes interiores para evitar que todo sea cubierto por una horrible y pegajosa masa verde. Â¡Mucho Ã¡nimo Perro Maravilla!	https://image.tmdb.org/t/p/w500/vz1NKc21B6g81Xj4BMWje6ZPbwI.jpg	AnimaciÃ³n, Comedia, FantasÃ­a, Aventura, Familia, Misterio	7.67	0	0";;
"Scooby-Doo y Carrera de monstruos [1988][1080p][858 Mb]	Scooby-Doo y la carrera de los monstruos	1988	La diversiÃ³n comienza cuando el Conde DrÃ¡cula traslada a Scooby-Doo y Shaggy hasta Transilvania en una aventura repleta de fantasmas. Para poder celebrar la esperadÃ­sima Carrera de Coches de Monstruos, el Conde DrÃ¡cula transforma a Shaggy en un peludo hombre-lobo, obligÃ¡ndole a conducir en una carrera campo a travÃ©s que se celebra en la ruta mÃ¡s escalofriante. Y para que Shaggy pueda volver a su estado normal, Ã©l y Scooby-Doo tendrÃ¡n que ser mÃ¡s listos que DrÃ¡cula y conducir mÃ¡s rÃ¡pido que la multitud de divertidos y espeluznantes coches conducidos por terrorÃ­ficos y famosÃ­simos monstruos.	https://image.tmdb.org/t/p/w500/nB2cYO1nVn8XCxODfXkpzZmdLdo.jpg	AnimaciÃ³n, Familia, PelÃ­cula de TV, Misterio, Comedia	7.4	0	0";;
"Scooby-Doo y el Monstruo del Lago Ness [2004][1080p][1 24 Gb]	Scooby-Doo y el monstruo del lago Ness	2004	Scooby-Doo, Shaggy y la pandilla de El Misterio, S.A. viajan a Escocia de vacaciones y se encuentran de pronto haciendo frente a la mayor monstruosidad que se podrÃ­an esperar: el monstruo del Lago Ness. Â¿Pero existe de verdad? Las primeras evidencias apuntan a un sÃ­.	https://image.tmdb.org/t/p/w500/xOfR8r6J5wFhuXPly16CVPWONV2.jpg	Familia, Aventura, AnimaciÃ³n, Comedia, FantasÃ­a, Misterio	7.313	0	0";;
"Scooby-Doo y la Escuela de Fantasmas [1988][720p][1.35 Gb]	Scooby-Doo y la escuela de fantasmas	1988	El misterio escolar comienza cuando Shaggy se inscribe como maestro de gimnasia en el Colegio para Fantasmas de Miss Grimwood. Pronto, descubrirÃ¡ que los alumnos son... Â¡las hijas de los monstruos mÃ¡s famosos y terrorÃ­ficos del mundo entero!	https://image.tmdb.org/t/p/w500/teAfrJEnsQUVFHSz5V9XsseZugJ.jpg	AnimaciÃ³n, Familia, PelÃ­cula de TV, Misterio, FantasÃ­a	7.4	0	0";;
"Scooby-Doo y la leyenda del vampiro [2003][1080p][2.28 Gb]	Scooby-Doo y la leyenda del vampiro	2003	Durante sus vacaciones en Australia, Scooby-Doo y sus amigos asisten a un festival de mÃºsica celebrado en un lugar llamado La roca del vampiro. Pero la diversiÃ³n peligra cuando la pandilla se entera de que una legendaria criatura australiana, el Yowie Yahoo, estÃ¡ secuestrando a los participantes del concierto y convirtiÃ©ndolos en vampiros. HaciÃ©ndose pasar por una banda de rock duro para investigar el misterio, Scooby-Doo y su banda deberÃ¡n enfrentarse a un trÃ­o de mÃºsicos vampiros si quieren desvelar el extraÃ±o misterio que rodea a la leyenda del vampiro.	https://image.tmdb.org/t/p/w500/4EF9Qv8nCMorNSdIOexPk6Z65yV.jpg	Familia, AnimaciÃ³n, Comedia, FantasÃ­a, MÃºsica, Misterio	7.114	0	0";;
"Scooby-Doo y La maldiciÃ³n de cleopatra [2005][720p][258 Mb]	Â¡Scooby Doo! en el Misterio del FaraÃ³n	2005	La arqueÃ³loga y superdetective Velma estÃ¡ en Egipto para asistir a una ceremonia donde se darÃ¡ a conocer a una misteriosa Esfinge restaurada, una mÃ­tica criatura con cabeza de hombre y cuerpo de leÃ³n y descubrir tambiÃ©n una tumba oculta que pertenece a la mismÃ­sima Cleopatra. Pero Velma, Scooby-Doo y la CompaÃ±Ã­a del Misterio tendrÃ¡n que tener mucho cuidado con la maldiciÃ³n del FaraÃ³n: Â¡El Nilo se dividirÃ¡, el desierto se alzarÃ¡ y todo aquel que se atreva a entrar en la tumba se convertirÃ¡ en piedra! Pero nuestros amigos no se detienen ante nada y se enfrentarÃ¡n a algo todavÃ­a mÃ¡s terrorÃ­fico: Â¡un ejÃ©rcito de momias vivientes!	https://image.tmdb.org/t/p/w500/kxv1K6ZAxicTsceAhMLUIuTj7Uy.jpg	Misterio, AnimaciÃ³n, Familia, Aventura, Comedia, FantasÃ­a	7.4	0	0";;
"Scooby-Doo y La PersecuciÃ³n Cibernetica	Scooby Doo y la persecuciÃ³n cibernÃ©tica	2001	Cuando Scooby Doo y el grupo intentan capturar al virus fantasma, son accidentalmente transportados dentro de un videojuego basado en sus propias aventuras y misterios. Mientras persiguen al Virus Fantasma tendrÃ¡n que pasar a travÃ©s de los 10 monstruosos niveles del juego, y el grupo viajarÃ¡ a travÃ©s del tiempo desde la prehistoria hasta un futuro espacial e incluso tendrÃ¡n que combatir con una multitud de villanos virtuales de sus mÃ¡s famosas aventuras.	https://image.tmdb.org/t/p/w500/zgUo32REWWupt10F3JesVxTWBiG.jpg	AnimaciÃ³n, Aventura, Comedia	7.286	0	0";;
"Scooby-Doo! Abracadabra-Doo [2010][1080p][1 6 Gb]	Scooby-Doo! Abracadabra-Doo	2010	La cuadrilla continÃºa un viaje para investigar a la hermana menor de Velma, Madelyn. Ha estado estudiando la magia de la etapa en la Academia de la Magia de Whirlen Merlin, donde por lo visto hubo observaciones de un grifo gigantesco. La cuadrilla decide investigar.	https://image.tmdb.org/t/p/w500/hDfQ3DqU5fWKZinIGgo2psvLh4j.jpg	AnimaciÃ³n, Comedia, Familia, Misterio, FantasÃ­a	7.7	0	0";;
"Scott Pilgrim Takes Off	Scott Pilgrim da el salto	2023 - 2023	Scott Pilgrim conoce a Ramona Flowers, la chica de sus sueÃ±os. Pero pronto descubre que los siete diabÃ³licos ex de la joven no le van a poner las cosas nada fÃ¡ciles.	https://image.tmdb.org/t/p/w500/o7lNIjUsWAbMiAfDgKfG8xXtQVd.jpg	AnimaciÃ³n, Action & Adventure, Comedia, Sci-Fi & Fantasy	7.95	1	8";;
"Secret Level	Secret Level	2024 - 2024	Serie antolÃ³gica animada para adultos con historias originales ubicadas en los mundos de algunos de los videojuegos mÃ¡s queridos del planeta. De las mentes creativas tras LOVE, DEATH & ROBOTS, cada uno de los 15 episodios es una celebraciÃ³n de los juegos y los jugadores.	https://image.tmdb.org/t/p/w500/bjwHrZKREhL4VbCQP5x3LUPolQ5.jpg	AnimaciÃ³n, Sci-Fi & Fantasy, Action & Adventure	7.421	1	15";;
"Sherlock Gnomes [2018][1080p][2.8 Gb]	Sherlock Gnomes	2018	Los famosos gnomos de jardÃ­n Gnomeo y Julieta contratan a un mundialmente conocido detective: Sherlock Gnomes, para investigar la misteriosa desapariciÃ³n de algunos ornamentos del jardÃ­n.	https://image.tmdb.org/t/p/w500/wqnzpJR3PwS4doVkAkt9seSEpoX.jpg	AnimaciÃ³n, Familia, FantasÃ­a, Comedia, Aventura, Misterio	5.8	0	0";;
"Shrek [2001][1080p][2.47 Gb]	Shrek	2001	Hace mucho, mucho tiempo, en una lejanÃ­sima ciÃ©naga vivÃ­a un intratable ogro llamado Shrek. Pero de repente, un dÃ­a, su absoluta soledad se ve interrumpida por una invasiÃ³n de sorprendentes personajes de cuento. Hay ratoncitos ciegos en su comida, un enorme y malÃ­simo lobo en su cama, tres cerditos sin hogar y otros muchos seres increÃ­bles que han sido deportados de su reino por el malvado Lord Farquaad. Para conseguir salvar su terreno, y de paso a sÃ­ mismo, Shrek hace un pacto con Farquaad y emprende viaje para conseguir que la preciosa princesa Fiona sea la novia del Lord. En tan importante misiÃ³n le acompaÃ±an un burro chistoso, dispuesto a hacer cualquier cosa por Shrek. Todo, menos estarse calladito. Rescatar a la princesa de una dragona enamoradiza que suelta fuego al respirar va a resultar una tonterÃ­a comparado con lo que ocurre cuando el oscuro secreto que la joven guardaba es revelado.	https://image.tmdb.org/t/p/w500/jTQONM7jt1yv2lL972TtmWO0UIZ.jpg	AnimaciÃ³n, Comedia, FantasÃ­a, Aventura, Familia	7.764	0	0";;
"Shrek 2 [2004][1080p][2.21 Gb]	Shrek 2	2004	Cuando Shrek y la princesa Fiona regresan de su luna de miel, los padres de ella los invitan a visitar el reino de Muy Muy Lejano para celebrar la boda. Para Shrek, al que nunca abandona su fiel amigo Asno, esto constituye un gran problema. Los padres de Fiona, por su parte, no esperaban que su yerno tuviera un aspecto semejante y, mucho menos, que su hija hubiera cambiado tanto. Todo esto trastoca los planes del rey respecto al futuro del reino. Pero entonces entran en escena la maquiavÃ©lica Hada Madrina, su arrogante hijo el PrÃ­ncipe Encantador y un minino muy especial: el Gato con Botas, experto cazador de ogros.	https://image.tmdb.org/t/p/w500/knRt4E8KyfwEv0SVu9LsLvD28IQ.jpg	AnimaciÃ³n, Comedia, Familia, FantasÃ­a, Romance	7.318	0	0";;
"Shrek 3 [2007][1080p][2.86 Gb]	Shrek tercero	2007	Shrek se casÃ³ con Fiona, pero lo que no tuvo en cuenta es que al casarse con una princesa... tarde o temprano uno termina siendo rey. Cuando su suegro, el Rey Harold, cae enfermo, Shrek se encuentra en riesgo de tener que abandonar su amado pantano por el trono. A menos claro que encuentre un heredero. Junto con Asno y el Gato con Botas, Shrek viaja para en busca del primo de Fiona, Arturo. Mientras, en Muy Muy Lejano, el Principe Encantador recluta un ejÃ©rcito de villanos de cuento para tomar el trono por la fuerza. Pero no cuentan con que Fiona y la Reina Lillian tambiÃ©n han reunido su grupo de heroÃ­nas de cuento para hacerles frente...	https://image.tmdb.org/t/p/w500/7sTwtmVPTX77CFOUXdwAM7lKtKL.jpg	FantasÃ­a, Aventura, AnimaciÃ³n, Comedia, Familia	6.31	0	0";;
"Shrek 4 - Forever After [2010][1080p][2.93 Gb]	Shrek, Felices para siempre	2010	En lugar de espantar a los aldeanos como Ã©l solÃ­a hacerlo, un recluido Shrek ahora accede a autografiar horquillas para siembra. Anhelando los dÃ­as cuando se sentÃ­a un ""ogro real"", Shrek es embaucado al firmar un pacto con el afable negociador Rumpelstiltskin. De pronto Shrek se encuentra en una retorcida versiÃ³n alterna de Muy Muy Lejano, donde Fiona es un ogro de caza, Rumpelstiltskin es el rey, Burro nunca ha conocido a Shrek, el Gato con Botas es obeso y perezoso, y Shrek y Fiona no se conocÃ­an. Ahora, estÃ¡ en las manos de Shrek deshacer todo lo que hizo con la esperanza de salvar a sus amigos, restaurar su mundo y recuperar a su Ãºnico y verdadero amor.	https://image.tmdb.org/t/p/w500/11K03KebrdD8nUlGFJX3rSL3KHK.jpg	Comedia, Aventura, FantasÃ­a, AnimaciÃ³n, Familia	6.4	0	0";;
"Simbad La Leyenda De Los Siete Mares [2003][1080p][3.31 Gb]	Simbad: La leyenda de los siete mares	2003	Simbad, el aventurero mÃ¡s osado y famoso que cruzÃ³ los siete mares, tiene que afrontar el peligro mÃ¡s grande de su vida. Acusado de robar el Libro de la Paz, uno de los tesoros mÃ¡s valiosos del mundo, tendrÃ­a que encontrarlo para salvar a Proteus, su mejor amigo. SerÃ¡ Marina, la prometida de Proteus, quien convenza a Simbad de que tiene el deber de cumplir esa misiÃ³n. Eris, la diosa del caos, trata de impedÃ­rselo arrojando contra Ã©l la furia de los elementos y una legiÃ³n de criaturas monstruosas. (FILMAFFINITY)	https://image.tmdb.org/t/p/w500/ewoNM3cDc3DG0yRhtvya2UUiXN1.jpg	AcciÃ³n, Aventura, AnimaciÃ³n, Familia, FantasÃ­a	7.013	0	0";;
"Sing [2016][1080p][3.27 Gb]	Sing Street	2016	Cuenta la historia de Cosmo, un niÃ±o de 14 aÃ±os que crece en el DublÃ­n de los 80 y tiene la intenciÃ³n de huir de su complicado hogar. Compone canciones con su banda, como una forma de lucha y publica controvertidos vÃ­deos musicales.	https://image.tmdb.org/t/p/w500/iKoje7m27iCOAxvfhQQKNolXts7.jpg	Romance, Drama, MÃºsica, Comedia	7.859	0	0";;
"Sing 2 [2021][1080p][2.38 Gb]	Â¡Canta! 2	2021	Buster Moon y sus amigos deben persuadir a la estrella del rock Clay Calloway para que se una a ellos en el estreno de un nuevo espectÃ¡culo.	https://image.tmdb.org/t/p/w500/9iIDsw7RJHYU94z7k4mbYP5IlYT.jpg	AnimaciÃ³n, Comedia, Familia, MÃºsica	7.833	0	0";;
"Smiling Friends	Smiling Friends	2020 - 2026	Smiling Friends es una pequeÃ±a empresa dedicada a repartir felicidad por el mundo, donde sus trabajadores vivirÃ¡n locas aventuras.	https://image.tmdb.org/t/p/w500/l1Qdw9DsJaomE8BXeVfkF6h1qaa.jpg	AnimaciÃ³n, Comedia, Sci-Fi & Fantasy	8.541	3	27";;
"Snoopy	Snoopy presenta: Un musical veraniego	2025	La mÃºsica y la alegrÃ­a reinan cuando Carlitos y la pandilla se van de campamento de verano. Sally es primeriza y no entiende a quÃ© viene tanto alboroto. Pero cuando el campamento se ve obligado a cerrar, se unen para salvarlo y que mÃ¡s niÃ±os puedan tener recuerdos especiales en Ã©l.	https://image.tmdb.org/t/p/w500/xniB8WhLbSHdy4mPkn2olJUARck.jpg	AnimaciÃ³n, Familia, MÃºsica, Comedia	7.5	0	0";;
"Song of the Sea [2014][1080p][3.5 Gb]	La canciÃ³n del mar	2014	Ben y Saoirse son dos hermanos que viven en un faro de una isla junto a su padre que, para protegerlos de los peligros del mar, los envÃ­a con su abuela a la ciudad. AllÃ­ Ben descubre que su hermana pequeÃ±a es una Selkie, un hada del mar, una niÃ±a-foca que cantando puede liberar a los Seres MÃ¡gicos del sortilegio que les hizo la Bruja de los BÃºhos. Juntos emprenderÃ¡n un viaje fantÃ¡stico.	https://image.tmdb.org/t/p/w500/5JuW5B0UnD1ihhRXJdZbuvfrgcS.jpg	Familia, AnimaciÃ³n, FantasÃ­a	7.996	0	0";;
"Soul [2020][1080p][2.09 Gb]	Soul	2020	Â¿Alguna vez te has preguntado de dÃ³nde provienen tu pasiÃ³n, tus sueÃ±os y tus intereses? Â¿QuÃ© es lo que te hace ser... tÃº? Viaja desde las calles de Nueva York a los reinos cÃ³smicos para descubrir las respuestas a las preguntas mÃ¡s importantes de la vida.	https://image.tmdb.org/t/p/w500/xJ7MCAy4oCLerPo3JjnB8lKOhl4.jpg	AnimaciÃ³n, Familia, Drama, MÃºsica, FantasÃ­a	8.093	0	0";;
"South Park	South Park: MÃ¡s grande, mÃ¡s largo y sin cortes	1999	Cuando los estudiantes de la escuela primaria de South Park, Stan, Kyle, Cartman y Kenny, deciden entrar a escondidas a ver una pelÃ­cula canadiense no apta para menores, su vocabulario sufre un cambio brutal. La indignaciÃ³n de los padres, tras el devastador impacto que sufren sus inocentes y jÃ³venes mentes al ver la pelÃ­cula, da lugar a una incondicional guerra entre Estados Unidos y CanadÃ¡. Inesperadamente, los chicos se ven inmersos en una crisis debiendo arriesgar sus vidas en nombre de la libertad de expresiÃ³n.	https://image.tmdb.org/t/p/w500/6kE3HJS9ehQDvCSfpvD7FylAa4q.jpg	AnimaciÃ³n, Comedia	7.282	0	0";;
"SOUTH PARK - EL FIN DE LA OBESIDAD [2024][1080p][1.42 Gb]	South Park: El fin de la obesidad	2024	La llegada de nuevos medicamentos para bajar de peso tiene un gran impacto en todos los habitantes de South Park. Cuando a Cartman se le niega el acceso a la medicina que le cambiarÃ¡ la vida, los niÃ±os entran en acciÃ³n.	https://image.tmdb.org/t/p/w500/iNHa3E72FFVmOz7jmjXnNU27ys1.jpg	AnimaciÃ³n, Comedia, PelÃ­cula de TV	7.41	0	0";;
"South Park - Joining the Panderverse [2023][1080p][1.58 Gb]	South Park: Bienvenidos al Complaciverso	2023	El final de la vida familiar y querida de Cartman estÃ¡ predicho por sus sueÃ±os increÃ­blemente inquietantes. Mientras la llegada de la inteligencia artificial trastorna su sociedad, los adultos de South Park tambiÃ©n se enfrentan a sus propias decisiones personales.	https://image.tmdb.org/t/p/w500/urmwWHh76hacY7yQA5lkX0By6oN.jpg	AnimaciÃ³n, Comedia, Ciencia ficciÃ³n, PelÃ­cula de TV	7.536	0	0";;
"Space Jam - El Juego del Siglo [1996][1080p][2.24 Gb]	Space Jam	1996	Bugs Bunny y su equipo desafÃ­an a los Nerdlucks (un grupo de pequeÃ±os extraterrestres) a un partido de baloncesto para decidir si los Looney Tunes permanecen en la Tierra o se trasladan a una lejana galaxia para trabajar en un parque de atracciones de MontaÃ±a Tontolandia. Los Nerdlucks cuentan con una poderosa arma secreta que los hace superiores: se han apoderado de las mejores cualidades de las estrellas de la NBA (Charles Barkley y Patrick Ewing). Pero tambiÃ©n los Looney poseen un arma secreta: Â¡Michael Jordan!	https://image.tmdb.org/t/p/w500/i5QYBFIIrh6PngEsCj5fGX7gcI7.jpg	Familia, AnimaciÃ³n, Ciencia ficciÃ³n, FantasÃ­a, Comedia	6.8	0	0";;
"Space Jam 2 - Una Nueva Era [2021][1080p][2.45 Gb]	Space Jam: Nuevas leyendas	2021	Secuela de la cinta original de 1996, Space Jam, protagonizada por Michael Jordan. En esta segunda parte, la super estrella de la NBA es LeBron James, quien queda atrapado junto a su hijo Dom en un extraÃ±o lugar, un espacio digital de una fuerza todopoderosa y malvada conocida como A.I. Para volver a casa y poner a salvo a su hijo, el jugador de baloncesto deberÃ¡ unir fuerzas con Bugs Bunny, Lola Bunny y el resto de personajes de los Looney Tunes para enfrentarse en un partido de baloncesto a los campeones digitalizados por inteligencia artificial.	https://image.tmdb.org/t/p/w500/1BjZAcj4oGokaIGoMDWh6njWzVr.jpg	Familia, Comedia, Aventura, AnimaciÃ³n, Ciencia ficciÃ³n	6.6	0	0";;
"Spider-Man - Un Nuevo Universo [2018]	Spider-Man: un nuevo universo	2018	En un universo paralelo donde Peter Parker ha muerto, un joven de secundaria llamado Miles Morales es el nuevo Spider-Man. Sin embargo, cuando el lÃ­der mafioso Wilson Fisk construye el 'Super Colisionador' trae a una versiÃ³n alternativa de Peter Parker que tratarÃ¡ de enseÃ±ar a Miles como ser un mejor Spider-Man. Pero no serÃ¡ el Ãºnico Spider Man en entrar a este universo:  cuatro versiones alternativas buscan regresar a su universo antes de que toda la realidad se colapse.	https://image.tmdb.org/t/p/w500/xRMZikjAHNFebD1FLRqgDZeGV4a.jpg	AnimaciÃ³n, AcciÃ³n, Aventura, Ciencia ficciÃ³n	8.394	0	0";;
"Spider-Man A TravÃ©s Del Spider-Verso (2023) 1080p	Spider-Man: Cruzando el Multiverso	2023	Tras reencontrarse con Gwen Stacy, el amigable vecindario de Spider-Man de Brooklyn al completo es catapultado a travÃ©s del Multiverso, donde se encuentra con un equipo de Spidermans encargados de proteger su propia existencia. Pero cuando los hÃ©roes se enfrentan sobre cÃ³mo manejar una nueva amenaza, Miles se encuentra enfrentado a las otras AraÃ±as y debe redefinir lo que significa ser un hÃ©roe para poder salvar a la gente que mÃ¡s quiere.	https://image.tmdb.org/t/p/w500/37WcNMgNOMxdhT87MFl7tq7FM1.jpg	AnimaciÃ³n, AcciÃ³n, Aventura, Ciencia ficciÃ³n	8.3	0	0";;
"Spirit [2002][1080p][2.1 Gb]	Spirit: El corcel indomable	2002	Sigue las aventuras de un corcel mustang salvaje e ingobernable que recorre la indÃ³mita frontera norteamericana. Cuando encuentra a un hombre por primera vez, un joven de la tribu de los Lakota llamado Little Creek, Spirit se niega a dejarse domar por Ã©l pero sÃ­ se hace amigo suyo. El valiente corcel tambiÃ©n encuentra el amor con una hermosa yegua llamada Rain. Spirit se conviertirÃ¡ en uno de los grandes hÃ©roes anÃ³nimos del Viejo Oeste.	https://image.tmdb.org/t/p/w500/gNRQdU3KEsYTIl4y9Xte3onUSsx.jpg	AnimaciÃ³n, Aventura, Familia, Drama, Western	7.696	0	0";;
"Splinter Cell - Deathwatch	Splinter Cell: Deathwatch	2025 - 2025	En el sombrÃ­o mundo del espionaje, Sam Fisher es a la vez un rumor y una leyenda, y vuelve a la acciÃ³n para ayudar a una nueva recluta a destapar una conspiraciÃ³n mundial.	https://image.tmdb.org/t/p/w500/38XJlQAYMcPjgqVhBO8VjkufSEx.jpg	AnimaciÃ³n, Action & Adventure	6.589	1	8";;
"Star vs las Fuerzas del Mal	Star contra las fuerzas del mal	2015 - 2019	Sigue la historia de Star, una apasionada y genial princesa adolescente de otra dimensiÃ³n. DespuÃ©s de recibir una Varita MÃ¡gica Real todopoderosa para su cumpleaÃ±os nÃºmero 14, sus padres de la realeza la envÃ­an a vivir con la familia DÃ­az y su responsable hijo Marco en la Tierra, y ella lleva su estilo interdimensional Ãºnico a su nuevo hogar.	https://image.tmdb.org/t/p/w500/drnY78Uwi4nYw4jOEp067WRl4Lt.jpg	Action & Adventure, AnimaciÃ³n, Comedia, Sci-Fi & Fantasy, Familia	8.365	4	140";;
"Star Wars - La Guerra de los Clones	La guerra de las galaxias. Episodio II: El ataque de los clones	2002	Corren tenebrosos tiempos para la RepÃºblica. Ã‰sta continÃºa envuelta en luchas y sumida en el caos. Un movimiento separatista, formado por centenares de planetas y poderosas alianzas y y lideradas por el misterioso conde Dooku, abre nuevas amenazas para la galaxia, a la que ni siquiera los Jedi parecen poder poner freno. Estas maniobras, planeadas hace mucho por una poderosa fuerza, conducen al estallido de las guerras clones y al principio del fin de la RepÃºblica. Para allanar el camino, los separatistas intentan asesinar a la senadora Padme Amidala. Para evitar futuros atentados, su seguridad es encomendada a dos caballeros Jedi...	https://image.tmdb.org/t/p/w500/pwwBIUqVSWrCBuUAvbaNdf7VajF.jpg	Aventura, AcciÃ³n, Ciencia ficciÃ³n	6.594	0	0";;
"Star Wars - Tales of the Jedi	Star Wars: Las crÃ³nicas jedi	2022 - 2022	AdÃ©ntrate en la historia de dos jedi muy distintos: Ahsoka Tano y el Conde Dooku. Ambos serÃ¡n puestos a prueba y tendrÃ¡n que tomar decisiones que marcarÃ¡n su destino.	https://image.tmdb.org/t/p/w500/6fNxi42CTphmvTiXHSWh2ojtrBC.jpg	AnimaciÃ³n, Sci-Fi & Fantasy, Action & Adventure	7.948	1	6";;
"Star Wars - The Bad Batch	Star Wars: La remesa mala	2021 - 2024	Sigue a los Clones experimentales y de Ã©lite de Bad Batch mientras encuentran su camino en una galaxia que cambia rÃ¡pidamente despuÃ©s de las Guerras Clon.	https://image.tmdb.org/t/p/w500/dmF2LqFb1Aj8jRktPdYapP7fWyx.jpg	AnimaciÃ³n, Action & Adventure, Sci-Fi & Fantasy	8.16	3	47";;
"Star Wars - Visions	Star Wars: Visions	2021 - 2025	Esta antologÃ­a de cortos de animaciÃ³n rinde homenaje a los mitos de Star Wars vistos con los ojos de distintas culturas del mundo.	https://image.tmdb.org/t/p/w500/j1GUg79nDfEf5O4gbmzKxSeWl7Z.jpg	AnimaciÃ³n, Sci-Fi & Fantasy, Action & Adventure	7.09	3	27";;
"Starship Troopers - Traitor of Mars [2017][1080p][4.04 Gb]	Starship Troopers: Traidor de Marte	2017	Rico ha sido degradado y enviado a una estaciÃ³n satÃ©lite de Marte, donde se ocuparÃ¡ de entrenar a un grupo de reclutas. Por supuesto no tardarÃ¡n en aparecer los conocidos bichos. Secuela de Starship Troopers: Invasion	https://image.tmdb.org/t/p/w500/u271ZQqLfSrfS0ON0xJqfdfdZoQ.jpg	AnimaciÃ³n, AcciÃ³n, Ciencia ficciÃ³n	5.909	0	0";;
"Steven Universe	Steven Universe: La pelÃ­cula	2019	Ambientada dos aÃ±os despuÃ©s de los acontecimientos acaecidos en la quinta temporada, un Steven de 16 aÃ±os se enfrenta a un mundo repleto de novedades. Aunque cree que su papel como guardiÃ¡n de la Tierra ya ha terminado, una nueva amenaza se cierne sobre Beach City, por lo que el joven hÃ©roe tendrÃ¡ que enfrentarse a su mayor desafÃ­o hasta la fecha.	https://image.tmdb.org/t/p/w500/bewhxwbmWTMe16dEQa8ICGe9Y1Y.jpg	PelÃ­cula de TV, AnimaciÃ³n, Familia, Aventura, FantasÃ­a	8.2	0	0";;
"Steven Universe Future	Steven Universe Future	2019 - 2020	""Steven Universe: Future"" servirÃ¡ como epÃ­logo para la saga.	https://image.tmdb.org/t/p/w500/fDdIlvGhBNnljro1ON6T9Q3hRpq.jpg	AnimaciÃ³n, Action & Adventure, Comedia, Sci-Fi & Fantasy, Familia	8.161	1	20";;
"Stitch! The Movie [2003][1080p][2.5 Gb]	La pelÃ­cula de Stitch	2003	ContinuaciÃ³n de las divertidas aventuras del entraÃ±able y travieso extraterrestre que cayÃ³ en la Tierra, transformando la vida de Lilo y toda su familia. Stitch, Peakley y Jumba ya forman parte de la familia, pero lo que Lilo y Stitch no saben es que Jumba se trajo de contrabando a la Tierra sus primeros 625... y ahora el malvado CapitÃ¡n Gantu quiere que regresen. DependerÃ¡ de Lilo y Stitch evitarlo y salvar a su familia de alienÃ­genas.	https://image.tmdb.org/t/p/w500/6MM0i4SrOPQblYSRS8jrOgZ4mlw.jpg	Comedia, Familia, AnimaciÃ³n, Ciencia ficciÃ³n	6.4	0	0";;
"Storks [2016][1080p][1.26 Gb]	CigÃ¼eÃ±as	2016	En MontaÃ±a CigÃ¼eÃ±a, viven las cigÃ¼eÃ±as que hace tiempo enviaban bebÃ©s a los padres de todo el mundo. Ahora distribuyen los paquetes de una compaÃ±Ã­a mundial de Internet. Junior, la mejor cigÃ¼eÃ±a repartidora de la compaÃ±Ã­a, estÃ¡ a punto de conseguir un ascenso, pero accidentalemete activa la MÃ¡quina de ProducciÃ³n de BebÃ©s y el resultado es una adorable niÃ±a ilegal. Para evitar que su jefe se entere, Junior y su amiga Tulip, el Ãºnico ser humano de MontaÃ±a CigÃ¼eÃ±a, se apresuran a entregar el bebÃ© en un viaje salvaje que podrÃ­a afectar a la integridad de mÃ¡s de una familia y restablecer la verdadera misiÃ³n de las cigÃ¼eÃ±as en el mundo. Debut en el largometraje de Doug Sweetland, responsable del corto de Pixar ""Presto"" (2008).	https://image.tmdb.org/t/p/w500/eEyLLrcUAvmAn6OoZwEvzCUG6Z6.jpg	Aventura, AnimaciÃ³n, Comedia, Familia	6.671	0	0";;
"Strange Magic [2015][720p][940 Mb]	Marianne y la pÃ³cima del amor (Strange Magic)	2015	Musical inspirado en El SueÃ±o de una Noche de Verano, de William Shakespeare, donde â€œcanciones populares de los Ãºltimos 60 aÃ±os relatan la historia de un nutrido reparto de goblins, elfos y hadas, y sus encontronazos para hacerse con una poderosa pociÃ³nâ€. (FILMAFFINITY)	https://image.tmdb.org/t/p/w500/7LhOt6vzoCFYBXKUjlAe3iV28tP.jpg	MÃºsica, AnimaciÃ³n, Familia, FantasÃ­a	7.224	0	0";;
"Super Mario Bros [2023][1080p][4.48 Gb]	Super Mario Bros: La pelÃ­cula	2023	Mientras trabajan en una averÃ­a subterrÃ¡nea, los fontaneros de Brooklyn, Mario y su hermano Luigi, viajan por una misteriosa tuberÃ­a hasta un nuevo mundo mÃ¡gico. Pero, cuando los hermanos se separan, Mario deberÃ¡ emprender una Ã©pica misiÃ³n para encontrar a Luigi. Con la ayuda del champiÃ±Ã³n local Toad y unas cuantas nociones de combate de la guerrera lÃ­der del Reino ChampiÃ±Ã³n, la princesa Peach, Mario descubre todo el poder que alberga en su interior.	https://image.tmdb.org/t/p/w500/4CDkQMpNDTtVKwS0BBZw5RIXDtY.jpg	Familia, Comedia, Aventura, FantasÃ­a, AnimaciÃ³n	7.604	0	0";;
"Tadeo Jones 2. El secreto del Rey Midas [2017][1080p][2.8 Gb]	Tadeo Jones 2: El secreto del rey Midas	2017	Segunda entrega de las aventuras de este albaÃ±il con un espÃ­ritu aventurero y soÃ±ador que acaba como arqueÃ³logo por casualidad. En esta ocasiÃ³n, Tadeo Jones viajarÃ¡ hasta Las Vegas. AllÃ­ acude a la presentaciÃ³n del Ãºltimo descubrimiento de la arqueÃ³loga Sara Lavroff. Se trata de un papiro que demuestra que el Collar de Midas, el Rey que convertÃ­a todo lo que tocaba en oro, existe de verdad. Pero las cosas se complicarÃ¡n cuando un malvado ricachÃ³n secuestre a Sara para asÃ­ hacerse con la reliquia y conseguir riquezas infinitas. SerÃ¡ entonces cuando Tadeo emprenderÃ¡ un viaje por medio mundo para evitarlo. Junto a sus fieles amigos el loro Belzoni y su perro Jeff, Tadeo tendrÃ¡ que echar mano de su ingenio para rescatar a Sara, en un arriesgado viaje, donde encontrarÃ¡ nuevos amigosâ€¦ y nuevos villanos. Â¿ConseguirÃ¡ salvar a Sara y evitar que el villano se haga con el poder?	https://image.tmdb.org/t/p/w500/zsaGcfQcGuRmSHfvQEbjj4gR9jP.jpg	AnimaciÃ³n, Aventura, Comedia, Familia	6.7	0	0";;
"Tadeo Jones 3 La tabla esmeralda	Tadeo Jones 3: La Tabla Esmeralda	2022	A Tadeo le encantarÃ­a que sus colegas arqueÃ³logos le aceptasen como a uno mÃ¡s, pero siempre acaba liÃ¡ndola: destroza un sarcÃ³fago y desata un conjuro que pone en peligro la vida de sus amigos, Momia, Jeff y Belzoni. Con todos en contra y solo ayudado por Sara, Tadeo emprenderÃ¡ una huida llena de aventuras, que le llevarÃ¡ de MÃ©xico a Chicago y de ParÃ­s a Egipto, para encontrar la manera de acabar con la maldiciÃ³n de la momia.	https://image.tmdb.org/t/p/w500/sK5e1HbxVbvzUuobpVWtaItRSSJ.jpg	AnimaciÃ³n, Aventura, Familia, Comedia, FantasÃ­a	7.471	0	0";;
"Tarzan [1999][1080p][4.2 Gb]	TarzÃ¡n	1999	Cuando Kala, una gorila hembra, encuentra un niÃ±o huÃ©rfano en la jungla, decide adoptarlo como su propio hijo a pesar de la oposiciÃ³n de Kerchak, el jefe de la manada. Junto a Terk, un gracioso mono, y Tantor, un elefante algo neurÃ³tico, TazÃ¡n crecerÃ¡ en la jungla desarrollando los instintos de los animales y aprendiendo a deslizarse entre los Ã¡rboles a velocidad de vÃ©rtigo. Pero cuando una expediciÃ³n se adentra en la jungla y TarzÃ¡n conoce a Jane, descubrirÃ¡ quiÃ©n es realmente y cuÃ¡l es el mundo al que pertenece...	https://image.tmdb.org/t/p/w500/1Gk8iihu4Q4BGh2n1IwNLB3zM8E.jpg	AnimaciÃ³n, Familia, Aventura	7.406	0	0";;
"Tarzan 2 [2005][1080p][3.45 Gb]	TarzÃ¡n 2	2005	Antes de ser el Rey de la Selva, TarzÃ¡n era un niÃ±o inquieto que intentaba encontrar su papel en el mundo. Cuando una de sus travesuras pone a su familia en peligro, TarzÃ¡n decide que ellos estarÃ¡n mejor sin Ã©l. AsÃ­ se embarca en un emocionante viaje que le llevarÃ¡ a encontrarse cara a cara con el misterioso Zugor, la fuerza mÃ¡s poderosa del planeta. Juntos, TarzÃ¡n y Zugor descubren que ser diferentes no es una debilidad y que los amigos y la familia son el mayor apoyo de todos.	https://image.tmdb.org/t/p/w500/5KRnGepv2b1daJ2WM8ZGnPS64nl.jpg	Aventura, AnimaciÃ³n, Familia	6.094	0	0";;
"Tarzan y Jane [2002][720p][930 Mb]	TarzÃ¡n y Jane	2002	TarzÃ¡n y Jane celebran su primer aÃ±o juntos, y Jane le busca el regalo perfecto con la ayuda de Terk y Tantor. Recordando todas las aventuras que han compartido, Jane decubre lo excitante que es vivir en la jungla: desde encuentros con viejos amigos y nuevos enemigos, hasta burlar a una hambrienta pantera o deslizarse sobre la lava de un volcÃ¡n en erupciÃ³n. Aunque vengan de mundos diferentes, TarzÃ¡n y Jane descubren que formando un equipo, no tienen rival.	https://image.tmdb.org/t/p/w500/6AEkHBqavdBdnuFvE0cSkm6Srns.jpg	AnimaciÃ³n, Familia, Aventura	6.049	0	0";;
"Teen Titans	Teen Titans Go! La pelÃ­cula	2018	Cuando los JÃ³venes Titanes se enteran de que otros superhÃ©roes de DC han realizado sus propias pelÃ­culas, estos buscaran encontrar en un viaje Ã©pico un director perfecto para su debut en la gran pantalla, pero un viejo enemigo tiene otras ideas planeadas para ellos.	https://image.tmdb.org/t/p/w500/c6DNJJyuqenEf0eEBXSi9sl7j7d.jpg	AnimaciÃ³n, AcciÃ³n, Comedia, Ciencia ficciÃ³n	7.172	0	0";;
"Telma, la Unicornio [2024][1080p][2.71 Gb]	Telma, la unicornio	2024	Una poni cantante que sueÃ±a con el estrellato salta a la fama al transformarse en una brillante unicornio, pero el camino de la popularidad serÃ¡ toda una aventura.	https://image.tmdb.org/t/p/w500/ohuki9saKOCtaKH72VBz5gx54tZ.jpg	AnimaciÃ³n, FantasÃ­a, Familia	6.9	0	0";;
"The Bad Guys - Breaking In	Los tipos malos: Malos comienzos	2025 - 2026	Â¿CÃ³mo empezaron los Tipos Malos en el mundo del crimen? DescÃºbrelo en esta divertida serie precuela, ambientada antes de las pelÃ­culas.	https://image.tmdb.org/t/p/w500/ycdB6a7XGLhJjpkBFaRTLsGKw7H.jpg	AnimaciÃ³n, Crimen, Comedia, Familia	6.8	2	19";;
"The Bad Guys [2022][1080p][2.06 Gb]	Los tipos malos	2022	Cinco villanos notorios: el Sr. Lobo, Sr. Serpiente, Sr. PiraÃ±a, Sr. TiburÃ³n y Srta. TarÃ¡ntula, que han pasado toda una vida juntos realizando grandes atracos.	https://image.tmdb.org/t/p/w500/czxHSOXyKd6zEvIOvUTxAwqOjcK.jpg	AcciÃ³n, AnimaciÃ³n, Comedia, Crimen, Familia	7.531	0	0";;
"The Bad Guys 2 [2025][1080p][3.61 Gb]	Los tipos malos 2	2025	Un genial equipo de animales que no respetan la ley, los ahora muy reformados Tipos Malos, se esfuerzan (mucho, muchÃ­simo) en ser buenos, pero se ven envueltos involuntariamente en un golpe de envergadura mundial planeado por un inesperado grupo de criminales: las Tipas Malas.	https://image.tmdb.org/t/p/w500/mZmnKDhIS2yNmtfzde5vtdCYzBF.jpg	Familia, Comedia, Crimen, Aventura, AnimaciÃ³n	7.654	0	0";;
"The Boss Baby - Christmas Bonus [2022][1080p][1 Gb]	El extra navideÃ±o del BebÃ© Jefazo	2022	La Nochebuena se complica cuando el BebÃ© Jefazo ocupa el lugar de uno de los elfos de PapÃ¡ Noel por error y se queda atrapado en el Polo Norte.	https://image.tmdb.org/t/p/w500/oYqSHD0bYRZFyZIocUsKXzDJULK.jpg	AnimaciÃ³n, Familia, Aventura	6.686	0	0";;
"The Boss Baby [2017][1080p][2 Gb]	The Boss Baby and Tim's Treasure Hunt Through Time	2017		https://image.tmdb.org/t/p/w500/xDf1Q5xktwhPbvzA8dybi2nrLKB.jpg	AnimaciÃ³n	6.2	0	0";;
"The Boss Baby 2 - Family Business [2021][1080p][2.3 Gb]	El bebÃ© jefazo: Negocios de familia	2021	Los hermanos Templeton se han convertido en adultos y se han alejado el uno del otro, pero un nuevo jefe bebÃ© con un enfoque de vanguardia estÃ¡ a punto de unirlos nuevamente e inspirar un nuevo negocio familiar.	https://image.tmdb.org/t/p/w500/6KRFqIAE5gz35b1kZoFcrqmfOj2.jpg	AnimaciÃ³n, Comedia, Aventura, Familia	7.331	0	0";;
"The Croods [2013][1080p][1.93 Gb]	Los Croods	2013	La pelÃ­cula estÃ¡ ambientada en la prehistoria, donde Crug lidera a su familia mÃ¡s allÃ¡ de la comodidad de su hogar despuÃ©s de que este sea destruido por un gran terremoto. Mientras intentan viajar por el desconocido y aterrador mundo, se encuentran con un nÃ³mada que cautiva a su clan, en especial a su hermana mayor, con su mente moderna.	https://image.tmdb.org/t/p/w500/3X3qtBTgKt5mCB30RJwbIjgjzdw.jpg	AnimaciÃ³n, Aventura, Familia, Comedia	6.9	0	0";;
"The Croods 2 - A New Age [2020][720p][903 Mb]	Los Croods: Una nueva era	2020	DespuÃ©s de salir de su cueva, los Croods se encuentran con su mayor amenaza desde que se fueron: otra familia llamada Betterman, quienes afirman y demuestran ser mejores y evolucionados. Grug empieza a sospechar de los padres de Betterman, Phil y Hope, ya que planean en secreto separar a su hija Eep con su amado novio Guy para asegurarse de que su hija Dawn tenga un compaÃ±ero amoroso e inteligente que la proteja.	https://image.tmdb.org/t/p/w500/5uMWKEmegf5aTJnp1u98JF4QerP.jpg	AnimaciÃ³n, Familia, Aventura, FantasÃ­a, Comedia	7.4	0	0";;
"The Dragon Prince	Belle	2021	En la vida real, Suzu es una adolescente acomplejada atrapada en su pequeÃ±o pueblo de montaÃ±a con su padre. Pero en el mundo virtual de 'U', Suzu se convierte en Belle, un icono musical con mÃ¡s de cinco mil millones de seguidores. Su vida tomarÃ¡ un giro inesperado cuando Belle conozca a Bestia, una criatura tan fascinante como aterradora.	https://image.tmdb.org/t/p/w500/uboCDV8S5qOfV1PLyKXb9Wc4EL0.jpg	AnimaciÃ³n, Ciencia ficciÃ³n, FantasÃ­a	7.617	0	0";;
"The Good Dinosaur [2015][1080p][3.51 Gb]	El viaje de Arlo	2015	Â¿QuÃ© hubiera pasado si el asteroide que cambiÃ³ para siempre la vida en la Tierra no hubiese impactado en nuestro planeta? Â¿QuÃ© pasarÃ­a si los dinosaurios gigantes nunca se hubiesen extinguido? El viaje de Arlo nos traslada a un mundo donde el asteroide que terminÃ³ de forma dramÃ¡tica con los dinosaurios, pasa de largo. La consecuencia de este colosal cambio es que ahora los dinosaurios y los humanos tienen que vivir juntos en la Tierra.	https://image.tmdb.org/t/p/w500/1WKI6PM79XjK2LVS1B4yoG3wNHw.jpg	Aventura, AnimaciÃ³n, Familia	6.744	0	0";;
"The Hollow	The Hollow Point	2016	En las desoladas carreteras de una ciudad fronteriza, el trato de un cÃ¡rtel ha ido mal. El nuevo sheriff de la ciudad debe aliarse con el antiguo sheriff al que reemplaza, para investigar el origen del trato, para poder detener a un misterioso asesino a sueldo del cÃ¡rtel.	https://image.tmdb.org/t/p/w500/I3nqs2RHuGNjhIHrU7yG3Ai0fc.jpg	AcciÃ³n, Drama, Suspense, Crimen, Western, Aventura, Misterio	5.735	0	0";;
"The Incredibles [2004][1080p][2.99 Gb]	Los IncreÃ­bles	2004	Como Mr. IncreÃ­ble y Elastigirl, Bob y su esposa Helen estaban entre los mejores luchadores contra el crimen. Por fin pueden volver a la acciÃ³n cuando una misteriosa llamada cita a Bob en una isla remota.	https://image.tmdb.org/t/p/w500/al1jusd4T7JPatZlj4BuYkDDOzr.jpg	AcciÃ³n, Aventura, AnimaciÃ³n, Familia	7.726	0	0";;
"The Incredibles 2  [2018][1080p][3.82 Gb]	Los IncreÃ­bles 2	2018	Helen tiene que liderar una campaÃ±a para que los superhÃ©roes regresen, mientras Bob vive su vida 'normal' con Violet, Dash y el bebÃ© Jack-Jack â€”cuyos superpoderes descubriremosâ€”. Su misiÃ³n se va a pique cuando aparece un nuevo villano con un brillante plan que lo amenaza todo. Pero los Parr no se amedrentarÃ¡n y menos teniendo a Frozone de su parte.	https://image.tmdb.org/t/p/w500/bJjc0217DuipdwJ0wyi3I4j6soR.jpg	AcciÃ³n, Aventura, AnimaciÃ³n, Familia	7.453	0	0";;
"The LEGO Batman Movie [2017][1080p][3.33 Gb]	Batman: La LEGO pelÃ­cula	2017	Spin-off de ""La LEGO PelÃ­cula"", protagonizado por Batman. En esta ocasiÃ³n, el irreverente Batman, que tambiÃ©n tiene algo de artista frustrado, intentarÃ¡ salvar la ciudad de Gotham de un peligroso villano, el Joker. Pero no podrÃ¡ hacerlo solo, y tendrÃ¡ que aprender a trabajar con sus demÃ¡s aliados.	https://image.tmdb.org/t/p/w500/9F7OQVDMmvUJVwI7s0yzGNftC2F.jpg	AnimaciÃ³n, AcciÃ³n, Comedia, Familia	7.246	0	0";;
"The LEGO Movie - Ninjago [2017][1080p][3.2 Gb]	La Lego Ninjago pelÃ­cula	2017	En la pelÃ­cula, la batalla por Ninjago City llama la atenciÃ³n del joven maestro constructor Lloyd (Ninja Verde) y de sus amigos, todos ellos ninjas secretos. Dirigidos por el maestro Wu deberÃ¡n derrotar al malvado guerrero Garmadon, un tipo tremedamente malvado que a su vez es padre de Lloyd. Padre contra hijo e hijo contra padre, este Ã©pico enfrentamiento probarÃ¡ a un equipo de ninjas indisciplinados que deberÃ¡n aprender a controlar sus egos y trabajar unidos si quieren acabar victoriosos.	https://image.tmdb.org/t/p/w500/k3KdTPZcZ2ZcnLEXyc651Tgyz3M.jpg	AcciÃ³n, Aventura, AnimaciÃ³n, Comedia, Familia	6.504	0	0";;
"The LEGO Movie [2014][1080p][3.6 Gb]	La LEGO pelÃ­cula	2014	PelÃ­cula basada en los clÃ¡sicos juguetes LEGO. Emmet, el protagonista de la pelÃ­cula, trabaja como constructor en la ciudad Lego, pero sus conocimientos de construcciÃ³n no van mÃ¡s allÃ¡ de colocar las fichas atendiendo pormenorizadamente las instrucciones de edificaciÃ³n. Sin embargo, sin saber cÃ³mo ni por quÃ©, Emmet es confundido con un 'MasterBuilder' e introducido como cabecilla de una misiÃ³n que tiene por objetivo evitar que un malvado acabe con la ciudad de bloques. Por suerte, los habitantes de tan atÃ­pico lugar no estÃ¡n solos. Los mismÃ­simos Superman y Batman han tomado la forma de muÃ±ecos Lego para tomar parte de esta gran aventura.	https://image.tmdb.org/t/p/w500/faKcUazMUagPhx9N3kKNaUCrES4.jpg	AnimaciÃ³n, Familia, Aventura, Comedia, FantasÃ­a	7.428	0	0";;
"The LEGO Movie 2 - The Second Part [2019][108p][4.2 Gb]	La LEGO pelÃ­cula 2	2019	Han pasado cinco aÃ±os desde que todo era fabuloso y los ciudadanos se enfrentan a una gran nueva amenaza: los invasores LEGO DUPLOÂ® del espacio exterior, destruyendo todo mÃ¡s rÃ¡pido de lo que pueden reconstruir.	https://image.tmdb.org/t/p/w500/pOMqelYclqbnj4f7mL5KgSN5rJj.jpg	AcciÃ³n, Aventura, AnimaciÃ³n, Comedia, Familia	6.656	0	0";;
"The Loud House	The Loud House: Schooled!	2020		https://image.tmdb.org/t/p/w500/95fA8xjveAQudQfP1SzL1Rou5rm.jpg	MÃºsica, PelÃ­cula de TV, AnimaciÃ³n, Familia, Comedia	9.0	0	0";;
"The Mighty Nein	The Mighty Nein	2025 - 2025	Un grupo de marginados, criminales e inadaptados se ven abocados a salvar el continente cuando una reliquia arcana capaz de remodelar la realidad cae en manos equivocadas.	https://image.tmdb.org/t/p/w500/qJTZanXDiJKABLNGRM9LmSg8YT7.jpg	AnimaciÃ³n, Action & Adventure, Sci-Fi & Fantasy	8.0	1	8";;
"The Nightmare Before Christmas [1993][1080p][2.3 Gb]	Pesadilla antes de Navidad	1993	Cuando Jack Skellington, el SeÃ±or de Halloween, descubre la Navidad, se queda fascinado y decide mejorarla. Sin embargo, su visiÃ³n de la festividad es totalmente contraria al espÃ­ritu navideÃ±o. Sus planes incluyen el secuestro de Santa Claus y la introducciÃ³n de cambios bastante macabros. SÃ³lo su novia Sally es consciente del error que estÃ¡ cometiendo.	https://image.tmdb.org/t/p/w500/pqFPpQ77VZ0moRgRRsxx7p39CS3.jpg	FantasÃ­a, AnimaciÃ³n, Familia	7.831	0	0";;
"The Polar Express [2004][1080p][2.5 Gb]	Polar Express	2004	Esta es la historia de un jovencito en la vÃ­spera de Navidad quien aborda un poderoso y mÃ¡gico tren que se dirige al hogar de PapÃ¡ Noel, en el Polo Norte. Lo que se desarrolla es una aventura que sigue al dubitativo niÃ±o, quien toma un tren extraordinario al Polo Norte";" durante este viaje, se embarca en una experiencia de autodescubrimiento que le muestra que las maravillas de la vida nunca se desvanecen para quienes creen.	https://image.tmdb.org/t/p/w500/ja6QGEUkP8t3wjjoHYvpRStomlT.jpg	Aventura, AnimaciÃ³n, Familia, FantasÃ­a	6.724	0	0";
"The Sea Beast [2022]	El monstruo marino	2022	Una joven polizona se cuela en el navÃ­o de un cazador legendario de monstruos marinos y juntos emprenden un viaje Ã©pico por mares inexplorados. Y hacen historia.	https://image.tmdb.org/t/p/w500/wEdvvT8js6qhdVvxGkeYqr6gayP.jpg	AnimaciÃ³n, Aventura, AcciÃ³n, Familia, FantasÃ­a	7.334	0	0";;
"The Secret of NIMH [1982][720p][830 Mb]	Nimh, el mundo secreto de la Sra. Brisby	1982	Ante la amenza de que el hogar de una familia de ratones de campo sea destruido, la madre, la seÃ±ora Brisby, pide ayuda... Dibujos animados para los mÃ¡s pequeÃ±os de la casa, con una de las partituras mÃ¡s geniales del compositor de bandas sonoras Jerry Goldsmith.	https://image.tmdb.org/t/p/w500/knBSHvgA3c48W7QqusHhrF8cfL7.jpg	Aventura, AnimaciÃ³n, Drama, Familia, FantasÃ­a, Misterio, Ciencia ficciÃ³n	7.454	0	0";;
"The Wild Robot [2024][1080p][3.4 Gb]	Robot salvaje	2024	Esta aventura Ã©pica cuenta la historia de una robot, Rozzum 7-1-3-4, ""Roz"" para abreviar, que naufraga en una isla inhabitada y debe aprender a adaptarse a los entornos rigurosos construyendo relaciones con los animales de la isla y convirtiÃ©ndose en la madre adoptiva de una crÃ­a de ganso huÃ©rfana.	https://image.tmdb.org/t/p/w500/a0a7RC01aTa7pOnskgJb3mCD2Ba.jpg	Familia, AnimaciÃ³n, Ciencia ficciÃ³n, Aventura	8.313	0	0";;
"The Willoughbys [2020][1080p][2.82 Gb]	Los hermanos Willoughby	2020	Los hermanos Willoughby estÃ¡n convencidos de que sin sus padres (un par de egoÃ­stas) les irÃ­a mucho mejor. Cuando consiguen mandarlos de vacaciones, los cuatro niÃ±os se embarcan en una aventura en busca del verdadero significado de la familia.	https://image.tmdb.org/t/p/w500/v1W9uSS3W7oil0Lo9QUJesey0i5.jpg	Aventura, AnimaciÃ³n, Comedia, Familia, FantasÃ­a	7.039	0	0";;
"The Witcher - Nightmare of the Wolf [2021][1080p][1.77 Gb]	The Witcher: La pesadilla del lobo	2021	El brujo Vesemir mata monstruos por el dinero y la gloria. Hasta que surge una nueva amenaza y debe enfrentarse a los demonios de su mÃ­sero pasado.	https://image.tmdb.org/t/p/w500/y76K8SvpzFQ8gkp3lMmeoB7I6WN.jpg	AnimaciÃ³n, AcciÃ³n, FantasÃ­a	7.428	0	0";;
"Throne of Elves [2017][720p][1 Gb]	El reino de los elfos	2016	En el mÃ­tico mundo elfo de Altera, una Ã©pica lucha tiene lugar entre la princesa Liya y la malvada Elfa Oscura Elena, quien ahora tiene en su poder una gema de gran poder. Secuela de Dragon Nest: Warriors' Dawn (2015).	https://image.tmdb.org/t/p/w500/An0GnDkgrblHGeJx8fXard1gizm.jpg	FantasÃ­a, AnimaciÃ³n, Familia	7.601	0	0";;
"Tinker Bell [2008][1080p][1.62 Gb]	Campanilla	2008	Campanilla, nacida en el mundo fantÃ¡stico de la Hondonada de las Hadas, descubre que su talento es tintinear. Cuando las hadas se preparan para traer la primavera al mundo, Campanilla piensa que su talento no es igual de Ãºtil, especial o importante que el del resto, y por eso no puede ir a Tierra firme. Por ello, Campanilla suplica a sus amigas hadas Rosetta, Silvermist, Fawn e Iridessa que le enseÃ±en sus talentos y asÃ­ poder acompaÃ±arlas en sus viajes.	https://image.tmdb.org/t/p/w500/1pUkm0XAVVD2CrTF4YdGOVfXjTY.jpg	AnimaciÃ³n, Familia, Aventura, FantasÃ­a	6.9	0	0";;
"Tinker Bell 2 - El Tesoro Perdido [2009][1080p][1.78 Gb]	Campanilla y el tesoro perdido	2009	Las fiestas de este otoÃ±o prometen ser especiales. HabrÃ¡ luna azul, lo que permitirÃ¡ que las hadas utilicen una preciosa piedra lunar para rejuvenecer el Ã¡rbol de polvo de estrellas, la fuente de toda su magia. Pero cuando su amiga Terence le ofrece su ayuda, su temperamento hace que deba ir a la ciudad de las hadas para arreglar las cosas, donde descubre el tesoro mÃ¡s grande de todos.	https://image.tmdb.org/t/p/w500/s5ggvZQMXhP3O2dQD8iQE46K6b6.jpg	AnimaciÃ³n, Familia, Aventura, FantasÃ­a	6.828	0	0";;
"Tinker Bell 3 - Hadas al Rescate [2010][1080p][1.47 Gb]	Campanilla y el gran rescate	2010	Campanita visita las praderas de Inglaterra en verano y desarrolla una relaciÃ³n especial con una niÃ±a. Cuando las otras hadas lanzan un rescate audaz, Campanita tiene que hacerse cargo de todas para mantener a las hadas a salvo.	https://image.tmdb.org/t/p/w500/AmUOjwjgz1vGnAmnR51NVv0hqAe.jpg	AnimaciÃ³n, Aventura, Familia, FantasÃ­a	6.8	0	0";;
"Tinker Bell 4 - El Secreto de las Hadas [2012][1080p][1.81 Gb]	Campanilla: El secreto de las hadas	2012	Para Campanilla y el resto de las hadas de la temporada cÃ¡lida, el Bosque del Invierno sigue siendo un lugar misterioso y prohibido. Con ""Campanilla: El Secreto de las Hadas"", el pÃºblico acompaÃ±arÃ¡ a Campanilla en un increÃ­ble viaje a ese mundo prohibido donde descubrirÃ¡ un secreto mÃ¡gico que cambiarÃ¡ su vida para siempre.	https://image.tmdb.org/t/p/w500/soPOZlksVHcumHnhyRlI3XtAVyx.jpg	AnimaciÃ³n, Familia, FantasÃ­a, Aventura	7.2	0	0";;
"Tinker Bell 5 - Hadas y Piratas [2014][1080p][2.17 Gb]	Campanilla: Hadas y piratas	2014	Zarina, una incomprendida hada guardiana del polvo de hada, roba el importantÃ­simo Polvo de Hada Azul de la Hondonada de las Hadas, y se escapa para unirse a los piratas de la Roca Calavera. AsÃ­ que Campanilla y sus amigas las hadas emprenden la aventura de su vida para recuperarlo. Pero mientras persiguen a Zarina, el mundo de Campanilla se convierte en un caos. Ella y sus amigas se dan cuenta de que sus talentos respectivos estÃ¡n cambiados y tienen que emprender una carrera a contrarreloj para recuperar el Polvo de Hada Azul para salvar la Hondonada de las Hadas.	https://image.tmdb.org/t/p/w500/7Jrap24Ki03bC39hbfyebw3xDul.jpg	AnimaciÃ³n, Familia	6.955	0	0";;
"Tinker Bell 6 - La Bestia de Nunca Jamas [2014][720p][685 Mb]	Campanilla y la leyenda de la bestia	2014	Fawn, el hada protectora de los animales amiga de Campanilla, no estÃ¡ pasando por su mejor momento. EmpeÃ±ada en ayudar a todos los seres vivos, ha puesto en peligro varias veces a los habitantes de la Hondonada de las Hadas y su reputaciÃ³n no parece que vaya a mejorar tras empeÃ±arse en ocultar a una extraÃ±a bestia que ha aparecido en la zona.	https://image.tmdb.org/t/p/w500/14Yjf8xW2uWkZ3ZhagbrKMXbe70.jpg	Aventura, AnimaciÃ³n, Familia	7.4	0	0";;
"Totally Spies	Totally Spies!: La pelÃ­cula	2009	AdaptaciÃ³n de la serie Totally Spies, que cuenta cÃ³mo las protagonistas se convirtieron en espÃ­as.	https://image.tmdb.org/t/p/w500/vNZ7ky6Omu9Ik5TgCMBhhAZRsMC.jpg	AnimaciÃ³n, Aventura, Comedia, Familia	6.3	0	0";;
"Toy Story [1995][1080p][1.49 Gb]	Toy Story	1995	Los juguetes de Andy, un niÃ±o de seis aÃ±os, temen que haya llegado su hora y que un nuevo regalo de cumpleaÃ±os les sustituya en el corazÃ³n de su dueÃ±o. Woody, un vaquero que ha sido hasta ahora el juguete favorito de Andy, trata de tranquilizarlos hasta que aparece Buzz Lightyear, un hÃ©roe espacial dotado de todo tipo de avances tecnolÃ³gicos. Woody es relegado a un segundo plano, pero su constante rivalidad se transformarÃ¡ en una gran amistad cuando ambos se pierden en la ciudad sin saber cÃ³mo volver a casa.	https://image.tmdb.org/t/p/w500/jvn7wy3RSNEXnFSXLpH2of2LcV6.jpg	Familia, Comedia, AnimaciÃ³n, Aventura	7.976	0	0";;
"Toy Story 2 [1999][1080p][1.66 Gb]	Toy Story 2	1999	Cuando Andy se va de campamento dejando solos a los juguetes, Al McWhiggin, un compulsivo coleccionista de juguetes valiosos, secuestra a Woody. Buzz Lightyear y el resto de los juguetes de Andy deberÃ¡n actuar con rapidez para rescatarlo, poniÃ©ndose al frente de una operaciÃ³n de rescate durante la cual se enfrentarÃ¡n a mÃºltiples peligros y divertidas situaciones.	https://image.tmdb.org/t/p/w500/6zI0N9blJ9DwuV2xgl3TdGFLtn0.jpg	AnimaciÃ³n, Comedia, Familia	7.608	0	0";;
"Toy Story 3 [2010][1080p][1.84 Gb]	Toy Story 3	2010	Sabiendo que su dueÃ±o Andy, que ya no es un niÃ±o, se prepara para ir a la universidad, el vaquero Woody, el astronauta Buzz y el resto de sus amigos juguetes comienzan a preocuparse ante su incierto futuro. Efectivamente todos acaban en una guarderÃ­a, donde por ejemplo la muÃ±eca Barbie conocerÃ¡ al guapo Ken. Esta reuniÃ³n de nuestros amigos con otros nuevos juguetes no serÃ¡ sino el inicio de un montÃ³n de trepidantes y divertidas aventuras.	https://image.tmdb.org/t/p/w500/yBSISwqix2z0JiwIrM3r6fiI6Cm.jpg	AnimaciÃ³n, Familia, Comedia	7.806	0	0";;
"Toy Story 4 [2019][1080p][1.79 Gb]	Toy Story 4	2019	Woody siempre ha tenido claro cuÃ¡l es su labor en el mundo y cuÃ¡l es su prioridad: cuidar a su dueÃ±o, ya sea Andy o Bonnie. Sin embargo, Woody descubrirÃ¡ lo grande que puede ser el mundo para un juguete cuando Forky se convierta en su nuevo compaÃ±ero de habitaciÃ³n. Los juguetes se embarcarÃ¡n en una aventura de la que no se olvidarÃ¡n jamÃ¡s.	https://image.tmdb.org/t/p/w500/yF1vPDuHVrAUMX5dy1tVMbAjkEL.jpg	Familia, Comedia, AnimaciÃ³n, Aventura	7.462	0	0";;
"Treasure Planet [2002][1080p][3.42 Gb]	El planeta del tesoro	2002	Jim, un surfista solar, se enfrenta a una cacerÃ­a intergalÃ¡ctica de tesoros cuando cae en sus manos un legendario mapa que le llevarÃ¡ a buscar la fortuna mÃ¡s grande del Universo. A bordo de un espectacular 'galeÃ³n solar', Jim se convierte en el ayudante del cocinero del barco, John Silver -mitad hombre, mitad mÃ¡quina-, que le enseÃ±a a ser un buen explorador del espacio.	https://image.tmdb.org/t/p/w500/cwwRIK1V1R6QQKromGi0OaJLD8l.jpg	Ciencia ficciÃ³n, Aventura, AnimaciÃ³n, Familia, FantasÃ­a	7.571	0	0";;
"Trollhunters - Tales of Arcadia	Trollhunters: Cuentos de Arcadia	2016 - 2018	Trollhunters narra las aventuras del grupo de residentes del vecindario ficticio conocido como Arcadia, donde descubrirÃ¡n que existe un mundo debajo de su querida ciudad que es tan amplio y asombroso como ningÃºn otro que conozcan en la superficie.  Nadie en el pueblo cree en los rumores que indican que los trolls existen, pero el joven de 15 aÃ±os Jim Jr. estÃ¡ por descubrir que son una amenaza bastante real y que durante la noche casi nadie estÃ¡ seguro.	https://image.tmdb.org/t/p/w500/vdkdcl7R1mL6NPjyzUi1xsNG4b0.jpg	Familia, AnimaciÃ³n, Action & Adventure, Comedia, Sci-Fi & Fantasy	8.455	3	52";;
"Trolls [2016][1080p][2.3 Gb]	Trolls	2016	Conocidos por sus pelos de colores, locos y mÃ¡gicos, los Trolls son las criaturas mÃ¡s felices y alegres que irrumpen en el mundo de la canciÃ³n. Pero su mundo de arco iris y cupcakes cambiarÃ¡ para siempre cuando su lÃ­der Poppy debe embarcarse en una misiÃ³n de rescate que la llevarÃ¡ muy lejos del Ãºnico mundo que siempre ha conocido.	https://image.tmdb.org/t/p/w500/grCBNLzAGbRrGMzF4eTM9EXwP78.jpg	Aventura, AnimaciÃ³n, Comedia, Familia, FantasÃ­a, MÃºsica	6.6	0	0";;
"Trolls 2 - World Tour [2020][1080p][2.4 Gb]	Trolls 2: Gira mundial	2020	En una aventura que les llevarÃ¡ mÃ¡s allÃ¡ de todo lo que habÃ­an conocido, Poppy y Branch descubren que su tribu de Trolls es solo una de las seis que existen, que el resto estÃ¡n repartidas en seis reinos y consagradas a seis tipos distintos de mÃºsica: funk, country, tecno, clÃ¡sica, pop y rock. La reina BÃ¡rbara, miembro de la realeza del hard rock, y su padre, el Rey Metal, quieren acabar con el resto de gÃ©neros musicales e imponer el reinado del rock. Con el destino del mundo en juego, Poppy y Branch, junto con el resto de la pandilla â€” GrandullÃ³n, Chanelle, SatÃ©n, Cooper y Guy Diamanteâ€”, visitarÃ¡n los demÃ¡s reinos para unir a los Trolls contra los planes de Barb de eclipsarlos a todos.	https://image.tmdb.org/t/p/w500/9GdgycCYq3vnxLHw5Ldah8JEjH4.jpg	Familia, AnimaciÃ³n, Comedia, FantasÃ­a, Aventura, MÃºsica	7.2	0	0";;
"Trolls 3 - Band Together [2023][1080p][2.6 Gb]	Trolls 3: Todos juntos	2023	Cuando Floyd, uno de los hermanos de Branch, es secuestrado por una pareja de malÃ©ficas estrellas del pop para aprovecharse de su talento musical, Branch y Poppy tendrÃ¡n que embarcarse en un viaje tan aterrador como emotivo para reunir a la familia y rescatar a Floyd de un destino aÃºn peor que el desolador olvido de los fans.	https://image.tmdb.org/t/p/w500/saGpA6u71TPA8DyTYoAqSBGVZW.jpg	AnimaciÃ³n, Familia, MÃºsica, FantasÃ­a, Comedia, Aventura	7.2	0	0";;
"Tron - La Resistencia	Tron: La resistencia	2012 - 2013	La historia habla sobre Beck, un programa joven que se convierte en el lÃ­der hÃ¡bil de una revoluciÃ³n dentro de La Red. Su misiÃ³n es liberar a su familia y amigos del reinado de Clu 2 y su secuaz el General Tesler. Beck serÃ¡ entrenado por Tron, el mÃ¡s grande guerrero que la Red ha llegado a conocer. Tron no sÃ³lo le enseÃ±arÃ¡ a Beck a luchar y a controlar las habilidades de ciclo de luz que necesita, sino que serÃ¡ un guÃ­a y un mentor para Ã©l a medida que crece mÃ¡s allÃ¡ de su naturaleza juvenil. Beck, a pesar de ser impulsivo, es valiente, poderoso lÃ­der y fuerte. Destinado a convertirse en el prÃ³ximo Tron de La Red, Beck se convierte en el gran enemigo del General Tesler y sus fuerzas represivas.	https://image.tmdb.org/t/p/w500/dgajee1p38rJo6ndgvJRti4eqcp.jpg	AnimaciÃ³n, Drama, Action & Adventure, Sci-Fi & Fantasy, Familia	7.5	1	18";;
"Turbo [2013][1080p][2 Gb]	Turbo	2013	Turbo es un caracol de jardÃ­n con un sueÃ±o imposible: convertirse en el caracol mÃ¡s rÃ¡pido del mundo. Cuando un extraÃ±o accidente le da el poder de la sÃºper-velocidad, Turbo intentarÃ¡ cumplir su sueÃ±o. Primero se harÃ¡ amigo de una peculiar pandilla de caracoles callejeros tuneados y obsesionados con la velocidad, y allÃ­ Turbo aprenderÃ¡ que nadie llega a tener Ã©xito por sÃ­ solo. AsÃ­ que coloca su corazÃ³n y su concha en la lÃ­nea de salida dispuesto a ayudar a sus colegas a lograr sus sueÃ±os, antes de intentar alcanzar su sueÃ±o imposible: ganar las 500 millas de IndianÃ¡polis.	https://image.tmdb.org/t/p/w500/lDARMqluCrWaFgybY9KHLY96L3n.jpg	AnimaciÃ³n, Familia	6.269	0	0";;
"Turning Red [2022][1080p][2.12 Gb]	Red	2022	Mei Lee, una niÃ±a de 13 aÃ±os un poco rara pero segura de sÃ­ misma, se debate entre ser la hija obediente que su madre quiere que sea y el caos propio de la adolescencia. Ming, su protectora y ligeramente exigente madre, no se separa nunca de ella lo que es una situaciÃ³n poco deseable para una adolescente. Y por si los cambios en su vida y en su cuerpo no fueran suficientes, cada vez que se emociona demasiado (lo que le ocurre prÃ¡cticamente todo el tiempo), se convierte en un panda rojo gigante.	https://image.tmdb.org/t/p/w500/djM4COTksd5YRIdd9uEl8eA3iaa.jpg	AnimaciÃ³n, Familia, Comedia, FantasÃ­a	7.335	0	0";;
"Twilight of the Gods	Twilight of the Gods	2013		https://image.tmdb.org/t/p/w500/oo89jORReTe6gplIl1bdyvbQIpR.jpg	Drama	3.0	0	0";;
"UglyDolls - Extraordinariamente Feos [2019][1080p][3.30 Gb]	UglyDolls: Extraordinariamente feos	2019	Hace muchos aÃ±os, se crearon los muÃ±ecos para dar felicidad a todos los niÃ±os del mundo. Pero, Â¿alguna vez te has preguntado de dÃ³nde vienen? Viven en una ciudad mÃ¡gica donde todo es perfecto. Por el contrario, los UglyDolls, los muÃ±ecos de peluche imperfectos, viven en Feolandia, un mundo en el que nadie los juzga y en el que se sienten felices y protegidos. Pero...Â¿quÃ© pasarÃ­a si estos dos mundos se unieran?	https://image.tmdb.org/t/p/w500/hpSUclx8IJ6yrDxG54JSP03JmPq.jpg	AnimaciÃ³n, MÃºsica, Familia, Comedia	6.641	0	0";;
"Ultramarines- A Warhammer 40,000 [2010][1080p][1.13 Gb]	Ultramarines	2010	En un oscuro futuro, la guerra es la Ãºnica opciÃ³n... adaptaciÃ³n del videojuego ""Universo Warhammer 40,000"".	https://image.tmdb.org/t/p/w500/eFfkF9uVqOhAxIKEyNCHfRRdGgj.jpg	AnimaciÃ³n, Ciencia ficciÃ³n	5.84	0	0";;
"Un Monstruo en ParÃ­s [2011][720p][900 Mb]	Un monstruo en ParÃ­s	2011	Hacia 1910, en ParÃ­s, una extraÃ±a criatura tiene aterrorizada a la poblaciÃ³n. Emilio y RaÃºl, dos hombres que no tienen nada en comÃºn y no muy predispuestos a la aventura, emprenden la caza del monstruo. Gracias a esta misiÃ³n lograrÃ¡n encontrarse a sÃ­ mismos, descubrir el amor y romper con toda clase de prejuicios, lo que les lleva a albergar dudas sobre la verdadera naturaleza de ese extraÃ±o ser.	https://image.tmdb.org/t/p/w500/eVEJypxPzc1Tox9BGVhgmrCaCbh.jpg	Aventura, AnimaciÃ³n, Comedia, Familia, FantasÃ­a	6.906	0	0";;
"Un Show Mas	Historias corrientes: La pelÃ­cula	2015	Mordecai y Rigby viajan al pasado para detener un experimento fallido de su Ã©poca escolar que amenaza con destruir el tejido del tiempo. Junto a sus compaÃ±eros del parque, deben enfrentar a un antiguo profesor vengativo y salvar el universo. En el proceso, su amistad se pone a prueba al revelarse un secreto que cambiÃ³ sus vidas para siempre.	https://image.tmdb.org/t/p/w500/7eWLv7mxAKnFPqbtPOJy6iHb2Bx.jpg	AnimaciÃ³n, Comedia, Ciencia ficciÃ³n, Aventura	7.9	0	0";;
"Un Show Mas La Pelicula [2015][1080p][4.11 Gb]	Historias corrientes: La pelÃ­cula	2015	Mordecai y Rigby viajan al pasado para detener un experimento fallido de su Ã©poca escolar que amenaza con destruir el tejido del tiempo. Junto a sus compaÃ±eros del parque, deben enfrentar a un antiguo profesor vengativo y salvar el universo. En el proceso, su amistad se pone a prueba al revelarse un secreto que cambiÃ³ sus vidas para siempre.	https://image.tmdb.org/t/p/w500/7eWLv7mxAKnFPqbtPOJy6iHb2Bx.jpg	AnimaciÃ³n, Comedia, Ciencia ficciÃ³n, Aventura	7.9	0	0";;
"Unicorn - Warriors Eternal	Unicornio: Los guerreros eternos	2023 - 2023	Sigue a un equipo de hÃ©roes antiguos que protegen al mundo de una fuerza siniestra. A lo largo de la historia, los unicornios han simbolizado la virtud, apareciendo para asegurar que reine la bondad. Cuando el despertar de estos hÃ©roes llega demasiado pronto, se encuentran en cuerpos de adolescentes.	https://image.tmdb.org/t/p/w500/oWpCC8Au6DcxoZvaBtfDsPaWsOG.jpg	AnimaciÃ³n, Action & Adventure, Drama, Sci-Fi & Fantasy	7.26	1	10";;
"Unicorn Wars [2022][1080p][1.34 Gb]	Unicorn Wars	2022	El ejÃ©rcito osito adoctrina a jÃ³venes reclutas para la guerra que libran contra los unicornios y amenaza la seguridad del pueblo osito. Los hermanos AzulÃ­n y Gordi, junto a un inexperto grupo de reclutas, serÃ¡n enviados a una peligrosa misiÃ³n para salvar el Bosque MÃ¡gico. Â¿EstarÃ¡n los ositos preparados para ello?	https://image.tmdb.org/t/p/w500/joOEYpfltqoqkaiQio24TUTntGM.jpg	AcciÃ³n, AnimaciÃ³n, FantasÃ­a, Terror, BÃ©lica	7.717	0	0";;
"Up [2009][1080p][4.24 Gb]	Up	2009	Tras atar miles de globos a su casa, Carl Fredricksen, un vendedor de globos jubilado, se embarca en el mundo de los sueÃ±os de la infancia. Pero sin que Carl lo sepa, Russell, un explorador de 8 aÃ±os, se encuentra en el lugar equivocado en el momento equivocado: el porche delantero de la casa. El dÃºo mÃ¡s improbable conoce a fantÃ¡sticos amigos como Dug, un perro con un collar especial que le permite hablar, y Kevin, un pÃ¡jaro de cuatro metros de altura que no vuela. Atrapados en la selva, Carl se da cuenta de que a veces las mayores aventuras de la vida son las que menos esperabas.	https://image.tmdb.org/t/p/w500/1N0LtzUueXrlnpL466jQBJ6iAuj.jpg	AnimaciÃ³n, Comedia, Familia, Aventura	7.961	0	0";;
"Vecinos Invasores [2006][1080p][3 3 Gb]	Vecinos invasores	2006	Cuando R.J. (un travieso mapache estafador), Verne (una tÃ­mida tortuga), y sus amigos del bosque descubren que alguien ha construido unas casas en su territorio, la primera reacciÃ³n de la tortuga es meterse en su caparazÃ³n y retroceder, pero el mapache oportunista se da cuenta de las posibilidades que ofrecen sus nuevos e ingenuos vecinos. Verne y R.J. formarÃ¡n una inesperada asociaciÃ³n mientras aprenden a coexistir con este extraÃ±o mundo llamado â€œurbanizaciÃ³nâ€, e incluso a explotarlo.	https://image.tmdb.org/t/p/w500/5lHMB2jwlQV43RBfT5g3BRGN0Tm.jpg	Aventura, AnimaciÃ³n, Comedia, Familia	6.597	0	0";;
"Vivo [2021][1080p][2.1 Gb]	Vivo	2021	Narra la vida de Vivo, un kinkajÃº (Â«oso de la mielÂ» de la selva tropical) dotado de un brillante talento para la mÃºsica, que busca la forma de viajar desde La Habana hasta Miami para entregarle una canciÃ³n al antiguo amor de su adorado dueÃ±o.	https://image.tmdb.org/t/p/w500/yzZFLQQnjJCgG8iYfcF4JqmdBMo.jpg	AnimaciÃ³n, Familia, Comedia, MÃºsica	7.253	0	0";;
"W.I.T.C.H	The Calling Witch	2026	Dos hermanos enfrentan el terror cuando una siniestra bruja, creada en los libros de su difunta madre, parece cobrar vida y acosarlos sin piedad.	https://image.tmdb.org/t/p/w500/q8o2NzIH4ze28NAVs1eRkejAJIk.jpg	Suspense, Terror, Drama	6.192	0	0";;
"Wallace & Gromit - The Curse of the Were-Rabbit [2005][1080p][1.9 Gb]	Wallace y Gromit: La maldiciÃ³n de las verduras	2005	Se acerca el Concurso Anual de Verduras Gigantes y se desata una â€œvegetalmanÃ­aâ€ en el pueblo de Wallace y Gromit. Los dos amigos, se estÃ¡n haciendo de oro con su invento, el sistema â€œAnti-Pestoâ€, una forma humanitaria de controlar a los conejos que intentan invadir los preciados huertos. De pronto, todo se viene abajo cuando una enorme, misteriosa y voraz â€œbestiaâ€ empieza a aterrorizar al vecindario, atacando los huertos de noche. La organizadora del Concurso, Lady Tottington, absolutamente desesperada, encarga a Anti-Pesto que capturen a la terrible criatura y salven el concurso. Pero Victor Quartermaine, el engreÃ­do pretendiente de Lady Tottington, estÃ¡ al acecho, decidido a matar a la bestia de un tiro para convertirse en hÃ©roe local y conseguir casarse con la rica heredera. El concurso estÃ¡ en juego, y Lady Tottington no tiene mÃ¡s remedio que dejar que Victor vaya detrÃ¡s de la voraz criatura, pero las verdaderas intenciones del cazador pueden tener graves consecuencias.	https://image.tmdb.org/t/p/w500/smYqt61tPAgjH9NZEYx5HJ0qTyQ.jpg	Aventura, AnimaciÃ³n, Comedia, Familia	7.1	0	0";;
"Wallace y Gromit La venganza se sirve con plumas [2024][1080p][1.69 Gb]	Wallace y Gromit: La venganza se sirve con plumas	2024	El superperro Gromit entra en acciÃ³n para salvar a su amo cuando Wallace pierde el control de su sofisticado invento y acaba acusado de una serie de crÃ­menes sospechosos.	https://image.tmdb.org/t/p/w500/e4YIxQEoz2lwZA3WLtFzAogxl44.jpg	Familia, Comedia, Aventura, AnimaciÃ³n	7.5	0	0";;
"Wall-E [2008][1080p][3.53 Gb]	El lobo de Wall Street	2013	PelÃ­cula basada en hechos reales del corredor de bolsa neoyorquino Jordan Belfort. A mediados de los aÃ±os 80, Belfort era un joven honrado que perseguÃ­a el sueÃ±o americano, pero pronto en la agencia de valores aprendiÃ³ que lo mÃ¡s importante no era hacer ganar a sus clientes, sino ser ambicioso y ganar una buena comisiÃ³n. Su enorme Ã©xito y fortuna le valiÃ³ el mote de ""El lobo de Wall Street"". Dinero. Poder. Mujeres. Drogas. Las tentaciones abundaban y el temor a la ley era irrelevante. Jordan y su manada de lobos consideraban que la discreciÃ³n era una cualidad anticuada";" nunca se conformaban con lo que tenÃ­an.	https://image.tmdb.org/t/p/w500/uthRoUeTtiep5HCoySlOjQSPCbJ.jpg	Crimen, Drama, Comedia	8.0	0	0";
"Watchmen - Chapter I [2024][1080p][5.24 Gb]	Watchmen: CapÃ­tulo 1	2024	En 1985, el asesinato de un superhÃ©roe patrocinado por el gobierno saca a sus colegas proscritos de su retiro y los lleva a un misterio que amenaza con trastocar sus vidas personales y el mundo mismo.	https://image.tmdb.org/t/p/w500/9xCQvNou4ghf3GKAEpiq2onXzlG.jpg	AnimaciÃ³n, Drama, Ciencia ficciÃ³n	7.388	0	0";;
"Watchmen - Chapter II [2024][1080p][2.30 Gb]	Watchmen: CapÃ­tulo 2	2024	Sospechosos de los acontecimientos que envuelven a sus antiguos compaÃ±eros, Nite Owl y Silk Spectre se ven obligados a salir de su retiro para investigar. Mientras lidian con la Ã©tica personal, los demonios internos y una sociedad que se ha vuelto contra ellos, corren contra el reloj para descubrir un complot cada vez mÃ¡s profundo que podrÃ­a desencadenar una guerra nuclear global	https://image.tmdb.org/t/p/w500/mIYN3HP6U2X7ZkDXT8xM47tXvOx.jpg	AnimaciÃ³n, Misterio, Ciencia ficciÃ³n, Drama	7.3	0	0";;
"What If	What If?	2023		https://image.tmdb.org/t/p/w500/9dp0LlnahtNMwVk673H9fd1fat3.jpg	Drama, Romance	6.2	0	0";;
"Winx Club	Winx Club: El secreto del reino perdido	2007	Hace 16 aÃ±os, los magos guerreros mÃ¡s poderosos de la DimensiÃ³n MÃ¡gica se sacrificaron para luchar contra el mal absoluto. Ahora, el destino de todo un reino se encuentra en manos de una joven muchacha: Bloom, el hada con el signo del DragÃ³n. AcompaÃ±ada como siempre por sus amigas del Winx Club, Bloom debe enfrentarse a su mayor desafÃ­o: debe entrar en la dimensiÃ³n oscura y luchar contra el mal absoluto con el fin de devolver a sus padres a la vida y revelar finalmente el misterio vinculado a sus orÃ­genes. Â¿ConseguirÃ¡n Bloom, Flora, Stella, Aisha, Musa y Tecna derrotar a las criaturas mÃ¡s terrorÃ­ficas de sus pesadillas y encontrar al Ãºltimo rey de Domino? Â¿Y podrÃ¡ Bloom salvar el reino perdido y convertirse en Princesa de Domino?	https://image.tmdb.org/t/p/w500/yowrgcOqxXNY82YVx2pyrLLcrp7.jpg	FantasÃ­a, AnimaciÃ³n, Familia	7.2	0	0";;
"Wish [2023][1080p][3.45 Gb]	Wish: El poder de los deseos	2023	Asha y una pequeÃ±a bola de energÃ­a ilimitada llamada Star demuestran que cuando la voluntad de un ser humano valiente se conecta con la magia de las estrellas, pueden suceder cosas maravillosas.	https://image.tmdb.org/t/p/w500/1VXMrUioKfPAPSsezHKexx77Dbz.jpg	AnimaciÃ³n, Familia, FantasÃ­a, Aventura	6.223	0	0";;
"WondLa	WondLa	2024 - 2025	Obligada a salir de su santuario subterrÃ¡neo a la superficie terrestre, Eva descubre un mundo que no se parece en nada a lo que esperaba. Mientras viaja por terrenos peligrosos y civilizaciones desconocidas, Eva busca la respuesta a la pregunta mÃ¡s crucial de todas... Â¿Es ella la Ãºltima humana?	https://image.tmdb.org/t/p/w500/4AvnnGriNFwGYEwsJcTEu4Ardpu.jpg	AnimaciÃ³n, Sci-Fi & Fantasy, Familia	7.479	3	20";;
"X-Men - Evolution	Evolution X - The Making of X-Men	2003		https://image.tmdb.org/t/p/w500/8J4SjqPQHD2Si8SPjScstzNXapf.jpg	Documental	4.5	0	0";;
"X-Men '97	Reunidos: asÃ­ se hizo X-Men 97	2024	A principios de los noventa, ""X-Men: La serie animada"" se estrenÃ³ en televisiÃ³n e impactÃ³ a millones de espectadores Ã¡vidos de ver algo distinto. A diferencia de las series de animaciÃ³n que la precedieron, esta exploraba temas como los prejuicios y la justicia social. Pasa un rato con el reparto original y con algunas voces nuevas en este ""Reunidos"", que repasa el nacimiento de ""La serie animada"" y analiza su regreso 30 aÃ±os despuÃ©s como ""X-Men '97"".	https://image.tmdb.org/t/p/w500/9ugvRgNnWreFQUryf5z4Xl89yh7.jpg	Documental	5.8	0	0";;
"Your Friendly Neighborhood Spider-Man	Tu amigo y vecino Spider-Man	2025 - 2025	Peter Parker estÃ¡ destinado a ser un hÃ©roe, pero antes tendrÃ¡ que recorrer un insÃ³lito camino.	https://image.tmdb.org/t/p/w500/aSe4aB8tiPQMoQt9B4SKFgIymwL.jpg	AnimaciÃ³n, Action & Adventure, Sci-Fi & Fantasy, Comedia	7.806	1	10";;
"Zootopia [2016][1080p][2.64 Gb]	ZootrÃ³polis	2016	La moderna metrÃ³poli mamÃ­fera de ZootrÃ³polis es una ciudad absolutamente Ãºnica. EstÃ¡ compuesta de barrios con diferentes hÃ¡bitats como la lujosa Plaza Sahara, el Distrito Selva Tropical y el gÃ©lido Distrito Tundra. Es un crisol donde los animales de cada entorno conviven, un lugar donde no importa lo que seas. De hecho puedes ser cualquier cosa, desde un elefante enorme hasta la musaraÃ±a mÃ¡s diminuta. Pero cuando llega la optimista agente Judy Hopps, descubre que ser la primera conejita de un cuerpo policial compuesto de animales duros y enormes no es nada fÃ¡cil. Pero estÃ¡ decidida a demostrar su valÃ­a y se mete de cabeza en un caso, a pesar de que eso significa trabajar con Nick Wilde, un zorro parlanchÃ­n y estafador, para resolver el misterio.	https://image.tmdb.org/t/p/w500/4zIlT48TgNLuJpUtFOkFITHoCQE.jpg	AnimaciÃ³n, Aventura, Familia, Comedia	7.762	0	0";;
